"菌种","基因组编号","文献链接","文献名称","发表时间","PMID"
"Lactiplantibacillus plantarum WHE 92","GCA_000604145.1","https://pubmed.ncbi.nlm.nih.gov/36571922/;https://pubmed.ncbi.nlm.nih.gov/40749709/;https://pubmed.ncbi.nlm.nih.gov/40269965/;https://pubmed.ncbi.nlm.nih.gov/38841895/;https://pubmed.ncbi.nlm.nih.gov/40114208/;https://pubmed.ncbi.nlm.nih.gov/19309013/;https://pubmed.ncbi.nlm.nih.gov/21447177/","A novel approach to Lactiplantibacillus plantarum: From probiotic properties to the omics insights.; Harnessing Lactiplantibacillus plantarum EP21 and its membrane vesicles to inhibit myopia development.; Lactiplantibacillus plantarum -derived extracellular vesicles alleviate acute lung injury by inhibiting ferroptosis of macrophages.; Enhancing social behavior in an autism spectrum disorder mouse model: investigating the underlying mechanisms of Lactiplantibacillus plantarum intervention.; Reducing severity of inflammatory bowel disease through colonization of Lactiplantibacillus plantarum and its extracellular vesicles release.; 2-DE and MS analysis of key proteins in the adhesion of Lactobacillus plantarum, a first step toward early selection of probiotics based on bacterial biomarkers.; Comparative proteomic analysis of Lactobacillus plantarum for the identification of key proteins in bile tolerance.","2023;2025;2025;2024;2025;2009;2011","36571922;40749709;40269965;38841895;40114208;19309013;21447177"
"Lactiplantibacillus plantarum","GCA_002028365.1","https://pubmed.ncbi.nlm.nih.gov/30302554/","Adhesion-Related Immunomodulatory Activity of the Screened Lactobacillus plantarum from Sichuan Pickle.","2019","30302554"
"Ligilactobacillus salivarius","GCA_013401865.1","https://pubmed.ncbi.nlm.nih.gov/33114778/","Selection of Immunobiotic Ligilactobacillus salivarius Strains from the Intestinal Tract of Wakame-Fed Pigs: Functional and Genomic Studies.","2020","33114778"
"Ligilactobacillus salivarius","GCA_013401905.1","https://pubmed.ncbi.nlm.nih.gov/33114778/","Selection of Immunobiotic Ligilactobacillus salivarius Strains from the Intestinal Tract of Wakame-Fed Pigs: Functional and Genomic Studies.","2020","33114778"
"Ligilactobacillus salivarius","GCA_013401915.1","https://pubmed.ncbi.nlm.nih.gov/33114778/;https://pubmed.ncbi.nlm.nih.gov/33363529/","Selection of Immunobiotic Ligilactobacillus salivarius Strains from the Intestinal Tract of Wakame-Fed Pigs: Functional and Genomic Studies.; Functional and Genomic Characterization of Ligilactobacillus salivarius TUCO-L2 Isolated From Lama glama Milk: A Promising Immunobiotic Strain to Combat Infections.","2020;2020","33114778;33363529"
"Enterococcus faecium","GCA_015397425.1","https://pubmed.ncbi.nlm.nih.gov/31741537/","Isolation of Enterococcus faecium, characterization of its antimicrobial metabolites and viability in probiotic Minas Frescal cheese.","2019","31741537"
"Enterococcus faecium","GCA_015402545.1","https://pubmed.ncbi.nlm.nih.gov/33343539/","Isolation of Novel Probiotic Lactobacillus and Enterococcus Strains From Human Salivary and Fecal Sources.","2020","33343539"
"Enterococcus faecium","GCA_018311855.1","https://pubmed.ncbi.nlm.nih.gov/41763213/;https://pubmed.ncbi.nlm.nih.gov/40934987/;https://pubmed.ncbi.nlm.nih.gov/11449853/;https://pubmed.ncbi.nlm.nih.gov/30309968/;https://pubmed.ncbi.nlm.nih.gov/40748505/;https://pubmed.ncbi.nlm.nih.gov/32509542/","Gut microbiota immaturity with DL-endopeptidase deficiency links antibiotic use to preterm late-onset sepsis.; Novel Enterococcus faecium P2 as a probiotic for mitigating Clostridioides difficile infection.; Probiotics: ""living drugs"".; Enlisting commensal microbes to resist antibiotic-resistant pathogens.; Probiotic potential and antimicrobial efficacy of a dairy isolate, Enterococcus faecium MBBL3.; Using Potential Lactic Acid Bacteria Biofilms and their Compounds to Control Biofilms of Foodborne Pathogens.","2026;2025;2001;2019;2025;2020","41763213;40934987;11449853;30309968;40748505;32509542"
"Enterococcus faecium","GCA_018311895.1","https://pubmed.ncbi.nlm.nih.gov/41763213/;https://pubmed.ncbi.nlm.nih.gov/40934987/;https://pubmed.ncbi.nlm.nih.gov/11449853/;https://pubmed.ncbi.nlm.nih.gov/30309968/;https://pubmed.ncbi.nlm.nih.gov/40748505/;https://pubmed.ncbi.nlm.nih.gov/36496711/","Gut microbiota immaturity with DL-endopeptidase deficiency links antibiotic use to preterm late-onset sepsis.; Novel Enterococcus faecium P2 as a probiotic for mitigating Clostridioides difficile infection.; Probiotics: ""living drugs"".; Enlisting commensal microbes to resist antibiotic-resistant pathogens.; Probiotic potential and antimicrobial efficacy of a dairy isolate, Enterococcus faecium MBBL3.; Investigating the Probiotic Properties and Antimicrobial Activity of Lactic Acid Bacteria Isolated from an Iranian Fermented Dairy Product, Kashk.","2026;2025;2001;2019;2025;2022","41763213;40934987;11449853;30309968;40748505;36496711"
"Lactiplantibacillus plantarum","GCA_021893925.1","https://pubmed.ncbi.nlm.nih.gov/21700007/","Diversity of lactic acid bacteria associated with traditional fermented dairy products in Mongolia.","2011","21700007"
"Escherichia coli","GCA_023053845.1","https://pubmed.ncbi.nlm.nih.gov/35232591/;https://pubmed.ncbi.nlm.nih.gov/32752183/;https://pubmed.ncbi.nlm.nih.gov/41813901/;https://pubmed.ncbi.nlm.nih.gov/41017573/;https://pubmed.ncbi.nlm.nih.gov/39122688/;https://pubmed.ncbi.nlm.nih.gov/12170308/;https://pubmed.ncbi.nlm.nih.gov/18279557/;https://pubmed.ncbi.nlm.nih.gov/35022453/","Emerging strategies for engineering Escherichia coli Nissle 1917-based therapeutics.; Cranberry Polyphenols and Prevention against Urinary Tract Infections: Relevant Considerations.; Natural maternal immunity protects neonates from Escherichia coli sepsis.; An Inflammation-Targeting Engineered Probiotic Escherichia coli Nissle 1917 with High Anti-TNF-α Nanobody Secretion Efficacy Alleviates Ulcerative Colitis.; Engineered probiotic Escherichia coli elicits immediate and long-term protection against influenza A virus in mice.; Effects of asparaginase and polyphenol oxidase on adhesive characteristics of microorganisms.; In vitro and in vivo effects of the probiotic Escherichia coli strain M-17: immunomodulation and attenuation of murine colitis.; Strain specific motility patterns and surface adhesion of virulent and probiotic Escherichia coli.","2022;2020;2026;2025;2024;2002;2008;2022","35232591;32752183;41813901;41017573;39122688;12170308;18279557;35022453"
"Limosilactobacillus vaginalis","GCA_029866865.1","https://pubmed.ncbi.nlm.nih.gov/37892507/;https://pubmed.ncbi.nlm.nih.gov/33919838/","Limosilactobacillus vaginalis Exerts Bifidogenic Effects: A Novel Postbiotic Strategy for Infant Prebiotic Supplementation.; Probiotic and Metabolic Characterization of Vaginal Lactobacilli for a Potential Use in Functional Foods.","2023;2021","37892507;33919838"
"Escherichia coli str. K-12 substr. MG1655","GCF_000005845.2","https://pubmed.ncbi.nlm.nih.gov/35232591/;https://pubmed.ncbi.nlm.nih.gov/32752183/;https://pubmed.ncbi.nlm.nih.gov/41813901/;https://pubmed.ncbi.nlm.nih.gov/41017573/;https://pubmed.ncbi.nlm.nih.gov/39122688/;https://pubmed.ncbi.nlm.nih.gov/16351713/;https://pubmed.ncbi.nlm.nih.gov/21379575/","Emerging strategies for engineering Escherichia coli Nissle 1917-based therapeutics.; Cranberry Polyphenols and Prevention against Urinary Tract Infections: Relevant Considerations.; Natural maternal immunity protects neonates from Escherichia coli sepsis.; An Inflammation-Targeting Engineered Probiotic Escherichia coli Nissle 1917 with High Anti-TNF-α Nanobody Secretion Efficacy Alleviates Ulcerative Colitis.; Engineered probiotic Escherichia coli elicits immediate and long-term protection against influenza A virus in mice.; The host response to the probiotic Escherichia coli strain Nissle 1917: specific up-regulation of the proinflammatory chemokine MCP-1.; E. coli Nissle 1917 Affects Salmonella adhesion to porcine intestinal epithelial cells.","2022;2020;2026;2025;2024;2005;2011","35232591;32752183;41813901;41017573;39122688;16351713;21379575"
"Bifidobacterium longum NCC2705","GCF_000007525.1","https://pubmed.ncbi.nlm.nih.gov/17183207/;https://pubmed.ncbi.nlm.nih.gov/16549425/;https://pubmed.ncbi.nlm.nih.gov/18027903/;https://pubmed.ncbi.nlm.nih.gov/23234728/;https://pubmed.ncbi.nlm.nih.gov/18083875/;https://pubmed.ncbi.nlm.nih.gov/18330633/;https://pubmed.ncbi.nlm.nih.gov/19178541/;https://pubmed.ncbi.nlm.nih.gov/19304838/;https://pubmed.ncbi.nlm.nih.gov/20208019/;https://pubmed.ncbi.nlm.nih.gov/21257307/;https://pubmed.ncbi.nlm.nih.gov/25994292/","Sugar transport systems of Bifidobacterium longum NCC2705.; A proteome reference map and proteomic analysis of Bifidobacterium longum NCC2705.; Analysis of host-inducing proteome changes in bifidobacterium longum NCC2705 grown in Vivo.; Transcriptome analysis and physiology of Bifidobacterium longum NCC2705 cells under continuous culture conditions.; Gnotobiotic mouse immune response induced by Bifidobacterium sp. strains isolated from infants.; Resistance to simulated gastrointestinal conditions and adhesion to mucus as probiotic criteria for Bifidobacterium longum strains.; Conditioned polarized Caco-2 cell monolayers allow to discriminate for the ability of gut-derived microorganisms to modulate permeability and antigen-induced basophil degranulation.; Bile-inducible efflux transporter from Bifidobacterium longum NCC2705, conferring bile resistance.; Characterization of immunostimulatory CpG-rich sequences from different Bifidobacterium species.; Improved tolerance to bile salts of aggregated Bifidobacterium longum produced during continuous culture with immobilized cells.; Production of biologically active scFv and VHH antibody fragments in Bifidobacterium longum.","2007;2006;2008;2012;2008;2008;2009;2009;2010;2011;2015","17183207;16549425;18027903;23234728;18083875;18330633;19178541;19304838;20208019;21257307;25994292"
"Enterococcus faecalis V583","GCF_000007785.1","https://pubmed.ncbi.nlm.nih.gov/25966618/;https://pubmed.ncbi.nlm.nih.gov/22348541/","IS256 abolishes gelatinase activity and biofilm formation in a mutant of the nosocomial pathogen Enterococcus faecalis V583.; In vitro comparison of commensal, probiotic and pathogenic strains of Enterococcus faecalis.","2015;2012","25966618;22348541"
"Lactobacillus johnsonii NCC 533","GCF_000008065.1","https://pubmed.ncbi.nlm.nih.gov/20808516/;https://pubmed.ncbi.nlm.nih.gov/28721083/;https://pubmed.ncbi.nlm.nih.gov/18408060/;https://pubmed.ncbi.nlm.nih.gov/23468944/;https://pubmed.ncbi.nlm.nih.gov/12496193/;https://pubmed.ncbi.nlm.nih.gov/16368998/;https://pubmed.ncbi.nlm.nih.gov/17234293/;https://pubmed.ncbi.nlm.nih.gov/18435747/;https://pubmed.ncbi.nlm.nih.gov/21318359/;https://pubmed.ncbi.nlm.nih.gov/21821758/;https://pubmed.ncbi.nlm.nih.gov/26078118/","Probiotics for photoprotection.; Effect of a lotion containing the heat-treated probiotic strain Lactobacillus johnsonii NCC 533 on Staphylococcus aureus colonization in atopic dermatitis.; The probiotic Lactobacillus johnsonii NCC 533 produces high-molecular-mass inulin from sucrose by using an inulosucrase enzyme.; Oxygen relieves the CO2 and acetate dependency of Lactobacillus johnsonii NCC 533.; Divergent patterns of colonization and immune response elicited from two intestinal Lactobacillus strains that display similar properties in vitro.; GroEL of Lactobacillus johnsonii La1 (NCC 533) is cell surface associated: potential role in interactions with the host and the gastric pathogen Helicobacter pylori.; The effect of calcium ions on adhesion and competitive exclusion of Lactobacillus ssp. and E. coli O138.; Hydrogen peroxide production by Lactobacillus johnsonii NCC 533 and its role in anti-Salmonella activity.; An in vitro protocol for direct isolation of potential probiotic lactobacilli from raw bovine milk and traditional fermented milks.; Modification of the technical properties of Lactobacillus johnsonii NCC 533 by supplementing the growth medium with unsaturated fatty acids.; In vitro activity of commercial probiotic Lactobacillus strains against uropathogenic Escherichia coli.","2009;2017;2008;2013;2003;2006;2007;2008;2011;2011;2015","20808516;28721083;18408060;23468944;12496193;16368998;17234293;18435747;21318359;21821758;26078118"
"Ligilactobacillus salivarius UCC118","GCF_000008925.1","https://pubmed.ncbi.nlm.nih.gov/35889102/;https://pubmed.ncbi.nlm.nih.gov/23192019/;https://pubmed.ncbi.nlm.nih.gov/11932444/;https://pubmed.ncbi.nlm.nih.gov/16751526/;https://pubmed.ncbi.nlm.nih.gov/16771855/;https://pubmed.ncbi.nlm.nih.gov/17416691/;https://pubmed.ncbi.nlm.nih.gov/17456596/;https://pubmed.ncbi.nlm.nih.gov/17537177/;https://pubmed.ncbi.nlm.nih.gov/19241519/;https://pubmed.ncbi.nlm.nih.gov/19523775/;https://pubmed.ncbi.nlm.nih.gov/19528183/;https://pubmed.ncbi.nlm.nih.gov/19590072/;https://pubmed.ncbi.nlm.nih.gov/22610429/","Lactobacillus salivarius UCC118™ Dampens Inflammation and Promotes Microbiota Recovery to Provide Therapeutic Benefit in a DSS-Induced Colitis Model.; Structure of ribose 5-phosphate isomerase from the probiotic bacterium Lactobacillus salivarius UCC118.; Characterization of the genetic locus responsible for the production of ABP-118, a novel bacteriocin produced by the probiotic bacterium Lactobacillus salivarius subsp. salivarius UCC118.; Comparative and functional analysis of sortase-dependent proteins in the predicted secretome of Lactobacillus salivarius UCC118.; Functional modulation of human intestinal epithelial cell responses by Bifidobacterium infantis and Lactobacillus salivarius.; Salivaricin P, one of a family of two-component antilisterial bacteriocins produced by intestinal isolates of Lactobacillus salivarius.; Bacteriocin production as a mechanism for the antiinfective activity of Lactobacillus salivarius UCC118.; Impact of selected Lactobacillus and Bifidobacterium species on Listeria monocytogenes infection and the mucosal immune response.; Isolation of lactobacilli with probiotic properties from the human stomach.; Portrait of a canine probiotic Bifidobacterium--from gut to gut.; Lactobacillus salivarius modulates cytokine induction and virulence factor gene expression in Helicobacter pylori.; Screening of lactic acid bacteria toward their selection as a source of chicken probiotic.; Influence of adhesion and bacteriocin production by Lactobacillus salivarius on the intestinal epithelial cell transcriptional response.","2022;2012;2002;2006;2006;2007;2007;2007;2008;2009;2009;2009;2012","35889102;23192019;11932444;16751526;16771855;17416691;17456596;17537177;19241519;19523775;19528183;19590072;22610429"
"Bacillus subtilis subsp. subtilis str. 168","GCF_000009045.1","https://pubmed.ncbi.nlm.nih.gov/40516464/;https://pubmed.ncbi.nlm.nih.gov/35398797/;https://pubmed.ncbi.nlm.nih.gov/32907948/;https://pubmed.ncbi.nlm.nih.gov/42184531/;https://pubmed.ncbi.nlm.nih.gov/15220667/;https://pubmed.ncbi.nlm.nih.gov/28270576/","An integrated microbial genome-wide association studies-based characterization of nitric oxide homeostasis by probiotic Bacillus subtilis on aging and neurodegeneration using Caenorhabditis elegans and mouse models.; Novel mechanisms of selenite reduction in Bacillus subtilis 168：Confirmation of multiple-pathway mediated remediation based on transcriptome analysis.; Oxalate-Degrading Bacillus subtilis Mitigates Urolithiasis in a Drosophila melanogaster Model.; Synergistic engineering of a GRAS-certified strain: Transforming Bacillus subtilis 168 into a high-performance nicotine scavenger.; Bacillus clausii probiotic strains: antimicrobial and immunomodulatory activities.; Bacillus subtilis and surfactin inhibit the transmissible gastroenteritis virus from entering the intestinal epithelial cells.","2025;2022;2020;2026;2004;2017","40516464;35398797;32907948;42184531;15220667;28270576"
"Limosilactobacillus reuteri subsp. reuteri JCM 1112","GCF_000010005.1","https://pubmed.ncbi.nlm.nih.gov/11821231/;https://pubmed.ncbi.nlm.nih.gov/12200334/","Inhibition of binding of Helicobacter pylori to the glycolipid receptors by probiotic Lactobacillus reuteri.; Cholesterol assimilation by lactic acid bacteria and bifidobacteria isolated from the human gut.","2002;2002","11821231;12200334"
"Limosilactobacillus fermentum IFO 3956","GCF_000010145.1","https://pubmed.ncbi.nlm.nih.gov/33764849/;https://pubmed.ncbi.nlm.nih.gov/40028723/;https://pubmed.ncbi.nlm.nih.gov/41254951/;https://pubmed.ncbi.nlm.nih.gov/39242568/;https://pubmed.ncbi.nlm.nih.gov/22003019/","Limosilactobacillus fermentum JL-3 isolated from ""Jiangshui"" ameliorates hyperuricemia by degrading uric acid.; Extracellular vesicles of Limosilactobacillus fermentum SLAM216 ameliorate skin symptoms of atopic dermatitis by regulating gut microbiome on serotonin metabolism.; The probiotic Limosilactobacillus fermentum CECT5716 enhances the antihypertensive response to hydrochlorothiazide in spontaneously hypertensive rats.; A probiotic Limosilactobacillus fermentum GR-3 mitigates colitis-associated tumorigenesis in mice via modulating gut microbiome.; Genetic screening of functional properties of lactic acid bacteria in a fermented pearl millet slurry and in the metagenome of fermented starchy foods.","2021;2025;2025;2024;2011","33764849;40028723;41254951;39242568;22003019"
"Bifidobacterium adolescentis ATCC 15703","GCF_000010425.1","https://pubmed.ncbi.nlm.nih.gov/29633635/;https://pubmed.ncbi.nlm.nih.gov/31762999/;https://pubmed.ncbi.nlm.nih.gov/20208019/","Prophylactic Bifidobacterium adolescentis ATTCC 15703 supplementation reduces partially allergic airway disease in Balb/c but not in C57BL/6 mice.; Combining of transcriptome and metabolome analyses for understanding the utilization and metabolic pathways of Xylo-oligosaccharide in Bifidobacterium adolescentis ATCC 15703.; Characterization of immunostimulatory CpG-rich sequences from different Bifidobacterium species.","2018;2019;2010","29633635;31762999;20208019"
"Lactobacillus acidophilus NCFM","GCF_000011985.1","https://pubmed.ncbi.nlm.nih.gov/37621875/;https://pubmed.ncbi.nlm.nih.gov/28466641/;https://pubmed.ncbi.nlm.nih.gov/41300111/;https://pubmed.ncbi.nlm.nih.gov/40689613/;https://pubmed.ncbi.nlm.nih.gov/11132841/;https://pubmed.ncbi.nlm.nih.gov/16332821/;https://pubmed.ncbi.nlm.nih.gov/17449631/;https://pubmed.ncbi.nlm.nih.gov/18034741/;https://pubmed.ncbi.nlm.nih.gov/19047644/;https://pubmed.ncbi.nlm.nih.gov/19264370/;https://pubmed.ncbi.nlm.nih.gov/19714743/;https://pubmed.ncbi.nlm.nih.gov/19748697/;https://pubmed.ncbi.nlm.nih.gov/20373994/;https://pubmed.ncbi.nlm.nih.gov/20452078/;https://pubmed.ncbi.nlm.nih.gov/20545783/;https://pubmed.ncbi.nlm.nih.gov/20559014/;https://pubmed.ncbi.nlm.nih.gov/20971874/;https://pubmed.ncbi.nlm.nih.gov/21276627/;https://pubmed.ncbi.nlm.nih.gov/21282652/;https://pubmed.ncbi.nlm.nih.gov/21784546/;https://pubmed.ncbi.nlm.nih.gov/21837773/;https://pubmed.ncbi.nlm.nih.gov/21889358/;https://pubmed.ncbi.nlm.nih.gov/22247154/;https://pubmed.ncbi.nlm.nih.gov/22357649/;https://pubmed.ncbi.nlm.nih.gov/23351891/;https://pubmed.ncbi.nlm.nih.gov/23728791/;https://pubmed.ncbi.nlm.nih.gov/30284741/;https://pubmed.ncbi.nlm.nih.gov/33372378/;https://pubmed.ncbi.nlm.nih.gov/33961206/;https://pubmed.ncbi.nlm.nih.gov/34946146/;https://pubmed.ncbi.nlm.nih.gov/35094300/;https://pubmed.ncbi.nlm.nih.gov/36838294/;https://pubmed.ncbi.nlm.nih.gov/36914312/;https://pubmed.ncbi.nlm.nih.gov/37204589/","Lactobacillus acidophilus NCFM and Lactiplantibacillus plantarum Lp-115 inhibit Helicobacter pylori colonization and gastric inflammation in a murine model.; Prebiotic Galactooligosaccharide Metabolism by Probiotic Lactobacilli and Bifidobacteria.; Probiotics Attenuate Food Allergy via Short-Chain Fatty Acids-Mediated Immune Modulation and Gut Barrier Restoration.; Differential modulation of post-antibiotic colonization resistance to Clostridioides difficile by two probiotic Lactobacillus strains.; Characterization and purification of a bacteriocin produced by a potential probiotic culture, Lactobacillus acidophilus 30SC.; Functional analysis of putative adhesion factors in Lactobacillus acidophilus NCFM.; Characterization of a novel bile-inducible operon encoding a two-component regulatory system in Lactobacillus acidophilus.; Acid, bile, and heat tolerance of free and microencapsulated probiotic bacteria.; S layer protein A of Lactobacillus acidophilus NCFM regulates immature dendritic cell and T cell functions.; Differential crosstalk between epithelial cells, dendritic cells and bacteria in a co-culture model.; Antigen-presenting cells exposed to Lactobacillus acidophilus NCFM, Bifidobacterium bifidum BI-98, and BI-504 reduce regulatory T cell activity.; AI-2 signalling is induced by acidic shock in probiotic strains of Lactobacillus spp.; Porcine small intestinal epithelial cell line (IPEC-J2) of rotavirus infection as a new model for the study of innate immune responses to rotaviruses and probiotics.; Probiotic properties of non-conventional lactic acid bacteria: immunomodulation by Oenococcus oeni.; Lactobacillus acidophilus induces virus immune defence genes in murine dendritic cells by a Toll-like receptor-2-dependent mechanism.; Transcriptional analysis of genes associated with stress and adhesion in Lactobacillus acidophilus NCFM during the passage through an in vitro gastrointestinal tract model.; Promising immunomodulatory effects of selected strains of dairy propionibacteria as evidenced in vitro and in vivo.; Survivability of probiotics encapsulated in alginate gel microbeads using a novel impinging aerosols method.; Regulation of induced colonic inflammation by Lactobacillus acidophilus deficient in lipoteichoic acid.; The quorum sensing luxS gene is induced in Lactobacillus acidophilus NCFM in response to Listeria monocytogenes.; Anti-inflammatory properties of dairy lactobacilli.; Lactobacilli and bifidobacteria induce differential interferon-β profiles in dendritic cells.; Contribution of surface β-glucan polysaccharide to physicochemical and immunomodulatory properties of Propionibacterium freudenreichii.; Lactobacillus acidophilus induces cytokine and chemokine production via NF-κB and p38 mitogen-activated protein kinase signaling pathways in intestinal epithelial cells.; Inhibition of HIV and HSV infection by vaginal lactobacilli in vitro and in vivo.; Modulation of anti-inflammatory response in lipopolysaccharide stimulated human THP-1 cell line and mouse model at gene expression level with indigenous putative probiotic lactobacilli.; Probiotics alter the immune response of gingival epithelial cells challenged by Porphyromonas gingivalis.; Lactobacilli postbiotics reduce biofilm formation and alter transcription of virulence genes of Aggregatibacter actinomycetemcomitans.; Selection and Characterization of Probiotic Bacteria Exhibiting Antiadipogenic Potential in 3T3-L1 Preadipocytes.; Characterization of the Probiotic Potential of Lactic Acid Bacteria Isolated from Kimchi, Yogurt, and Baby Feces in Hong Kong and Their Performance in Soymilk Fermentation.; Probiotic activity traits in vitro and production of antimicrobial peptides by Lactobacillaceae isolates from pulque using Lactobacillus acidophilus NCFM as control.; In Vitro Screen of Lactobacilli Strains for Gastrointestinal and Vaginal Benefits.; Development of innovative fermented products by exploiting the diversity of immunomodulatory properties and fermentative activity of lactic and propionic acid bacteria.; Identification and Characterization of Probiotic Lactiplantibacillus plantarum BI-59.1 Isolated from tejuino and Its Capacity to Produce Biofilms.","2023;2017;2025;2025;2000;2005;2007;2007;2008;2009;2010;2009;2010;2010;2010;2010;2010;2011;2011;2011;2012;2011;2012;2012;2012;2013;2019;2021;2022;2021;2022;2023;2023;2023","37621875;28466641;41300111;40689613;11132841;16332821;17449631;18034741;19047644;19264370;19714743;19748697;20373994;20452078;20545783;20559014;20971874;21276627;21282652;21784546;21837773;21889358;22247154;22357649;23351891;23728791;30284741;33372378;33961206;34946146;35094300;36838294;36914312;37204589"
"Lactobacillus gasseri ATCC 33323 = JCM 1131","GCF_000014425.1","https://pubmed.ncbi.nlm.nih.gov/33206342/;https://pubmed.ncbi.nlm.nih.gov/15933002/;https://pubmed.ncbi.nlm.nih.gov/21837773/;https://pubmed.ncbi.nlm.nih.gov/22177712/;https://pubmed.ncbi.nlm.nih.gov/23351891/;https://pubmed.ncbi.nlm.nih.gov/35781865/;https://pubmed.ncbi.nlm.nih.gov/37317238/","Effects of a Potential Probiotic Strain Lactobacillus gasseri ATCC 33323 on Helicobacter pylori-Induced Inflammatory Response and Gene Expression in Coinfected Gastric Epithelial Cells.; Survival of probiotic lactobacilli in acidic environments is enhanced in the presence of metabolizable sugars.; Anti-inflammatory properties of dairy lactobacilli.; In vitro testing of commercial and potential probiotic lactic acid bacteria.; Inhibition of HIV and HSV infection by vaginal lactobacilli in vitro and in vivo.; Comparison of probiotic Lactobacillus strains isolated from dairy and Iranian traditional food products with those from human source on intestinal microbiota using BALB/C mice model.; Probiotic Properties and Antioxidant Activity In Vitro of Lactic Acid Bacteria.","2021;2005;2012;2012;2012;2022;2023","33206342;15933002;21837773;22177712;23351891;35781865;37317238"
"Leuconostoc mesenteroides subsp. mesenteroides ATCC 8293","GCF_000014445.1","https://pubmed.ncbi.nlm.nih.gov/42414296/;https://pubmed.ncbi.nlm.nih.gov/36306428/;https://pubmed.ncbi.nlm.nih.gov/34671923/;https://pubmed.ncbi.nlm.nih.gov/34531482/;https://pubmed.ncbi.nlm.nih.gov/37680119/;https://pubmed.ncbi.nlm.nih.gov/22003019/","Gut-derived cinnamic acid limits allergic airway inflammation via the SAT1-spermidine-eIF5A hypusination axis.; Characterization of Leuconostoc mesenteroides MJM60376 as an oral probiotic and its antibiofilm activity.; Isolation and Identification of Potential Probiotic Bacteria from Human Milk.; A potential probiotic Leuconostoc mesenteroides TBE-8 for honey bee.; Leuconostoc mesenteroides WHH1141 ameliorates ovalbumin-induced food allergy in mice.; Genetic screening of functional properties of lactic acid bacteria in a fermented pearl millet slurry and in the metagenome of fermented starchy foods.","2026;2023;2023;2021;2023;2011","42414296;36306428;34671923;34531482;37680119;22003019"
"Levilactobacillus brevis ATCC 367","GCF_000014465.1","https://pubmed.ncbi.nlm.nih.gov/38742994/;https://pubmed.ncbi.nlm.nih.gov/39798036/;https://pubmed.ncbi.nlm.nih.gov/37447381/;https://pubmed.ncbi.nlm.nih.gov/38179912/;https://pubmed.ncbi.nlm.nih.gov/36673393/;https://pubmed.ncbi.nlm.nih.gov/27833605/;https://pubmed.ncbi.nlm.nih.gov/30795551/;https://pubmed.ncbi.nlm.nih.gov/37261620/","Supplementation with a Probiotic Formula Having β-Glucuronidase Activity Modulates Serum Estrogen Levels in Healthy Peri- and Postmenopausal Women.; Effect of Probiotics on the Symptomatology of Autism Spectrum Disorder and/or Attention Deficit/Hyperactivity Disorder in Children and Adolescents: Pilot Study.; Looking for the Ideal Probiotic Healing Regime.; Complete genome sequence of Levilactobacillus brevis NSMJ23, makgeolli isolate with antimicrobial activity.; Gamma-Aminobutyric Acid-Producing Levilactobacillus brevis Strains as Probiotics in Litchi Juice Fermentation.; Lactobacillus fermentum ATCC 23271 Displays In vitro Inhibitory Activities against Candida spp.; In Vitro Antimicrobial Activity and Probiotic Potential of Bifidobacterium and Lactobacillus against Species of Clostridium.; Antagonistic activity of Lactobacillus spp. and Bifidobacterium spp. against cariogenic Streptococcus mutans in vitro and viability when added to chewing gum during storage.","2024;2025;2023;2024;2023;2016;2019;2023","38742994;39798036;37447381;38179912;36673393;27833605;30795551;37261620"
"Pediococcus pentosaceus ATCC 25745","GCF_000014505.1","https://pubmed.ncbi.nlm.nih.gov/42236946/;https://pubmed.ncbi.nlm.nih.gov/38068723/;https://pubmed.ncbi.nlm.nih.gov/38138034/;https://pubmed.ncbi.nlm.nih.gov/18190603/;https://pubmed.ncbi.nlm.nih.gov/22003019/","Commensal-derived acetylcholine enhances mucosal immune education.; Probiotic Pediococcus pentosaceus Li05 Improves Cholestasis through the FXR-SHP and FXR-FGF15 Pathways.; Assessing the Probiotic Effects of Pediococcus pentosaceus CACC616 in Weaned Piglets.; Probiotic lactobacilli and VSL#3 induce enterocyte beta-defensin 2.; Genetic screening of functional properties of lactic acid bacteria in a fermented pearl millet slurry and in the metagenome of fermented starchy foods.","2026;2023;2023;2008;2011","42236946;38068723;38138034;18190603;22003019"
"Lacticaseibacillus paracasei ATCC 334","GCF_000014525.1","https://pubmed.ncbi.nlm.nih.gov/42513979/;https://pubmed.ncbi.nlm.nih.gov/21899667/;https://pubmed.ncbi.nlm.nih.gov/35095783/","Anti-Inflammatory Potential of Levilactobacillus brevis LBH1070 and Its Synbiotic in a Murine Model of Experimental Arthritis.; Distinct immunomodulatory properties of Lactobacillus paracasei strains.; Probiotic Properties of Bifidobacterium longum KABP042 and Pediococcus pentosaceus KABP041 Show Potential to Counteract Functional Gastrointestinal Disorders in an Observational Pilot Trial in Infants.","2026;2011;2021","42513979;21899667;35095783"
"Limosilactobacillus reuteri subsp. reuteri","GCF_000016825.1","https://pubmed.ncbi.nlm.nih.gov/35889060/;https://pubmed.ncbi.nlm.nih.gov/12200334/;https://pubmed.ncbi.nlm.nih.gov/22177712/;https://pubmed.ncbi.nlm.nih.gov/25331988/;https://pubmed.ncbi.nlm.nih.gov/32604867/","In Silico Genomic and Metabolic Atlas of Limosilactobacillus reuteri DSM 20016: An Insight into Human Health.; Cholesterol assimilation by lactic acid bacteria and bifidobacteria isolated from the human gut.; In vitro testing of commercial and potential probiotic lactic acid bacteria.; Immunomodulation of monocytes by probiotic and selected lactic Acid bacteria.; Antimicrobial and Antibiofilm Activities of Probiotic Lactobacilli on Antibiotic-Resistant Proteus mirabilis.","2022;2002;2012;2015;2020","35889060;12200334;22177712;25331988;32604867"
"Lacticaseibacillus paracasei","GCF_000019245.4","https://pubmed.ncbi.nlm.nih.gov/42012194/;https://pubmed.ncbi.nlm.nih.gov/37761181/;https://pubmed.ncbi.nlm.nih.gov/38188563/;https://pubmed.ncbi.nlm.nih.gov/37317241/;https://pubmed.ncbi.nlm.nih.gov/38748307/;https://pubmed.ncbi.nlm.nih.gov/19219898/;https://pubmed.ncbi.nlm.nih.gov/19447978/;https://pubmed.ncbi.nlm.nih.gov/22159611/;https://pubmed.ncbi.nlm.nih.gov/23350674/;https://pubmed.ncbi.nlm.nih.gov/32243079/","Formulation-dependent kinetics of Lacticaseibacillus paracasei Zhang in mice.; Metabolomic Differences between Viable but Nonculturable and Recovered Lacticaseibacillus paracasei Zhang.; Transcriptomic analysis of Lacticaseibacillus paracasei Zhang in transition to the viable but non-culturable state by RNA sequencing.; Comparative Analysis Using Raman Spectroscopy of the Cellular Constituents of Lacticaseibacillus paracasei Zhang in a Normal and Viable but Nonculturable State.; Preliminary Purification and Partial Characterization of a Functional Bacteriocin of Lacticaseibacillus paracasei Zhang and Mining for its Gene Cluster.; Isolation and preliminary probiotic selection of lactobacilli from koumiss in Inner Mongolia.; Fermentation characteristics and transit tolerance of probiotic Lactobacillus casei Zhang in soymilk and bovine milk during storage.; A combined physiological and proteomic approach to reveal lactic-acid-induced alterations in Lactobacillus casei Zhang and its mutant with enhanced lactic acid tolerance.; Lactobacillus casei Zhang modulate cytokine and toll-like receptor expression and beneficially regulate poly I:C-induced immune responses in RAW264.7 macrophages.; Lactobacillus Casei Zhang Alleviates Shrimp Tropomyosin-Induced Food Allergy by Switching Antibody Isotypes through the NF-κB-Dependent Immune Tolerance.","2026;2023;2023;2023;2025;2009;2009;2012;2013;2020","42012194;37761181;38188563;37317241;38748307;19219898;19447978;22159611;23350674;32243079"
"Akkermansia muciniphila ATCC BAA-835","GCF_000020225.1","https://pubmed.ncbi.nlm.nih.gov/39564479/;https://pubmed.ncbi.nlm.nih.gov/26689225/;https://pubmed.ncbi.nlm.nih.gov/36786638/;https://pubmed.ncbi.nlm.nih.gov/37479958/","Akkermansia muciniphila: new insights into resistance to gastrointestinal stress, adhesion, and protein interaction with human mucins through optimised in vitro trials and bioinformatics tools.; Interaction of mouse splenocytes and macrophages with bacterial strains in vitro: the effect of age in the immune response.; Safety Evaluation and Probiotic Potency Screening of Akkermansia muciniphila Strains Isolated from Human Feces and Breast Milk.; The inhibitory effects of live and UV-killed Akkermansia muciniphila and its derivatives on cytotoxicity and inflammatory response induced by Clostridioides difficile RT001 in vitro.","2024;2016;2023;2024","39564479;26689225;36786638;37479958"
"Bifidobacterium longum subsp. infantis ATCC 15697 = JCM 1222 = DSM 20088","GCF_000020425.1","https://pubmed.ncbi.nlm.nih.gov/36973397/;https://pubmed.ncbi.nlm.nih.gov/38091982/;https://pubmed.ncbi.nlm.nih.gov/36216361/;https://pubmed.ncbi.nlm.nih.gov/28483500/;https://pubmed.ncbi.nlm.nih.gov/36615708/;https://pubmed.ncbi.nlm.nih.gov/20208019/;https://pubmed.ncbi.nlm.nih.gov/27562058/;https://pubmed.ncbi.nlm.nih.gov/30284741/","Artificial-enzymes-armed Bifidobacterium longum probiotics for alleviating intestinal inflammation and microbiota dysbiosis.; Bifidobacterium longum promotes postoperative liver function recovery in patients with hepatocellular carcinoma.; Usefulness of Bifidobacterium longum BB536 in Elderly Individuals With Chronic Constipation: A Randomized Controlled Trial.; Probiotic Bifidobacterium longum NCC3001 Reduces Depression Scores and Alters Brain Activity: A Pilot Study in Patients With Irritable Bowel Syndrome.; Probiotic Bifidobacterium longum BB68S Improves Cognitive Functions in Healthy Older Adults: A Randomized, Double-Blind, Placebo-Controlled Trial.; Characterization of immunostimulatory CpG-rich sequences from different Bifidobacterium species.; Anti-inflammatory effects of Bifidobacterium longum subsp infantis secretions on fetal human enterocytes are mediated by TLR-4 receptors.; Probiotics alter the immune response of gingival epithelial cells challenged by Porphyromonas gingivalis.","2023;2024;2023;2017;2022;2010;2016;2019","36973397;38091982;36216361;28483500;36615708;20208019;27562058;30284741"
"Bifidobacterium animalis subsp. lactis AD011","GCF_000021425.1","https://pubmed.ncbi.nlm.nih.gov/37962097/;https://pubmed.ncbi.nlm.nih.gov/38172093/;https://pubmed.ncbi.nlm.nih.gov/31797399/;https://pubmed.ncbi.nlm.nih.gov/29227175/;https://pubmed.ncbi.nlm.nih.gov/30262813/","Probiotics for infantile colic: Is there evidence beyond doubt? A meta-analysis and systematic review.; Efficacy of Bifidobacterium animalis subsp. lactis BL-99 in the treatment of functional dyspepsia: a randomized placebo-controlled clinical trial.; The therapeutic efficacy of Bifidobacterium animalis subsp. lactis BB-12® in infant colic: A randomised, double blind, placebo-controlled trial.; Effects of 28-day Bifidobacterium animalis subsp. lactis HN019 supplementation on colonic transit time and gastrointestinal symptoms in adults with functional constipation: A double-blind, randomized, placebo-controlled, and dose-ranging trial.; Effects of daily consumption of the probiotic Bifidobacterium animalis subsp. lactis CECT 8145 on anthropometric adiposity biomarkers in abdominally obese subjects: a randomized controlled trial.","2024;2024;2020;2018;2019","37962097;38172093;31797399;29227175;30262813"
"Bifidobacterium animalis subsp. lactis Bl-04","GCF_000022705.1","https://pubmed.ncbi.nlm.nih.gov/37962097/;https://pubmed.ncbi.nlm.nih.gov/38172093/;https://pubmed.ncbi.nlm.nih.gov/31797399/;https://pubmed.ncbi.nlm.nih.gov/29227175/;https://pubmed.ncbi.nlm.nih.gov/30262813/;https://pubmed.ncbi.nlm.nih.gov/37374969/","Probiotics for infantile colic: Is there evidence beyond doubt? A meta-analysis and systematic review.; Efficacy of Bifidobacterium animalis subsp. lactis BL-99 in the treatment of functional dyspepsia: a randomized placebo-controlled clinical trial.; The therapeutic efficacy of Bifidobacterium animalis subsp. lactis BB-12® in infant colic: A randomised, double blind, placebo-controlled trial.; Effects of 28-day Bifidobacterium animalis subsp. lactis HN019 supplementation on colonic transit time and gastrointestinal symptoms in adults with functional constipation: A double-blind, randomized, placebo-controlled, and dose-ranging trial.; Effects of daily consumption of the probiotic Bifidobacterium animalis subsp. lactis CECT 8145 on anthropometric adiposity biomarkers in abdominally obese subjects: a randomized controlled trial.; Effects of Bacterial Lysates and Metabolites on Collagen Homeostasis in TNF-α-Challenged Human Dermal Fibroblasts.","2024;2024;2020;2018;2019;2023","37962097;38172093;31797399;29227175;30262813;37374969"
"Bifidobacterium animalis subsp. lactis DSM 10140","GCF_000022965.1","https://pubmed.ncbi.nlm.nih.gov/37962097/;https://pubmed.ncbi.nlm.nih.gov/38172093/;https://pubmed.ncbi.nlm.nih.gov/31797399/;https://pubmed.ncbi.nlm.nih.gov/29227175/;https://pubmed.ncbi.nlm.nih.gov/30262813/","Probiotics for infantile colic: Is there evidence beyond doubt? A meta-analysis and systematic review.; Efficacy of Bifidobacterium animalis subsp. lactis BL-99 in the treatment of functional dyspepsia: a randomized placebo-controlled clinical trial.; The therapeutic efficacy of Bifidobacterium animalis subsp. lactis BB-12® in infant colic: A randomised, double blind, placebo-controlled trial.; Effects of 28-day Bifidobacterium animalis subsp. lactis HN019 supplementation on colonic transit time and gastrointestinal symptoms in adults with functional constipation: A double-blind, randomized, placebo-controlled, and dose-ranging trial.; Effects of daily consumption of the probiotic Bifidobacterium animalis subsp. lactis CECT 8145 on anthropometric adiposity biomarkers in abdominally obese subjects: a randomized controlled trial.","2024;2024;2020;2018;2019","37962097;38172093;31797399;29227175;30262813"
"Bifidobacterium animalis subsp. lactis BB-12","GCF_000025245.2","https://pubmed.ncbi.nlm.nih.gov/39102225/;https://pubmed.ncbi.nlm.nih.gov/37496309/;https://pubmed.ncbi.nlm.nih.gov/39590108/;https://pubmed.ncbi.nlm.nih.gov/17185558/;https://pubmed.ncbi.nlm.nih.gov/18300344/;https://pubmed.ncbi.nlm.nih.gov/18810777/;https://pubmed.ncbi.nlm.nih.gov/19304838/;https://pubmed.ncbi.nlm.nih.gov/19465528/;https://pubmed.ncbi.nlm.nih.gov/19526225/;https://pubmed.ncbi.nlm.nih.gov/20071048/;https://pubmed.ncbi.nlm.nih.gov/21390145/;https://pubmed.ncbi.nlm.nih.gov/21545585/;https://pubmed.ncbi.nlm.nih.gov/21889358/;https://pubmed.ncbi.nlm.nih.gov/25097108/;https://pubmed.ncbi.nlm.nih.gov/27862685/;https://pubmed.ncbi.nlm.nih.gov/30284741/;https://pubmed.ncbi.nlm.nih.gov/31834968/;https://pubmed.ncbi.nlm.nih.gov/32983062/;https://pubmed.ncbi.nlm.nih.gov/33114404/;https://pubmed.ncbi.nlm.nih.gov/36363691/;https://pubmed.ncbi.nlm.nih.gov/36520190/;https://pubmed.ncbi.nlm.nih.gov/37217116/;https://pubmed.ncbi.nlm.nih.gov/37261620/;https://pubmed.ncbi.nlm.nih.gov/37512821/","Bifidobacterium and Lactobacillus Probiotics and Gut Dysbiosis in Preterm Infants: The PRIMAL Randomized Clinical Trial.; Effect of a probiotic fermented milk supplementation on behavior and sleep.; Development of Alginate Composite Microparticles for Encapsulation of Bifidobacterium animalis subsp. lactis.; Growth of probiotic lactobacilli in the presence of oleic acid enhances subsequent survival in gastric juice.; Probiotic Leuconostoc mesenteroides ssp. cremoris and Streptococcus thermophilus induce IL-12 and IFN-gamma production.; Potentially probiotic bacteria induce efficient maturation but differential cytokine production in human monocyte-derived dendritic cells.; Bile-inducible efflux transporter from Bifidobacterium longum NCC2705, conferring bile resistance.; Probiotic properties of the 2-substituted (1,3)-beta-D-glucan-producing bacterium Pediococcus parvulus 2.6.; Comparative study of Bifidobacterium animalis, Escherichia coli, Lactobacillus casei and Saccharomyces boulardii probiotic properties.; Distinct Bifidobacterium strains drive different immune responses in vitro.; Probiotic Lactobacillus rhamnosus downregulates FCER1 and HRH4 expression in human mast cells.; Lactobacillus rhamnosus GG and Streptococcus thermophilus induce suppressor of cytokine signalling 3 (SOCS3) gene expression directly and indirectly via interleukin-10 in human primary macrophages.; Lactobacilli and bifidobacteria induce differential interferon-β profiles in dendritic cells.; Assessing the effects of exposure to environmental stress on some functional properties of Bifidobacterium animalis ssp. lactis.; Topical application of probiotics in skin: adhesion, antimicrobial and antibiofilm in vitro assays.; Probiotics alter the immune response of gingival epithelial cells challenged by Porphyromonas gingivalis.; Impact of Acerola (Malpighia emarginata DC) Byproduct and Probiotic Strains on Technological and Sensory Features of Fermented Soy Beverages.; Potential Immunomodulatory Activity of a Selected Strain Bifidobacterium bifidum H3-R2 as Evidenced in vitro and in Immunosuppressed Mice.; Bifidobacteriumlongum subsp. infantis CECT7210 (B. infantis IM-1(®)) Displays In Vitro Activity against Some Intestinal Pathogens.; Genomic and Biochemical Characterization of Bifidobacterium pseudocatenulatum JCLA3 Isolated from Human Intestine.; Protective effects of Bifidobacterium bifidum FL-228.1 on dextran sulfate sodium-induced intestinal damage in mice.; In-vitro determination of inhibitory effects of probiotic strains on Clostridioides difficile.; Antagonistic activity of Lactobacillus spp. and Bifidobacterium spp. against cariogenic Streptococcus mutans in vitro and viability when added to chewing gum during storage.; Bifidobacterium longum LBUX23 Isolated from Feces of a Newborn; Potential Probiotic Properties and Genomic Characterization.","2024;2024;2024;2007;2008;2008;2009;2009;2009;2010;2011;2011;2011;2014;2017;2019;2019;2020;2020;2022;2023;2023;2023;2023","39102225;37496309;39590108;17185558;18300344;18810777;19304838;19465528;19526225;20071048;21390145;21545585;21889358;25097108;27862685;30284741;31834968;32983062;33114404;36363691;36520190;37217116;37261620;37512821"
"Latilactobacillus sakei subsp. sakei 23K","GCF_000026065.1","https://pubmed.ncbi.nlm.nih.gov/40676109/;https://pubmed.ncbi.nlm.nih.gov/35997270/;https://pubmed.ncbi.nlm.nih.gov/40329628/;https://pubmed.ncbi.nlm.nih.gov/37997261/;https://pubmed.ncbi.nlm.nih.gov/37589784/;https://pubmed.ncbi.nlm.nih.gov/22177712/;https://pubmed.ncbi.nlm.nih.gov/32884698/","Efficacy and safety of Latilactobacillus sakei LB-P12 in patients with knee osteoarthritis: an exploratory randomized, double-blind, placebo-controlled clinical trial.; Latilactobacillus sakei: a candidate probiotic with a key role in food fermentations and health promotion.; Latilactobacillus sakei LB-P12 Ameliorates Osteoarthritis by Reducing Cartilage Degradation and Inflammation via Regulation of NF-κB/HIF-2α Pathway.; Heat-Treated Paraprobiotic Latilactobacillus sakei KU15041 and Latilactobacillus curvatus KU15003 Show an Antioxidant and Immunostimulatory Effect.; Heat-Killed Latilactobacillus sakei CNSC001WB and Lactobacillus pentosus WB693 Have an Anti-inflammatory Effect on LPS-Stimulated RAW 264.7 Cells.; In vitro testing of commercial and potential probiotic lactic acid bacteria.; Application of isolated Lactobacillus sakei and Staphylococcus xylosus strains as a probiotic starter culture during the industrial manufacture of Tunisian dry-fermented sausages.","2025;2024;2025;2024;2024;2012;2020","40676109;35997270;40329628;37997261;37589784;22177712;32884698"
"Lacticaseibacillus rhamnosus Lc 705","GCF_000026525.1","https://pubmed.ncbi.nlm.nih.gov/10196761/;https://pubmed.ncbi.nlm.nih.gov/11014524/;https://pubmed.ncbi.nlm.nih.gov/11375147/;https://pubmed.ncbi.nlm.nih.gov/18300344/;https://pubmed.ncbi.nlm.nih.gov/18810777/;https://pubmed.ncbi.nlm.nih.gov/19365593/;https://pubmed.ncbi.nlm.nih.gov/21390145/;https://pubmed.ncbi.nlm.nih.gov/21545585/;https://pubmed.ncbi.nlm.nih.gov/22895087/","Human ileostomy glycoproteins as a model for small intestinal mucus to investigate adhesion of probiotics.; Chemical, physical and enzymatic pre-treatments of probiotic lactobacilli alter their adhesion to human intestinal mucus glycoproteins.; Characterization of the properties of human- and dairy-derived probiotics for prevention of infectious diseases in fish.; Probiotic Leuconostoc mesenteroides ssp. cremoris and Streptococcus thermophilus induce IL-12 and IFN-gamma production.; Potentially probiotic bacteria induce efficient maturation but differential cytokine production in human monocyte-derived dendritic cells.; Probiotic properties of Lactobacillus rhamnosus and Lactobacillus paracasei isolated from human faeces.; Probiotic Lactobacillus rhamnosus downregulates FCER1 and HRH4 expression in human mast cells.; Lactobacillus rhamnosus GG and Streptococcus thermophilus induce suppressor of cytokine signalling 3 (SOCS3) gene expression directly and indirectly via interleukin-10 in human primary macrophages.; Nonpathogenic Lactobacillus rhamnosus activates the inflammasome and antiviral responses in human macrophages.","1999;2000;2001;2008;2008;2009;2011;2011;2012","10196761;11014524;11375147;18300344;18810777;19365593;21390145;21545585;22895087"
"Lactobacillus delbrueckii subsp. bulgaricus ATCC 11842 = JCM 1002","GCF_000056065.1","https://pubmed.ncbi.nlm.nih.gov/30452699/;https://pubmed.ncbi.nlm.nih.gov/39458486/;https://pubmed.ncbi.nlm.nih.gov/35491646/;https://pubmed.ncbi.nlm.nih.gov/36694578/;https://pubmed.ncbi.nlm.nih.gov/35916052/;https://pubmed.ncbi.nlm.nih.gov/10543777/;https://pubmed.ncbi.nlm.nih.gov/11164299/;https://pubmed.ncbi.nlm.nih.gov/21837773/","Yogurt and other fermented foods as sources of health-promoting bacteria.; Microbiota Transplantation in Individuals with Type 2 Diabetes and a High Degree of Insulin Resistance.; Precision Probiotic Medicine to Improve ICB Immunotherapy.; Probiotic growth in skin-like conditions.; IL-22 and Lactobacillus delbrueckii mitigate alcohol-induced exacerbation of DSS-induced colitis.; Antiproliferative effects of homogenates derived from five strains of candidate probiotic bacteria.; The influence of polyunsaturated fatty acids on probiotic growth and adhesion.; Anti-inflammatory properties of dairy lactobacilli.","2018;2024;2022;2022;2022;1999;2001;2012","30452699;39458486;35491646;36694578;35916052;10543777;11164299;21837773"
"Bifidobacterium longum subsp. longum JDM301","GCF_000092325.1","https://pubmed.ncbi.nlm.nih.gov/29867801/;https://pubmed.ncbi.nlm.nih.gov/27451444/;https://pubmed.ncbi.nlm.nih.gov/20525832/","Protective Effects of Bifidobacterial Strains Against Toxigenic Clostridium difficile.; Functional characterization of RelBE toxin-antitoxin system in probiotic Bifidobacterium longum JDM301.; Complete genome sequence of Bifidobacterium longum JDM301.","2018;2016;2010","29867801;27451444;20525832"
"Bifidobacterium animalis subsp. lactis V9","GCF_000092765.1","https://pubmed.ncbi.nlm.nih.gov/41775266/;https://pubmed.ncbi.nlm.nih.gov/42273689/","Competition and compromise between exogenous probiotics and native microbiota.; Synergistic antitumor and immunomodulatory effects of Bifidobacterium animalis subsp. lactis V9 combined with anti-PD-1 therapy.","2026;2026","41775266;42273689"
"Ligilactobacillus salivarius CECT 5713","GCF_000143435.1","https://pubmed.ncbi.nlm.nih.gov/16843562/;https://pubmed.ncbi.nlm.nih.gov/20675488/;https://pubmed.ncbi.nlm.nih.gov/22526789/;https://pubmed.ncbi.nlm.nih.gov/28950179/;https://pubmed.ncbi.nlm.nih.gov/16834593/","Lactobacillus salivarius CECT 5713, a potential probiotic strain isolated from infant feces and breast milk of a mother-child pair.; Complete genome sequence of Lactobacillus salivarius CECT 5713, a probiotic strain isolated from human milk and infant feces.; Characterization of Lactobacillus salivarius CECT 5713, a strain isolated from human milk: from genotype to phenotype.; In vitro and in vivo anti-microbial activity evaluation of inactivated cells of Lactobacillus salivarius CECT 5713 against Streptococcus mutans.; Antimicrobial potential of four Lactobacillus strains isolated from breast milk.","2006;2010;2012;2017;2006","16843562;20675488;22526789;28950179;16834593"
"Lactiplantibacillus plantarum subsp. plantarum ATCC 14917 = JCM 1149 = CGMCC 1.2437","GCF_000143745.1","https://pubmed.ncbi.nlm.nih.gov/38727952/;https://pubmed.ncbi.nlm.nih.gov/37631027/;https://pubmed.ncbi.nlm.nih.gov/41002283/;https://pubmed.ncbi.nlm.nih.gov/12906100/;https://pubmed.ncbi.nlm.nih.gov/20190136/;https://pubmed.ncbi.nlm.nih.gov/21569949/;https://pubmed.ncbi.nlm.nih.gov/23613101/;https://pubmed.ncbi.nlm.nih.gov/33102409/;https://pubmed.ncbi.nlm.nih.gov/33108492/;https://pubmed.ncbi.nlm.nih.gov/33453704/;https://pubmed.ncbi.nlm.nih.gov/33807455/;https://pubmed.ncbi.nlm.nih.gov/35781865/;https://pubmed.ncbi.nlm.nih.gov/35799214/;https://pubmed.ncbi.nlm.nih.gov/36185024/;https://pubmed.ncbi.nlm.nih.gov/36416047/;https://pubmed.ncbi.nlm.nih.gov/37317238/;https://pubmed.ncbi.nlm.nih.gov/37375538/;https://pubmed.ncbi.nlm.nih.gov/37507854/;https://pubmed.ncbi.nlm.nih.gov/37538844/","Impact of Probiotic Lactiplantibacillus plantarum ATCC 14917 on atherosclerotic plaque and its mechanism.; The Potential of Lactiplantibacillus plantarum ATCC 14917 in the Development of Alginate-Based Gel Formulations with Anti-Staphylococcus aureus Properties.; Effect of probiotic administration of Bifidobacterium animalis subsp. lactis BB-12 and Lactiplantibacillus plantarum ATCC 14917 on metabolic profiles in an IBS-D rat model: a metabolomic analysis approach.; The effect of Lactobacillus rhamnosus on enterohemorrhagic Escherichia coli infection of human intestinal cells in vitro.; Bacterial teichoic acids reverse predominant IL-12 production induced by certain lactobacillus strains into predominant IL-10 production via TLR2-dependent ERK activation in macrophages.; Characterization and probiotic potential of Lactobacillus plantarum strains isolated from cheeses.; Preliminary evaluation of probiotic potential of Lactobacillus plantarum strains isolated from Italian food products.; Enterococcus faecalis Isolated From Infant Feces Inhibits Toxigenic Clostridioides (Clostridium) difficile.; Cell-Free Lactobacillus sp Supernatants Modulate Staphylococcus aureus Growth, Adhesion and Invasion to Human Osteoblast (HOB) Cells.; The Lepidoptera Galleria mellonella ""in vivo"" model: a preliminary pilot study on oral administration of Lactobacillus plantarum (now Lactiplantibacillus plantarum).; Probiotic Lactobacillus sp. Strains Inhibit Growth, Adhesion, Biofilm Formation, and Gene Expression of Bacterial Vaginosis-Inducing Gardnerella vaginalis.; Comparison of probiotic Lactobacillus strains isolated from dairy and Iranian traditional food products with those from human source on intestinal microbiota using BALB/C mice model.; Lactobacilli displacement and Candida albicans inhibition on initial adhesion assays: a probiotic analysis.; New Potentially Probiotic Strains Isolated from Humans - Comparison of Properties with Strains from Probiotic Products and ATCC Collection.; In vitro anti-inflammatory and antibiofilm activities of bacterial lysates from lactobacilli against oral pathogenic bacteria.; Probiotic Properties and Antioxidant Activity In Vitro of Lactic Acid Bacteria.; Dose-Dependent Inhibitory Effect of Probiotic Lactobacillus plantarum on Streptococcus mutans-Candida albicans Cross-Kingdom Microorganisms.; Lactobacillus sp. Facilitate the Repair of DNA Damage Caused by Bile-Induced Reactive Oxygen Species in Experimental Models of Gastroesophageal Reflux Disease.; Antibacterial and anti-biofilm activities of probiotic Lactobacillus plantarum against Listeria monocytogenes isolated from milk, chicken and pregnant women.","2024;2023;2026;2003;2010;2011;2013;2020;2021;2021;2021;2022;2022;2022;2022;2023;2023;2023;2023","38727952;37631027;41002283;12906100;20190136;21569949;23613101;33102409;33108492;33453704;33807455;35781865;35799214;36185024;36416047;37317238;37375538;37507854;37538844"
"Lactiplantibacillus plantarum ST-III","GCF_000148815.2","https://pubmed.ncbi.nlm.nih.gov/39004129/;https://pubmed.ncbi.nlm.nih.gov/41462287/;https://pubmed.ncbi.nlm.nih.gov/38792703/;https://pubmed.ncbi.nlm.nih.gov/36505260/;https://pubmed.ncbi.nlm.nih.gov/37311704/","Metabolomics study on fermentation of Lactiplantibacillus plantarum ST-III with food-grade proliferators in milk.; Probiotic supplementation on cognitive and other aging-related physiological functions in middle-aged and older adults with mild cognitive impairment (PCAMCI): protocol for a randomized, triple-blinded, placebo-controlled trial.; Lactiplantibacillus plantarum ST-III and Lacticaseibacillus rhamnosus KF7 Enhance the Intestinal Epithelial Barrier in a Dual-Environment In Vitro Co-Culture Model.; Lactiplantibacillus plantarum ST-III-fermented milk improves autistic-like behaviors in valproic acid-induced autism spectrum disorder mice by altering gut microbiota.; Whole Genome Sequence of Lactiplantibacillus plantarum HOM3204 and Its Antioxidant Effect on D-Galactose-Induced Aging in Mice.","2024;2025;2024;2022;2023","39004129;41462287;38792703;36505260;37311704"
"Faecalibacterium prausnitzii M21/2","GCF_000154385.1","https://pubmed.ncbi.nlm.nih.gov/36164984/;https://pubmed.ncbi.nlm.nih.gov/37794596/;https://pubmed.ncbi.nlm.nih.gov/39653411/;https://pubmed.ncbi.nlm.nih.gov/38619680/;https://pubmed.ncbi.nlm.nih.gov/40077728/;https://pubmed.ncbi.nlm.nih.gov/28713353/","Faecalibacterium prausnitzii Attenuates CKD via Butyrate-Renal GPR43 Axis.; Microbiota-gut-brain axis drives overeating disorders.; Butyrate-producing Faecalibacterium prausnitzii suppresses natural killer/T-cell lymphoma by dampening the JAK-STAT pathway.; Next-generation probiotics: the upcoming biotherapeutics.; The Detrimental Impact of Ultra-Processed Foods on the Human Gut Microbiome and Gut Barrier.; Functional Characterization of Novel Faecalibacterium prausnitzii Strains Isolated from Healthy Volunteers: A Step Forward in the Use of F. prausnitzii as a Next-Generation Probiotic.","2022;2023;2025;2024;2025;2017","36164984;37794596;39653411;38619680;40077728;28713353"
"Phaeobacter inhibens DSM 17395","GCF_000154765.2","https://pubmed.ncbi.nlm.nih.gov/33310713/;https://pubmed.ncbi.nlm.nih.gov/37443952/;https://pubmed.ncbi.nlm.nih.gov/32385083/;https://pubmed.ncbi.nlm.nih.gov/35080904/","The Roseobacter-Group Bacterium Phaeobacter as a Safe Probiotic Solution for Aquaculture.; The Probiotic Phaeobacter inhibens Provokes Hypertrophic Growth via Activation of the IGF-1/Akt Pathway during the Process of Metamorphosis of Greater Amberjack (Seriola dumerili, Risso 1810).; Changes in the Microbiome of Mariculture Feed Organisms after Treatment with a Potentially Probiotic Strain of Phaeobacter inhibens.; Roseobacter Group Probiotics Exhibit Differential Killing of Fish Pathogenic Tenacibaculum Species.","2021;2023;2020;2022","33310713;37443952;32385083;35080904"
"Clostridium sporogenes ATCC 15579","GCF_000155085.1","https://pubmed.ncbi.nlm.nih.gov/39397690/;https://pubmed.ncbi.nlm.nih.gov/40212081/;https://pubmed.ncbi.nlm.nih.gov/41508814/;https://pubmed.ncbi.nlm.nih.gov/37947521/;https://pubmed.ncbi.nlm.nih.gov/38967039/;https://pubmed.ncbi.nlm.nih.gov/34830317/","Clostridium sporogenes-derived metabolites protect mice against colonic inflammation.; Gut Microbiota Regulate Saturated Free Fatty Acid Metabolism in Heart Failure.; Engineered probiotic-derived indole-3-propionic acid inhibits ubiquitination via AHR signaling to treat postmenopausal osteoporosis.; Development of a CRISPR-Cas12a system for efficient genome engineering in clostridia.; Synbiotic therapy with Clostridium sporogenes and xylan promotes gut-derived indole-3-propionic acid and improves cognitive impairments in an Alzheimer's disease mouse model.; Indole-3-Propionic Acid, a Functional Metabolite of Clostridium sporogenes, Promotes Muscle Tissue Development and Reduces Muscle Cell Inflammation.","2024;2024;2026;2023;2024;2021","39397690;40212081;41508814;37947521;38967039;34830317"
"Bifidobacterium longum subsp. infantis CCUG 52486","GCF_000155415.1","https://pubmed.ncbi.nlm.nih.gov/36973397/;https://pubmed.ncbi.nlm.nih.gov/38091982/;https://pubmed.ncbi.nlm.nih.gov/36216361/;https://pubmed.ncbi.nlm.nih.gov/28483500/;https://pubmed.ncbi.nlm.nih.gov/36615708/;https://pubmed.ncbi.nlm.nih.gov/22882710/","Artificial-enzymes-armed Bifidobacterium longum probiotics for alleviating intestinal inflammation and microbiota dysbiosis.; Bifidobacterium longum promotes postoperative liver function recovery in patients with hepatocellular carcinoma.; Usefulness of Bifidobacterium longum BB536 in Elderly Individuals With Chronic Constipation: A Randomized Controlled Trial.; Probiotic Bifidobacterium longum NCC3001 Reduces Depression Scores and Alters Brain Activity: A Pilot Study in Patients With Irritable Bowel Syndrome.; Probiotic Bifidobacterium longum BB68S Improves Cognitive Functions in Healthy Older Adults: A Randomized, Double-Blind, Placebo-Controlled Trial.; Evidence of immunomodulatory effects of a novel probiotic, Bifidobacterium longum bv. infantis CCUG 52486.","2023;2024;2023;2017;2022;2012","36973397;38091982;36216361;28483500;36615708;22882710"
"Lacticaseibacillus paracasei subsp. paracasei 8700:2","GCF_000155515.2","https://pubmed.ncbi.nlm.nih.gov/41538653/;https://pubmed.ncbi.nlm.nih.gov/36136562/","Fermented Lacticaseibacillus Paracasei Cultures Ameliorate Colitis by Modulating Microbiota-Derived Tryptophan Metabolism and Macrophage Polarization.; Postbiotics and Kidney Disease.","2026;2022","41538653;36136562"
"Bifidobacterium breve DSM 20213 = JCM 1192","GCF_000158015.1","https://pubmed.ncbi.nlm.nih.gov/39471819/;https://pubmed.ncbi.nlm.nih.gov/38773969/;https://pubmed.ncbi.nlm.nih.gov/35570493/;https://pubmed.ncbi.nlm.nih.gov/40085083/;https://pubmed.ncbi.nlm.nih.gov/36904230/;https://pubmed.ncbi.nlm.nih.gov/21889358/","Bifidobacteria with indole-3-lactic acid-producing capacity exhibit psychobiotic potential via reducing neuroinflammation.; Bifidobacterium breve-derived indole-3-lactic acid ameliorates colitis-associated tumorigenesis by directing the differentiation of immature colonic macrophages.; Effect of Probiotic Bifidobacterium breve in Improving Cognitive Function and Preventing Brain Atrophy in Older Patients with Suspected Mild Cognitive Impairment: Results of a 24-Week Randomized, Double-Blind, Placebo-Controlled Trial.; Probiotics and Fever Duration in Children With Upper Respiratory Tract Infections: A Randomized Clinical Trial.; Pre-, pro-, syn-, and Postbiotics in Infant Formulas: What Are the Immune Benefits for Infants?; Lactobacilli and bifidobacteria induce differential interferon-β profiles in dendritic cells.","2024;2024;2022;2025;2023;2011","39471819;38773969;35570493;40085083;36904230;21889358"
"Limosilactobacillus fermentum ATCC 14931","GCF_000159215.1","https://pubmed.ncbi.nlm.nih.gov/33764849/;https://pubmed.ncbi.nlm.nih.gov/40028723/;https://pubmed.ncbi.nlm.nih.gov/41254951/;https://pubmed.ncbi.nlm.nih.gov/39242568/;https://pubmed.ncbi.nlm.nih.gov/33801082/;https://pubmed.ncbi.nlm.nih.gov/23351891/;https://pubmed.ncbi.nlm.nih.gov/37507854/","Limosilactobacillus fermentum JL-3 isolated from ""Jiangshui"" ameliorates hyperuricemia by degrading uric acid.; Extracellular vesicles of Limosilactobacillus fermentum SLAM216 ameliorate skin symptoms of atopic dermatitis by regulating gut microbiome on serotonin metabolism.; The probiotic Limosilactobacillus fermentum CECT5716 enhances the antihypertensive response to hydrochlorothiazide in spontaneously hypertensive rats.; A probiotic Limosilactobacillus fermentum GR-3 mitigates colitis-associated tumorigenesis in mice via modulating gut microbiome.; Limosilactobacillus fermentum CECT5716: Mechanisms and Therapeutic Insights.; Inhibition of HIV and HSV infection by vaginal lactobacilli in vitro and in vivo.; Lactobacillus sp. Facilitate the Repair of DNA Damage Caused by Bile-Induced Reactive Oxygen Species in Experimental Models of Gastroesophageal Reflux Disease.","2021;2025;2025;2024;2021;2012;2023","33764849;40028723;41254951;39242568;33801082;23351891;37507854"
"Ligilactobacillus salivarius DSM 20555 = ATCC 11741","GCF_000159395.1","https://pubmed.ncbi.nlm.nih.gov/29316223/;https://pubmed.ncbi.nlm.nih.gov/36860450/;https://pubmed.ncbi.nlm.nih.gov/23855505/","Probiotic Lactobacillus sp. inhibit growth, biofilm formation and gene expression of caries-inducing Streptococcus mutans.; Effects of Dietary Pectin and Lactobacillus salivarius ATCC 11741 on Growth Performance, Immunocompetence, Gut Microbiota, Antioxidant Capacity, and Disease Resistance in Narrow-Clawed Crayfish, Postantacus leptodactylus.; Identification of Lactobacillus strains with probiotic features from the bottlenose dolphin (Tursiops truncatus).","2018;2022;2013","29316223;36860450;23855505"
"Limosilactobacillus reuteri SD2112","GCF_000159455.2","https://pubmed.ncbi.nlm.nih.gov/39468026/;https://pubmed.ncbi.nlm.nih.gov/39825615/;https://pubmed.ncbi.nlm.nih.gov/41334956/;https://pubmed.ncbi.nlm.nih.gov/39235661/;https://pubmed.ncbi.nlm.nih.gov/39891249/;https://pubmed.ncbi.nlm.nih.gov/17462772/;https://pubmed.ncbi.nlm.nih.gov/17997816/;https://pubmed.ncbi.nlm.nih.gov/18582334/;https://pubmed.ncbi.nlm.nih.gov/20835828/;https://pubmed.ncbi.nlm.nih.gov/25380800/","Galactooligosaccharides and Limosilactobacillus reuteri synergistically alleviate gut inflammation and barrier dysfunction by enriching Bacteroides acidifaciens for pentadecanoic acid biosynthesis.; Limosilactobacillus reuteri - a probiotic gut commensal with contextual impact on immunity.; An update on probiotics in paediatrics.; Intestinal Dysbiosis: Exploring Definition, Associated Symptoms, and Perspectives for a Comprehensive Understanding - a Scoping Review.; Real-world of Limosilactobacillus reuteri in mitigation of acute experimental colitis.; Specific Bifidobacterium strains isolated from elderly subjects inhibit growth of Staphylococcus aureus.; Inhibitory activity spectrum of reuterin produced by Lactobacillus reuteri against intestinal bacteria.; Probiotic bacteria affect the composition of salivary pellicle and streptococcal adhesion in vitro.; Probiotic lactobacilli interfere with Streptococcus mutans biofilm formation in vitro.; Inhibitory activity in vitro of probiotic lactobacilli against oral Candida under different fermentation conditions.","2024;2025;2026;2025;2025;2007;2007;2008;2011;2015","39468026;39825615;41334956;39235661;39891249;17462772;17997816;18582334;20835828;25380800"
"Limosilactobacillus reuteri MM4-1A","GCF_000159475.2","https://pubmed.ncbi.nlm.nih.gov/37379217/;https://pubmed.ncbi.nlm.nih.gov/22177712/","Monospecies probiotic preparation and administration with downstream analysis of sex-specific effects on gut microbiome composition in mice.; In vitro testing of commercial and potential probiotic lactic acid bacteria.","2023;2012","37379217;22177712"
"Limosilactobacillus reuteri CF48-3A","GCF_000159615.1","https://pubmed.ncbi.nlm.nih.gov/39468026/;https://pubmed.ncbi.nlm.nih.gov/41334956/;https://pubmed.ncbi.nlm.nih.gov/39235661/;https://pubmed.ncbi.nlm.nih.gov/39891249/;https://pubmed.ncbi.nlm.nih.gov/18425802/;https://pubmed.ncbi.nlm.nih.gov/19210794/","Galactooligosaccharides and Limosilactobacillus reuteri synergistically alleviate gut inflammation and barrier dysfunction by enriching Bacteroides acidifaciens for pentadecanoic acid biosynthesis.; An update on probiotics in paediatrics.; Intestinal Dysbiosis: Exploring Definition, Associated Symptoms, and Perspectives for a Comprehensive Understanding - a Scoping Review.; Real-world of Limosilactobacillus reuteri in mitigation of acute experimental colitis.; Probiotic Lactobacillus reuteri suppress proinflammatory cytokines via c-Jun.; Probiotic Lactobacillus reuteri biofilms produce antimicrobial and anti-inflammatory factors.","2024;2026;2025;2025;2008;2009","39468026;41334956;39235661;39891249;18425802;19210794"
"Lactobacillus acidophilus ATCC 4796","GCF_000159715.1","https://pubmed.ncbi.nlm.nih.gov/36196014/;https://pubmed.ncbi.nlm.nih.gov/38176203/;https://pubmed.ncbi.nlm.nih.gov/40812303/;https://pubmed.ncbi.nlm.nih.gov/34896249/;https://pubmed.ncbi.nlm.nih.gov/30565745/;https://pubmed.ncbi.nlm.nih.gov/10022003/","The Functional Roles of Lactobacillus acidophilus in Different Physiological and Pathological Processes.; Lactobacillus acidophilus suppresses non-alcoholic fatty liver disease-associated hepatocellular carcinoma through producing valeric acid.; Lactobacillus acidophilus promotes cognitive function recovery via regulating microglial peroxisomal function in cerebral ischemia.; Lactobacillus acidophilus ameliorates obesity in mice through modulation of gut microbiota dysbiosis and intestinal permeability.; Randomised clinical trial in women with Recurrent Vulvovaginal Candidiasis: Efficacy of probiotics and lactoferrin as maintenance treatment.; Isolation and characterization of acid- and bile-tolerant isolates from strains of Lactobacillus acidophilus.","2022;2024;2025;2022;2019;1999","36196014;38176203;40812303;34896249;30565745;10022003"
"Lactobacillus crispatus JV-V01","GCF_000160515.1","https://pubmed.ncbi.nlm.nih.gov/33160356/;https://pubmed.ncbi.nlm.nih.gov/38991218/;https://pubmed.ncbi.nlm.nih.gov/39582101/;https://pubmed.ncbi.nlm.nih.gov/39120306/;https://pubmed.ncbi.nlm.nih.gov/36856121/;https://pubmed.ncbi.nlm.nih.gov/32038579/","Vaginal microbiota and the potential of Lactobacillus derivatives in maintaining vaginal health.; Assessment and Treatment of Vaginitis.; Probiotic significance of Lactobacillus strains: a comprehensive review on health impacts, research gaps, and future prospects.; Male Tract Microbiota and Male Infertility.; Impact of Lactobacillus crispatus-containing oral and vaginal probiotics on vaginal health: a randomised double-blind placebo controlled clinical trial.; Comparative Analysis of Lactobacillus gasseri and Lactobacillus crispatus Isolated From Human Urogenital and Gastrointestinal Tracts.","2020;2024;2024;2024;2023;2019","33160356;38991218;39582101;39120306;36856121;32038579"
"Enterococcus faecalis S613","GCF_000163795.1","https://pubmed.ncbi.nlm.nih.gov/31718570/;https://pubmed.ncbi.nlm.nih.gov/38702495/;https://pubmed.ncbi.nlm.nih.gov/37237745/;https://pubmed.ncbi.nlm.nih.gov/39162453/;https://pubmed.ncbi.nlm.nih.gov/36922364/;https://pubmed.ncbi.nlm.nih.gov/32051237/","Isolation, characterization, and assessment of lactic acid bacteria toward their selection as poultry probiotics.; Enterococcus faecalis: implications for host health.; Enterococcal Phages: Food and Health Applications.; Whole-genome sequencing of Enterococcus faecalis probiotic strains isolated from raw milk of healthy cows.; Probiotic treatment (Enterococcus faecalis) improves symptoms of seasonal allergic rhinitis: A randomized controlled trial.; Degradation of the Incretin Hormone Glucagon-Like Peptide-1 (GLP-1) by Enterococcus faecalis Metalloprotease GelE.","2019;2024;2023;2024;2023;2020","31718570;38702495;37237745;39162453;36922364;32051237"
"Bifidobacterium bifidum S17","GCF_000164965.1","https://pubmed.ncbi.nlm.nih.gov/26903976/;https://pubmed.ncbi.nlm.nih.gov/21037011/;https://pubmed.ncbi.nlm.nih.gov/27685756/;https://pubmed.ncbi.nlm.nih.gov/16024231/","Proteomic Profiling of Bifidobacterium bifidum S17 Cultivated Under In Vitro Conditions.; Complete genome sequence of Bifidobacterium bifidum S17.; Crystal structure of β1→6-galactosidase from Bifidobacterium bifidum S17: trimeric architecture, molecular determinants of the enzymatic activity and its inhibition by α-galactose.; Real-time PCR quantification of bacterial adhesion to Caco-2 cells: competition between bifidobacteria and enteropathogens.","2016;2011;2016;2005","26903976;21037011;27685756;16024231"
"Lactobacillus helveticus R0052","GCF_000165775.1","https://pubmed.ncbi.nlm.nih.gov/37049546/;https://pubmed.ncbi.nlm.nih.gov/20974015/;https://pubmed.ncbi.nlm.nih.gov/21983070/;https://pubmed.ncbi.nlm.nih.gov/40849096/;https://pubmed.ncbi.nlm.nih.gov/31713675/;https://pubmed.ncbi.nlm.nih.gov/16925785/;https://pubmed.ncbi.nlm.nih.gov/18449224/;https://pubmed.ncbi.nlm.nih.gov/19765084/;https://pubmed.ncbi.nlm.nih.gov/20308300/;https://pubmed.ncbi.nlm.nih.gov/23443951/;https://pubmed.ncbi.nlm.nih.gov/32392743/","Psychobiotic Effects on Anxiety Are Modulated by Lifestyle Behaviors: A Randomized Placebo-Controlled Trial on Healthy Adults.; Assessment of psychotropic-like properties of a probiotic formulation (Lactobacillus helveticus R0052 and Bifidobacterium longum R0175) in rats and human subjects.; Beneficial psychological effects of a probiotic formulation (Lactobacillus helveticus R0052 and Bifidobacterium longum R0175) in healthy human volunteers.; Lactobacillus helveticus R0052 attenuates DSS-induced colitis via modulation of gut microbiota, intestinal metabolites and immunological profiles in a mouse model.; Lactobacillus helveticus R0052 alleviates liver injury by modulating gut microbiome and metabolome in D-galactosamine-treated rats.; Surface-layer protein extracts from Lactobacillus helveticus inhibit enterohaemorrhagic Escherichia coli O157:H7 adhesion to epithelial cells.; Safety evaluation of two bacterial strains used in Asian probiotic products.; Strain-specific probiotic (Lactobacillus helveticus) inhibition of Campylobacter jejuni invasion of human intestinal epithelial cells.; Probiotic colonization of the adherent mucus layer of HT29MTXE12 cells attenuates Campylobacter jejuni virulence properties.; Immune signalling responses in intestinal epithelial cells exposed to pathogenic Escherichia coli and lactic acid-producing probiotics.; Technological Characterisation of Probiotic Lactic Acid Bacteria as Starter Cultures for Dry Fermented Sausages.","2023;2011;2011;2025;2019;2007;2008;2009;2010;2013;2020","37049546;20974015;21983070;40849096;31713675;16925785;18449224;19765084;20308300;23443951;32392743"
"Lactobacillus crispatus CTV-05","GCF_000165885.1","https://pubmed.ncbi.nlm.nih.gov/40194532/;https://pubmed.ncbi.nlm.nih.gov/17070251/","Effect of the vaginal live biotherapeutic LACTIN-V (Lactobacillus crispatus CTV-05) on vaginal microbiota and genital tract inflammation among women at high risk of HIV acquisition in South Africa: a phase 2, randomised, placebo-controlled trial.; Adherence of Lactobacillus crispatus to vaginal epithelial cells from women with or without a history of recurrent urinary tract infection.","2025;2006","40194532;17070251"
"Bifidobacterium bifidum PRL2010","GCF_000165905.1","https://pubmed.ncbi.nlm.nih.gov/30161157/;https://pubmed.ncbi.nlm.nih.gov/40005000/;https://pubmed.ncbi.nlm.nih.gov/24242237/;https://pubmed.ncbi.nlm.nih.gov/26296705/;https://pubmed.ncbi.nlm.nih.gov/24667318/","Bifidobacterium bifidum PRL2010 alleviates intestinal ischemia/reperfusion injury.; Effect of Supplementation with a Specific Probiotic (Bifidobacterium bifidum PRL2010) in Pregnancy for the Prevention of Atopic Dermatitis in Children: Preliminary Results of a Randomized Trial.; Bifidobacterium bifidum PRL2010 modulates the host innate immune response.; Insights into teichoic acid biosynthesis by Bifidobacterium bifidum PRL2010.; Kefir fermented milk and kefiran promote growth of Bifidobacterium bifidum PRL2010 and modulate its gene expression.","2018;2025;2014;2015;2014","30161157;40005000;24242237;26296705;24667318"
"Bifidobacterium longum subsp. longum BBMN68","GCF_000166315.1","https://pubmed.ncbi.nlm.nih.gov/26248977/;https://pubmed.ncbi.nlm.nih.gov/39206310/;https://pubmed.ncbi.nlm.nih.gov/37238867/","Bifidobacterium longum BBMN68-specific modulated dendritic cells alleviate allergic responses to bovine β-lactoglobulin in mice.; Heat-killed Bifidobacterium longum BBMN68 and inulin protect against high-fat diet-induced obesity by modulating gut microbiota.; Heat-Killed Bifidobacterium longum BBMN68 in Pasteurized Yogurt Alleviates Mugwort Pollen-Induced Allergic Airway Responses through Gut Microbiota Modulation in a Murine Model.","2015;2024;2023","26248977;39206310;37238867"
"Bifidobacterium animalis subsp. lactis HN019","GCF_000172535.1","https://pubmed.ncbi.nlm.nih.gov/39356506/;https://pubmed.ncbi.nlm.nih.gov/29227175/;https://pubmed.ncbi.nlm.nih.gov/34970580/;https://pubmed.ncbi.nlm.nih.gov/37512817/","Eight-Week Supplementation With Bifidobacterium lactis HN019 and Functional Constipation: A Randomized Clinical Trial.; Effects of 28-day Bifidobacterium animalis subsp. lactis HN019 supplementation on colonic transit time and gastrointestinal symptoms in adults with functional constipation: A double-blind, randomized, placebo-controlled, and dose-ranging trial.; Bifidobacterium animalis subsp. lactis HN019 Effects on Gut Health: A Review.; Production of Reactive Oxygen (ROS) and Nitrogen (RNS) Species in Macrophages J774A.1 Activated by the Interaction between Two Escherichia coli Pathotypes and Two Probiotic Commercial Strains.","2024;2018;2021;2023","39356506;29227175;34970580;37512817"
"Enterococcus faecalis OG1RF","GCF_000172575.2","https://pubmed.ncbi.nlm.nih.gov/31718570/;https://pubmed.ncbi.nlm.nih.gov/38702495/;https://pubmed.ncbi.nlm.nih.gov/37237745/;https://pubmed.ncbi.nlm.nih.gov/39162453/;https://pubmed.ncbi.nlm.nih.gov/36922364/;https://pubmed.ncbi.nlm.nih.gov/32051237/","Isolation, characterization, and assessment of lactic acid bacteria toward their selection as poultry probiotics.; Enterococcus faecalis: implications for host health.; Enterococcal Phages: Food and Health Applications.; Whole-genome sequencing of Enterococcus faecalis probiotic strains isolated from raw milk of healthy cows.; Probiotic treatment (Enterococcus faecalis) improves symptoms of seasonal allergic rhinitis: A randomized controlled trial.; Degradation of the Incretin Hormone Glucagon-Like Peptide-1 (GLP-1) by Enterococcus faecalis Metalloprotease GelE.","2019;2024;2023;2024;2023;2020","31718570;38702495;37237745;39162453;36922364;32051237"
"Lacticaseibacillus rhamnosus HN001","GCF_000173255.4","https://pubmed.ncbi.nlm.nih.gov/37622257/;https://pubmed.ncbi.nlm.nih.gov/38053344/;https://pubmed.ncbi.nlm.nih.gov/36386940/;https://pubmed.ncbi.nlm.nih.gov/11518430/;https://pubmed.ncbi.nlm.nih.gov/20618863/;https://pubmed.ncbi.nlm.nih.gov/27981539/;https://pubmed.ncbi.nlm.nih.gov/28580872/;https://pubmed.ncbi.nlm.nih.gov/30284741/;https://pubmed.ncbi.nlm.nih.gov/31799467/;https://pubmed.ncbi.nlm.nih.gov/32944156/;https://pubmed.ncbi.nlm.nih.gov/33372378/;https://pubmed.ncbi.nlm.nih.gov/36838294/;https://pubmed.ncbi.nlm.nih.gov/37374969/","Maternal fish oil and/or probiotics intervention: Allergic diseases in children up to two years old.; The probiotic Lacticaseibacillus rhamnosus HN001 influences the architecture and gene expression of small intestine tissue in a piglet model.; Lacticaseibacillus rhamnosus HN001 alters the microbiota composition in the cecum but not the feces in a piglet model.; In vitro adherence properties of Lactobacillus rhamnosus DR20 and Bifidobacterium lactis DR10 strains and their antagonistic activity against an enterotoxigenic Escherichia coli.; Lactobacillus plantarum DSM 2648 is a potential probiotic that enhances intestinal barrier function.; Growth and adhesion to HT-29 cells inhibition of Gram-negatives by Bifidobacterium longum BB536 e Lactobacillus rhamnosus HN001 alone and in combination.; Effects of Lactobacillus rhamnosus and Lactobacillus acidophilus on bacterial vaginal pathogens.; Probiotics alter the immune response of gingival epithelial cells challenged by Porphyromonas gingivalis.; In vitro inhibitory activity of Bifidobacterium longum BB536 and Lactobacillus rhamnosus HN001 alone or in combination against bacterial and Candida reference strains and clinical isolates.; Probiotics alter biofilm formation and the transcription of Porphyromonas gingivalis virulence-associated genes.; Lactobacilli postbiotics reduce biofilm formation and alter transcription of virulence genes of Aggregatibacter actinomycetemcomitans.; In Vitro Screen of Lactobacilli Strains for Gastrointestinal and Vaginal Benefits.; Effects of Bacterial Lysates and Metabolites on Collagen Homeostasis in TNF-α-Challenged Human Dermal Fibroblasts.","2023;2024;2022;2001;2010;2016;2017;2019;2019;2020;2021;2023;2023","37622257;38053344;36386940;11518430;20618863;27981539;28580872;30284741;31799467;32944156;33372378;36838294;37374969"
"Corynebacterium matruchotii ATCC 14266","GCF_000175375.1","https://pubmed.ncbi.nlm.nih.gov/37621744/;https://pubmed.ncbi.nlm.nih.gov/35734856/","Human oral mucosa and oral microbiome interactions following supragingival plaque reconstitution in healthy volunteers: a diet-controlled balanced design proof-of-concept model to investigate oral pathologies.; Neisseria sicca and Corynebacterium matruchotii inhibited oral squamous cell carcinomas by regulating genome stability.","2023;2022","37621744;35734856"
"Lactobacillus crispatus SJ-3C-US","GCF_000176975.2","https://pubmed.ncbi.nlm.nih.gov/27245496/;https://pubmed.ncbi.nlm.nih.gov/27551673/","Lactobacillus crispatus strain SJ-3C-US induces human dendritic cells (DCs) maturation and confers an anti-inflammatory phenotype to DCs.; Dual Anti-Metastatic and Anti-Proliferative Activity Assessment of Two Probiotics on HeLa and HT-29 Cell Lines.","2016;2016","27245496;27551673"
"Lactobacillus iners AB-1","GCF_000177755.1","https://pubmed.ncbi.nlm.nih.gov/35525353/;https://pubmed.ncbi.nlm.nih.gov/17234391/","The effect of a polystyrene nanoplastic on the intestinal microbes and oxidative stress defense of the freshwater crayfish, Procambarus clarkii.; Effect of Lactobacillus challenge on Gardnerella vaginalis biofilms.","2022;2007","35525353;17234391"
"Lactobacillus amylovorus GRL 1112","GCF_000182855.2","https://pubmed.ncbi.nlm.nih.gov/39529091/;https://pubmed.ncbi.nlm.nih.gov/40396734/;https://pubmed.ncbi.nlm.nih.gov/34489041/;https://pubmed.ncbi.nlm.nih.gov/16269808/;https://pubmed.ncbi.nlm.nih.gov/18537838/;https://pubmed.ncbi.nlm.nih.gov/25070625/","Probiotic-derived extracellular vesicles alleviate AFB1-induced intestinal injury by modulating the gut microbiota and AHR activation.; Draft genome of Lactobacillus amylovorus KSAU with probiotic potential isolated from the gastrointestinal tract of industrial pigs.; Lactobacillus amylovorus derived lipase-mediated silver derivatization over poly(ε-caprolactone) towards antimicrobial coatings.; Representational difference analysis and real-time PCR for strain-specific quantification of Lactobacillus sobrius sp. nov.; Feeding of Lactobacillus sobrius reduces Escherichia coli F4 levels in the gut and promotes growth of infected piglets.; Functional characterization of probiotic surface layer protein-carrying Lactobacillus amylovorus strains.","2024;2025;2021;2005;2008;2014","39529091;40396734;34489041;16269808;18537838;25070625"
"Bifidobacterium longum subsp. longum JCM 1217","GCF_000196555.1","https://pubmed.ncbi.nlm.nih.gov/31040837/;https://pubmed.ncbi.nlm.nih.gov/11821930/","Efficient Phytase Secretion and Phytate Degradation by Recombinant Bifidobacterium longum JCM 1217.; Adhesive property of Bifidobacterium lactis LKM512 and predominant bacteria of intestinal microflora to human intestinal mucin.","2019;2002","31040837;11821930"
"Bacillus amyloliquefaciens DSM 7 = ATCC 23350","GCF_000196735.1","https://pubmed.ncbi.nlm.nih.gov/36536234/;https://pubmed.ncbi.nlm.nih.gov/33280382/;https://pubmed.ncbi.nlm.nih.gov/25625034/;https://pubmed.ncbi.nlm.nih.gov/38133178/;https://pubmed.ncbi.nlm.nih.gov/38399823/","Probiotic Potential of Bacillus amyloliquefaciens Isolated from Tibetan Yaks.; Prebiotic, Probiotic, Antimicrobial, and Functional Food Applications of Bacillus amyloliquefaciens.; Poultry-beneficial solid-state Bacillus amyloliquefaciens B-1895 fermented soybean formulation.; A Probiotic Bacillus amyloliquefaciens D-1 Strain Is Responsible for Zearalenone Detoxifying in Coix Semen.; Bacillus amyloliquefaciens Probiotics Mix Supplementation in a Broiler Leaky Gut Model.","2024;2020;2015;2023;2024","36536234;33280382;25625034;38133178;38399823"
"Leuconostoc gasicomitatum LMG 18811","GCF_000196855.1","https://pubmed.ncbi.nlm.nih.gov/31039287/;https://pubmed.ncbi.nlm.nih.gov/34421398/;https://pubmed.ncbi.nlm.nih.gov/42414296/;https://pubmed.ncbi.nlm.nih.gov/34671923/;https://pubmed.ncbi.nlm.nih.gov/34531482/;https://pubmed.ncbi.nlm.nih.gov/19583990/","Probiotics for the prevention of pediatric antibiotic-associated diarrhea.; Isolation and Identification of Lactic Acid Bacteria from Cow Milk and Milk Products.; Gut-derived cinnamic acid limits allergic airway inflammation via the SAT1-spermidine-eIF5A hypusination axis.; Isolation and Identification of Potential Probiotic Bacteria from Human Milk.; A potential probiotic Leuconostoc mesenteroides TBE-8 for honey bee.; Safety assessment of Lactobacillus brevis KB290 as a probiotic strain.","2019;2021;2026;2023;2021;2009","31039287;34421398;42414296;34671923;34531482;19583990"
"Lactiplantibacillus plantarum WCFS1","GCF_000203855.3","https://pubmed.ncbi.nlm.nih.gov/38687019/;https://pubmed.ncbi.nlm.nih.gov/36461198/;https://pubmed.ncbi.nlm.nih.gov/12568753/;https://pubmed.ncbi.nlm.nih.gov/17845408/;https://pubmed.ncbi.nlm.nih.gov/19756155/;https://pubmed.ncbi.nlm.nih.gov/20498715/;https://pubmed.ncbi.nlm.nih.gov/22003019/;https://pubmed.ncbi.nlm.nih.gov/22054064/;https://pubmed.ncbi.nlm.nih.gov/22177712/;https://pubmed.ncbi.nlm.nih.gov/22573266/;https://pubmed.ncbi.nlm.nih.gov/23414698/;https://pubmed.ncbi.nlm.nih.gov/32849426/;https://pubmed.ncbi.nlm.nih.gov/32945079/;https://pubmed.ncbi.nlm.nih.gov/33156458/;https://pubmed.ncbi.nlm.nih.gov/33242049/;https://pubmed.ncbi.nlm.nih.gov/33554596/;https://pubmed.ncbi.nlm.nih.gov/34574235/;https://pubmed.ncbi.nlm.nih.gov/34659181/;https://pubmed.ncbi.nlm.nih.gov/34899643/;https://pubmed.ncbi.nlm.nih.gov/35876583/;https://pubmed.ncbi.nlm.nih.gov/36681674/","Mutation of the peptide-regulated transcription factor ComR for amidated peptide specificity and heterologous function in Lactiplantibacillus plantarum WCFS1.; Co-culture fermentations suggest cross-feeding among Bacteroides ovatus DSMZ 1896, Lactiplantibacillus plantarum WCFS1 and Bifidobacterium adolescentis DSMZ 20083 for utilizing dietary galactomannans.; Evaluation of the effect of malt, wheat and barley extracts on the viability of potentially probiotic lactic acid bacteria under acidic conditions.; In vivo and in vitro immunomodulation of Der p 1 allergen-specific response by Lactobacillus plantarum bacteria.; Comparison of the immunomodulatory properties of three probiotic strains of Lactobacilli using complex culture systems: prediction for in vivo efficacy.; Identification of genetic loci in Lactobacillus plantarum that modulate the immune response of dendritic cells using comparative genome hybridization.; Genetic screening of functional properties of lactic acid bacteria in a fermented pearl millet slurry and in the metagenome of fermented starchy foods.; Comparative effects of six probiotic strains on immune function in vitro.; In vitro testing of commercial and potential probiotic lactic acid bacteria.; Probiotic features of Lactobacillus plantarum mutant strains.; Lactobacillus plantarum passage through an oro-gastro-intestinal tract simulator: carrier matrix effect and transcriptional analysis of genes associated to stress and probiosis.; Lipoproteins Contribute to the Anti-inflammatory Capacity of Lactobacillus plantarum WCFS1.; Distinctive probiotic features share common TLR2-dependent signalling in intestinal epithelial cells.; Knock out of sHSP genes determines some modifications in the probiotic attitude of Lactiplantibacillus plantarum.; Lactobacillus pentosus SMB718 as a probiotic starter producing allyl mercaptan in garlic and onion-enriched fermentation.; Characterizing Different Probiotic-Derived Extracellular Vesicles as a Novel Adjuvant for Immunotherapy.; Comparison of the Probiotic Potential between Lactiplantibacillus plantarum Isolated from Kimchi and Standard Probiotic Strains Isolated from Different Sources.; Limosilactobacillus fermentum MG7011: An Amylase and Phytase Producing Starter for the Preparation of Rice-Based Probiotic Beverages.; Development of Anti-inflammatory Probiotic Limosilactobacillus reuteri EFEL6901 as Kimchi Starter: in vitro and In vivo Evidence.; Optimizing Conditions in the Acid Tolerance Test for Potential Probiotics Using Response Surface Methodology.; Antimicrobial potential of known and novel probiotics on in vitro periodontitis biofilms.","2024;2022;2003;2007;2009;2010;2011;2012;2012;2012;2013;2020;2021;2021;2020;2021;2021;2021;2021;2022;2023","38687019;36461198;12568753;17845408;19756155;20498715;22003019;22054064;22177712;22573266;23414698;32849426;32945079;33156458;33242049;33554596;34574235;34659181;34899643;35876583;36681674"
"Escherichia coli ETEC H10407","GCF_000210475.1","https://pubmed.ncbi.nlm.nih.gov/12672593/;https://pubmed.ncbi.nlm.nih.gov/16024231/","Probiotic and milk technological properties of Lactobacillus brevis.; Real-time PCR quantification of bacterial adhesion to Caco-2 cells: competition between bifidobacteria and enteropathogens.","2003;2005","12672593;16024231"
"Limosilactobacillus fermentum CECT 5716","GCF_000210515.1","https://pubmed.ncbi.nlm.nih.gov/40665828/;https://pubmed.ncbi.nlm.nih.gov/15681631/;https://pubmed.ncbi.nlm.nih.gov/16834593/;https://pubmed.ncbi.nlm.nih.gov/25084666/;https://pubmed.ncbi.nlm.nih.gov/25661998/;https://pubmed.ncbi.nlm.nih.gov/32952010/","Impact of extensively hydrolyzed infant formula on the probiotic and postbiotic properties of Lactobacillus fermentum in an in vitro co-culture model.; Probiotic potential of 3 Lactobacilli strains isolated from breast milk.; Antimicrobial potential of four Lactobacillus strains isolated from breast milk.; Assessment of probiotic properties in lactic acid bacteria isolated from wine.; Relationships between the genome and some phenotypical properties of Lactobacillus fermentum CECT 5716, a probiotic strain isolated from human milk.; Isolation and characterization of lactic acid bacteria from human milk.","2025;2005;2006;2014;2015;2020","40665828;15681631;16834593;25084666;25661998;32952010"
"Faecalibacterium prausnitzii L2-6","GCF_000210735.1","https://pubmed.ncbi.nlm.nih.gov/36164984/;https://pubmed.ncbi.nlm.nih.gov/37794596/;https://pubmed.ncbi.nlm.nih.gov/39653411/;https://pubmed.ncbi.nlm.nih.gov/38619680/;https://pubmed.ncbi.nlm.nih.gov/40077728/;https://pubmed.ncbi.nlm.nih.gov/28713353/","Faecalibacterium prausnitzii Attenuates CKD via Butyrate-Renal GPR43 Axis.; Microbiota-gut-brain axis drives overeating disorders.; Butyrate-producing Faecalibacterium prausnitzii suppresses natural killer/T-cell lymphoma by dampening the JAK-STAT pathway.; Next-generation probiotics: the upcoming biotherapeutics.; The Detrimental Impact of Ultra-Processed Foods on the Human Gut Microbiome and Gut Barrier.; Functional Characterization of Novel Faecalibacterium prausnitzii Strains Isolated from Healthy Volunteers: A Step Forward in the Use of F. prausnitzii as a Next-Generation Probiotic.","2022;2023;2025;2024;2025;2017","36164984;37794596;39653411;38619680;40077728;28713353"
"Enterococcus faecalis 62","GCF_000211255.2","https://pubmed.ncbi.nlm.nih.gov/38702495/;https://pubmed.ncbi.nlm.nih.gov/37237745/;https://pubmed.ncbi.nlm.nih.gov/39162453/;https://pubmed.ncbi.nlm.nih.gov/36922364/;https://pubmed.ncbi.nlm.nih.gov/22348541/","Enterococcus faecalis: implications for host health.; Enterococcal Phages: Food and Health Applications.; Whole-genome sequencing of Enterococcus faecalis probiotic strains isolated from raw milk of healthy cows.; Probiotic treatment (Enterococcus faecalis) improves symptoms of seasonal allergic rhinitis: A randomized controlled trial.; In vitro comparison of commensal, probiotic and pathogenic strains of Enterococcus faecalis.","2024;2023;2024;2023;2012","38702495;37237745;39162453;36922364;22348541"
"Ligilactobacillus ruminis SPM0211","GCF_000217755.1","https://pubmed.ncbi.nlm.nih.gov/21742873/;https://pubmed.ncbi.nlm.nih.gov/26502964/;https://pubmed.ncbi.nlm.nih.gov/16042074/","Genome sequence of Lactobacillus ruminis SPM0211, isolated from a fecal sample from a healthy Korean.; Antiviral effects of Lactobacillus ruminis SPM0211 and Bifidobacterium longum SPM1205 and SPM1206 on rotavirus-infected Caco-2 cells and a neonatal mouse model.; Identification of Lactobacillus ruminus SPM0211 isolated from healthy Koreans and its antimicrobial activity against some pathogens.","2011;2015;2005","21742873;26502964;16042074"
"Bifidobacterium breve UCC2003","GCF_000220135.1","https://pubmed.ncbi.nlm.nih.gov/22713271/;https://pubmed.ncbi.nlm.nih.gov/17906153/;https://pubmed.ncbi.nlm.nih.gov/24871429/;https://pubmed.ncbi.nlm.nih.gov/17537177/;https://pubmed.ncbi.nlm.nih.gov/19304838/;https://pubmed.ncbi.nlm.nih.gov/25994292/","Bifidobacterium breve UCC2003 surface exopolysaccharide production is a beneficial trait mediating commensal-host interaction through immune modulation and pathogen protection.; Improving gastric transit, gastrointestinal persistence and therapeutic efficacy of the probiotic strain Bifidobacterium breve UCC2003.; Autoinducer-2 plays a crucial role in gut colonization and probiotic functionality of Bifidobacterium breve UCC2003.; Impact of selected Lactobacillus and Bifidobacterium species on Listeria monocytogenes infection and the mucosal immune response.; Bile-inducible efflux transporter from Bifidobacterium longum NCC2705, conferring bile resistance.; Production of biologically active scFv and VHH antibody fragments in Bifidobacterium longum.","2012;2007;2014;2007;2009;2015","22713271;17906153;24871429;17537177;19304838;25994292"
"Bifidobacterium animalis subsp. lactis CNCM I-2494","GCF_000220885.1","https://pubmed.ncbi.nlm.nih.gov/37962097/;https://pubmed.ncbi.nlm.nih.gov/38172093/;https://pubmed.ncbi.nlm.nih.gov/31797399/;https://pubmed.ncbi.nlm.nih.gov/29227175/;https://pubmed.ncbi.nlm.nih.gov/30262813/","Probiotics for infantile colic: Is there evidence beyond doubt? A meta-analysis and systematic review.; Efficacy of Bifidobacterium animalis subsp. lactis BL-99 in the treatment of functional dyspepsia: a randomized placebo-controlled clinical trial.; The therapeutic efficacy of Bifidobacterium animalis subsp. lactis BB-12® in infant colic: A randomised, double blind, placebo-controlled trial.; Effects of 28-day Bifidobacterium animalis subsp. lactis HN019 supplementation on colonic transit time and gastrointestinal symptoms in adults with functional constipation: A double-blind, randomized, placebo-controlled, and dose-ranging trial.; Effects of daily consumption of the probiotic Bifidobacterium animalis subsp. lactis CECT 8145 on anthropometric adiposity biomarkers in abdominally obese subjects: a randomized controlled trial.","2024;2024;2020;2018;2019","37962097;38172093;31797399;29227175;30262813"
"Bifidobacterium animalis subsp. lactis BLC1","GCF_000224965.2","https://pubmed.ncbi.nlm.nih.gov/37962097/;https://pubmed.ncbi.nlm.nih.gov/38172093/;https://pubmed.ncbi.nlm.nih.gov/31797399/;https://pubmed.ncbi.nlm.nih.gov/29227175/;https://pubmed.ncbi.nlm.nih.gov/30262813/;https://pubmed.ncbi.nlm.nih.gov/23471038/","Probiotics for infantile colic: Is there evidence beyond doubt? A meta-analysis and systematic review.; Efficacy of Bifidobacterium animalis subsp. lactis BL-99 in the treatment of functional dyspepsia: a randomized placebo-controlled clinical trial.; The therapeutic efficacy of Bifidobacterium animalis subsp. lactis BB-12® in infant colic: A randomised, double blind, placebo-controlled trial.; Effects of 28-day Bifidobacterium animalis subsp. lactis HN019 supplementation on colonic transit time and gastrointestinal symptoms in adults with functional constipation: A double-blind, randomized, placebo-controlled, and dose-ranging trial.; Effects of daily consumption of the probiotic Bifidobacterium animalis subsp. lactis CECT 8145 on anthropometric adiposity biomarkers in abdominally obese subjects: a randomized controlled trial.; In vitro inhibition of Clostridium difficile and Clostridium perfringens by commercial probiotic strains.","2024;2024;2020;2018;2019;2013","37962097;38172093;31797399;29227175;30262813;23471038"
"Streptococcus salivarius M18","GCF_000225385.1","https://pubmed.ncbi.nlm.nih.gov/35098909/;https://pubmed.ncbi.nlm.nih.gov/37764667/;https://pubmed.ncbi.nlm.nih.gov/32099975/;https://pubmed.ncbi.nlm.nih.gov/27681377/;https://pubmed.ncbi.nlm.nih.gov/32034698/;https://pubmed.ncbi.nlm.nih.gov/32747998/;https://pubmed.ncbi.nlm.nih.gov/33667279/;https://pubmed.ncbi.nlm.nih.gov/33855669/;https://pubmed.ncbi.nlm.nih.gov/33962608/;https://pubmed.ncbi.nlm.nih.gov/33976484/;https://pubmed.ncbi.nlm.nih.gov/36688767/","Safety assessment of Streptococcus salivarius M18 a probiotic for oral health.; Antigingivitis and Antiplaque Effects of Oral Probiotic Containing the Streptococcus salivarius M18 Strain: A Randomized Clinical Trial.; Does Streptococcus Salivarius Strain M18 Assumption Make Black Stains Disappear in Children?; Investigation of Streptococcus salivarius-mediated inhibition of pneumococcal adherence to pharyngeal epithelial cells.; In vitro inhibitory effect of two commercial probiotics on chromogenic actinomycetes.; Cell-free supernatant of Streptococcus salivarius M18 impairs the pathogenic properties of Pseudomonas aeruginosa and Klebsiella pneumonia.; A concerted probiotic activity to inhibit periodontitis-associated bacteria.; A New Approach to Harness Probiotics Against Common Bacterial Skin Pathogens: Towards Living Antimicrobials.; Streptococcus salivarius inhibits immune activation by periodontal disease pathogens.; Comparative Evaluation of Antibacterial Activity of Probiotics SK12 and SM18: An In Vitro Study.; Lyophilized cell-free supernatants of the oral probiotics Streptococcus salivarius M18 and Streptococcus salivarius K12 show promises for milk safety.","2022;2023;2020;2016;2020;2020;2021;2021;2021;2020;2023","35098909;37764667;32099975;27681377;32034698;32747998;33667279;33855669;33962608;33976484;36688767"
"Enterococcus mundtii crl1656","GCF_000233395.1","https://pubmed.ncbi.nlm.nih.gov/24359825/;https://pubmed.ncbi.nlm.nih.gov/19041199/","Physicochemical factors differentially affect the biomass and bacteriocin production by bovine Enterococcus mundtii CRL1656.; Screening of surface properties and antagonistic substances production by lactic acid bacteria isolated from the mammary gland of healthy and mastitic cows.","2014;2009","24359825;19041199"
"Lacticaseibacillus rhamnosus R0011","GCF_000235785.1","https://pubmed.ncbi.nlm.nih.gov/35889193/;https://pubmed.ncbi.nlm.nih.gov/41821821/;https://pubmed.ncbi.nlm.nih.gov/35119951/;https://pubmed.ncbi.nlm.nih.gov/20308300/;https://pubmed.ncbi.nlm.nih.gov/30524427/;https://pubmed.ncbi.nlm.nih.gov/32392743/;https://pubmed.ncbi.nlm.nih.gov/32448573/;https://pubmed.ncbi.nlm.nih.gov/35794494/","Beneficial Shifts in Gut Microbiota by Lacticaseibacillus rhamnosus R0011 and Lactobacillus helveticus R0052 in Alcoholic Hepatitis.; Efficacy and safety of Lacticaseibacillus rhamnosus R0011 and Lactobacillus helveticus R0052 as an adjuvant for Helicobacter pylori eradication: a double-blind, randomized, placebo-controlled study.; Strategies to improve the survival of probiotic Lacticaseibacillus rhamnosus R0011 during the production and storage of granola bars.; Probiotic colonization of the adherent mucus layer of HT29MTXE12 cells attenuates Campylobacter jejuni virulence properties.; Suppression of Intestinal Epithelial Cell Chemokine Production by Lactobacillus rhamnosus R0011 and Lactobacillus helveticus R0389 Is Mediated by Secreted Bioactive Molecules.; Technological Characterisation of Probiotic Lactic Acid Bacteria as Starter Cultures for Dry Fermented Sausages.; Characterization of casein-derived peptide bioactivity: Differential effects on angiotensin-converting enzyme inhibition and cytokine and nitric oxide production.; Effect of probiotic bacteria on porcine rotavirus OSU infection of porcine intestinal epithelial IPEC-J2 cells.","2022;2023;2022;2010;2018;2020;2020;2022","35889193;41821821;35119951;20308300;30524427;32392743;32448573;35794494"
"Pediococcus acidilactici MA18/5M","GCF_000235805.1","https://pubmed.ncbi.nlm.nih.gov/38601152/;https://pubmed.ncbi.nlm.nih.gov/34944228/;https://pubmed.ncbi.nlm.nih.gov/31611864/;https://pubmed.ncbi.nlm.nih.gov/38606356/;https://pubmed.ncbi.nlm.nih.gov/22275099/;https://pubmed.ncbi.nlm.nih.gov/34919176/","The effects of Pediococcus acidilactici MA18/5M on growth performance, gut integrity, and immune response using in vitro and in vivo Pacific salmonid models.; Dietary Probiotic Pediococcus acidilactici MA18/5M Improves the Growth, Feed Performance and Antioxidant Status of Penaeid Shrimp Litopenaeus stylirostris: A Growth-Ration-Size Approach.; Influence of Dietary Supplementation of Probiotic Pediococcus acidilactici MA18/5M During the Transition From Freshwater to Seawater on Intestinal Health and Microbiota of Atlantic Salmon (Salmo salar L.).; Effect of a probiotic and an antibiotic on the mobilome of the porcine microbiota.; Draft genome sequence of probiotic strain Pediococcus acidilactici MA18/5M.; A novel probiotic strain, Lactiplantibacillus plantarum LC38, isolated from Tunisian camel milk promoting wound healing in Wistar diabetic rats.","2024;2021;2019;2024;2012;2021","38601152;34944228;31611864;38606356;22275099;34919176"
"Limosilactobacillus reuteri subsp. suis","GCF_000236455.2","https://pubmed.ncbi.nlm.nih.gov/36982942/;https://pubmed.ncbi.nlm.nih.gov/39287815/;https://pubmed.ncbi.nlm.nih.gov/36876070/;https://pubmed.ncbi.nlm.nih.gov/36980306/","Lacticaseibacillus rhamnosus ATCC 53103 and Limosilactobacillus reuteri ATCC 53608 Synergistically Boost Butyrate Levels upon Tributyrin Administration Ex Vivo.; Oxygen Transfer Effect on the Growth of Limosilactobacillus reuteri ATCC 53608 and on Its Metabolic Capacity.; Integrative ATAC-seq and RNA-seq analyses of IPEC-J2 cells reveals porcine transcription and chromatin accessibility changes associated with Escherichia coli F18ac inhibited by Lactobacillus reuteri.; Chromatin Accessibility and Transcriptional Landscape during Inhibition of Salmonella enterica by Lactobacillus reuteri in IPEC-J2 Cells.","2023;2024;2023;2023","36982942;39287815;36876070;36980306"
"Lactiplantibacillus plantarum subsp. plantarum NC8","GCF_000247735.1","https://pubmed.ncbi.nlm.nih.gov/36571922/;https://pubmed.ncbi.nlm.nih.gov/40749709/;https://pubmed.ncbi.nlm.nih.gov/40269965/;https://pubmed.ncbi.nlm.nih.gov/38841895/;https://pubmed.ncbi.nlm.nih.gov/40114208/;https://pubmed.ncbi.nlm.nih.gov/22177712/;https://pubmed.ncbi.nlm.nih.gov/25331988/;https://pubmed.ncbi.nlm.nih.gov/37202651/","A novel approach to Lactiplantibacillus plantarum: From probiotic properties to the omics insights.; Harnessing Lactiplantibacillus plantarum EP21 and its membrane vesicles to inhibit myopia development.; Lactiplantibacillus plantarum -derived extracellular vesicles alleviate acute lung injury by inhibiting ferroptosis of macrophages.; Enhancing social behavior in an autism spectrum disorder mouse model: investigating the underlying mechanisms of Lactiplantibacillus plantarum intervention.; Reducing severity of inflammatory bowel disease through colonization of Lactiplantibacillus plantarum and its extracellular vesicles release.; In vitro testing of commercial and potential probiotic lactic acid bacteria.; Immunomodulation of monocytes by probiotic and selected lactic Acid bacteria.; Immunomodulatory Activity on Human Macrophages by Cell-Free Supernatants to Explore the Probiotic and Postbiotic Potential of Lactiplantibacillus plantarum Strains of Plant Origin.","2023;2025;2025;2024;2025;2012;2015;2024","36571922;40749709;40269965;38841895;40114208;22177712;25331988;37202651"
"Ligilactobacillus salivarius SMXD51","GCF_000260335.1","https://pubmed.ncbi.nlm.nih.gov/22582370/;https://pubmed.ncbi.nlm.nih.gov/23122647/;https://pubmed.ncbi.nlm.nih.gov/27432696/","Genome sequence of Lactobacillus salivarius SMXD51, a potential probiotic strain isolated from chicken cecum, showing anti-campylobacter activity.; In vitro evaluation of the probiotic potential of Lactobacillus salivarius SMXD51.; Use of the potential probiotic strain Lactobacillus salivarius SMXD51 to control Campylobacter jejuni in broilers.","2012;2012;2017","22582370;23122647;27432696"
"Bifidobacterium animalis subsp. animalis ATCC 25527","GCF_000260715.1","https://pubmed.ncbi.nlm.nih.gov/37962097/;https://pubmed.ncbi.nlm.nih.gov/38172093/;https://pubmed.ncbi.nlm.nih.gov/31797399/;https://pubmed.ncbi.nlm.nih.gov/29227175/;https://pubmed.ncbi.nlm.nih.gov/30262813/;https://pubmed.ncbi.nlm.nih.gov/36039384/","Probiotics for infantile colic: Is there evidence beyond doubt? A meta-analysis and systematic review.; Efficacy of Bifidobacterium animalis subsp. lactis BL-99 in the treatment of functional dyspepsia: a randomized placebo-controlled clinical trial.; The therapeutic efficacy of Bifidobacterium animalis subsp. lactis BB-12® in infant colic: A randomised, double blind, placebo-controlled trial.; Effects of 28-day Bifidobacterium animalis subsp. lactis HN019 supplementation on colonic transit time and gastrointestinal symptoms in adults with functional constipation: A double-blind, randomized, placebo-controlled, and dose-ranging trial.; Effects of daily consumption of the probiotic Bifidobacterium animalis subsp. lactis CECT 8145 on anthropometric adiposity biomarkers in abdominally obese subjects: a randomized controlled trial.; Immunomodulatory Effects of Bifidobacterium spp. and Use of Bifidobacterium breve and Bifidobacterium longum on Acute Diarrhea in Children.","2024;2024;2020;2018;2019;2022","37962097;38172093;31797399;29227175;30262813;36039384"
"Bifidobacterium longum subsp. longum 44B","GCF_000261265.1","https://pubmed.ncbi.nlm.nih.gov/36973397/;https://pubmed.ncbi.nlm.nih.gov/38091982/;https://pubmed.ncbi.nlm.nih.gov/36216361/;https://pubmed.ncbi.nlm.nih.gov/28483500/;https://pubmed.ncbi.nlm.nih.gov/36615708/;https://pubmed.ncbi.nlm.nih.gov/25994292/","Artificial-enzymes-armed Bifidobacterium longum probiotics for alleviating intestinal inflammation and microbiota dysbiosis.; Bifidobacterium longum promotes postoperative liver function recovery in patients with hepatocellular carcinoma.; Usefulness of Bifidobacterium longum BB536 in Elderly Individuals With Chronic Constipation: A Randomized Controlled Trial.; Probiotic Bifidobacterium longum NCC3001 Reduces Depression Scores and Alters Brain Activity: A Pilot Study in Patients With Irritable Bowel Syndrome.; Probiotic Bifidobacterium longum BB68S Improves Cognitive Functions in Healthy Older Adults: A Randomized, Double-Blind, Placebo-Controlled Trial.; Production of biologically active scFv and VHH antibody fragments in Bifidobacterium longum.","2023;2024;2023;2017;2022;2015","36973397;38091982;36216361;28483500;36615708;25994292"
"Bifidobacterium bifidum BGN4","GCF_000265095.1","https://pubmed.ncbi.nlm.nih.gov/37150125/;https://pubmed.ncbi.nlm.nih.gov/27649150/;https://pubmed.ncbi.nlm.nih.gov/29747442/;https://pubmed.ncbi.nlm.nih.gov/35278878/","Gut microbiota indole-3-propionic acid mediates neuroprotective effect of probiotic consumption in healthy elderly: A randomized, double-blind, placebo-controlled, multicenter trial and in vitro study.; Review on Bifidobacterium bifidum BGN4: Functionality and Nutraceutical Applications as a Probiotic Microorganism.; Safety Evaluations of Bifidobacterium bifidum BGN4 and Bifidobacterium longum BORI.; Bifidobacterium bifidum BGN4 and Bifidobacterium longum BORI promotes neuronal rejuvenation in aged mice.","2023;2016;2018;2022","37150125;27649150;29747442;35278878"
"Lactiplantibacillus pentosus KCA1","GCF_000271445.1","https://pubmed.ncbi.nlm.nih.gov/36681674/","Antimicrobial potential of known and novel probiotics on in vitro periodontitis biofilms.","2023","36681674"
"Bifidobacterium animalis subsp. lactis B420","GCF_000277325.1","https://pubmed.ncbi.nlm.nih.gov/37962097/;https://pubmed.ncbi.nlm.nih.gov/38172093/;https://pubmed.ncbi.nlm.nih.gov/31797399/;https://pubmed.ncbi.nlm.nih.gov/29227175/;https://pubmed.ncbi.nlm.nih.gov/30262813/;https://pubmed.ncbi.nlm.nih.gov/37374969/","Probiotics for infantile colic: Is there evidence beyond doubt? A meta-analysis and systematic review.; Efficacy of Bifidobacterium animalis subsp. lactis BL-99 in the treatment of functional dyspepsia: a randomized placebo-controlled clinical trial.; The therapeutic efficacy of Bifidobacterium animalis subsp. lactis BB-12® in infant colic: A randomised, double blind, placebo-controlled trial.; Effects of 28-day Bifidobacterium animalis subsp. lactis HN019 supplementation on colonic transit time and gastrointestinal symptoms in adults with functional constipation: A double-blind, randomized, placebo-controlled, and dose-ranging trial.; Effects of daily consumption of the probiotic Bifidobacterium animalis subsp. lactis CECT 8145 on anthropometric adiposity biomarkers in abdominally obese subjects: a randomized controlled trial.; Effects of Bacterial Lysates and Metabolites on Collagen Homeostasis in TNF-α-Challenged Human Dermal Fibroblasts.","2024;2024;2020;2018;2019;2023","37962097;38172093;31797399;29227175;30262813;37374969"
"Bifidobacterium animalis subsp. lactis Bi-07","GCF_000277345.1","https://pubmed.ncbi.nlm.nih.gov/19651563/;https://pubmed.ncbi.nlm.nih.gov/25191600/;https://pubmed.ncbi.nlm.nih.gov/20167618/;https://pubmed.ncbi.nlm.nih.gov/37374969/","Probiotic effects on cold and influenza-like symptom incidence and duration in children.; Consumption of Bifidobacterium lactis Bi-07 by healthy elderly adults enhances phagocytic activity of monocytes and granulocytes.; DnaK from Bifidobacterium animalis subsp. lactis is a surface-exposed human plasminogen receptor upregulated in response to bile salts.; Effects of Bacterial Lysates and Metabolites on Collagen Homeostasis in TNF-α-Challenged Human Dermal Fibroblasts.","2009;2013;2010;2023","19651563;25191600;20167618;37374969"
"Loigolactobacillus coryniformis subsp. coryniformis CECT 5711","GCF_000283115.1","https://pubmed.ncbi.nlm.nih.gov/16636989/;https://pubmed.ncbi.nlm.nih.gov/16834593/","The consumption of two new probiotic strains, Lactobacillus gasseri CECT 5714 and Lactobacillus coryniformis CECT 5711, boosts the immune system of healthy humans.; Antimicrobial potential of four Lactobacillus strains isolated from breast milk.","2006;2006","16636989;16834593"
"Streptococcus macedonicus ACA-DC 198","GCF_000283635.1","https://pubmed.ncbi.nlm.nih.gov/18077037/;https://pubmed.ncbi.nlm.nih.gov/19264370/","Lactobacillus fermentum ACA-DC 179 displays probiotic potential in vitro and protects against trinitrobenzene sulfonic acid (TNBS)-induced colitis and Salmonella infection in murine models.; Differential crosstalk between epithelial cells, dendritic cells and bacteria in a co-culture model.","2008;2009","18077037;19264370"
"Streptococcus salivarius K12","GCF_000286295.1","https://pubmed.ncbi.nlm.nih.gov/38215354/;https://pubmed.ncbi.nlm.nih.gov/30616011/;https://pubmed.ncbi.nlm.nih.gov/40454994/;https://pubmed.ncbi.nlm.nih.gov/18625732/;https://pubmed.ncbi.nlm.nih.gov/20418429/;https://pubmed.ncbi.nlm.nih.gov/22054727/;https://pubmed.ncbi.nlm.nih.gov/22243526/;https://pubmed.ncbi.nlm.nih.gov/23241973/;https://pubmed.ncbi.nlm.nih.gov/24941127/;https://pubmed.ncbi.nlm.nih.gov/27681377/;https://pubmed.ncbi.nlm.nih.gov/30719328/;https://pubmed.ncbi.nlm.nih.gov/30776138/;https://pubmed.ncbi.nlm.nih.gov/33419248/;https://pubmed.ncbi.nlm.nih.gov/33667279/;https://pubmed.ncbi.nlm.nih.gov/33855669/;https://pubmed.ncbi.nlm.nih.gov/33962608/;https://pubmed.ncbi.nlm.nih.gov/33976484/;https://pubmed.ncbi.nlm.nih.gov/35875243/;https://pubmed.ncbi.nlm.nih.gov/36643262/;https://pubmed.ncbi.nlm.nih.gov/36688767/;https://pubmed.ncbi.nlm.nih.gov/37209320/","Streptococcus salivarius K12 Alleviates Oral Mucositis in Patients Undergoing Radiotherapy for Malignant Head and Neck Tumors: A Randomized Controlled Trial.; Effectiveness of the probiotic Streptococcus salivarius K12 for the treatment and/or prevention of sore throat: a systematic review.; Environmental pH controls antimicrobial production by human probiotic Streptococcus salivarius.; The commensal Streptococcus salivarius K12 downregulates the innate immune responses of human epithelial cells and promotes host-microbe homeostasis.; Oral bacteria as potential probiotics for the pharyngeal mucosa.; Isolation and characterization of probiotic strains for improving oral health.; Bacteriocin-producing oral streptococci and inhibition of respiratory pathogens.; Protective mechanisms of respiratory tract Streptococci against Streptococcus pyogenes biofilm formation and epithelial cell infection.; Variable characteristics of bacteriocin-producing Streptococcus salivarius strains isolated from Malaysian subjects.; Investigation of Streptococcus salivarius-mediated inhibition of pneumococcal adherence to pharyngeal epithelial cells.; Influence of Probiotic Culture Supernatants on In Vitro Biofilm Formation of Staphylococci.; Antagonistic effects of Streptococcus and Lactobacillus probiotics in pharyngeal biofilms.; In vitro Interactions between Streptococcus intermedius and Streptococcus salivarius K12 on a Titanium Cylindrical Surface.; A concerted probiotic activity to inhibit periodontitis-associated bacteria.; A New Approach to Harness Probiotics Against Common Bacterial Skin Pathogens: Towards Living Antimicrobials.; Streptococcus salivarius inhibits immune activation by periodontal disease pathogens.; Comparative Evaluation of Antibacterial Activity of Probiotics SK12 and SM18: An In Vitro Study.; Growth characteristic of probiotic in fermented coconut milk and the antibacterial properties against Streptococcus pyogenes.; Inhibitory effects of Streptococcus salivarius K12 on formation of cariogenic biofilm.; Lyophilized cell-free supernatants of the oral probiotics Streptococcus salivarius M18 and Streptococcus salivarius K12 show promises for milk safety.; Isolation and Characteristics of Extracellular Vesicles Produced by Probiotics: Yeast Saccharomyces boulardii CNCM I-745 and Bacterium Streptococcus salivarius K12.","2024;2019;2025;2008;2010;2012;2012;2013;2014;2016;2018;2019;2020;2021;2021;2021;2020;2022;2023;2023;2024","38215354;30616011;40454994;18625732;20418429;22054727;22243526;23241973;24941127;27681377;30719328;30776138;33419248;33667279;33855669;33962608;33976484;35875243;36643262;36688767;37209320"
"Enterococcus faecalis str. Symbioflor 1","GCF_000317915.1","https://pubmed.ncbi.nlm.nih.gov/31718570/;https://pubmed.ncbi.nlm.nih.gov/38702495/;https://pubmed.ncbi.nlm.nih.gov/37237745/;https://pubmed.ncbi.nlm.nih.gov/39162453/;https://pubmed.ncbi.nlm.nih.gov/36922364/;https://pubmed.ncbi.nlm.nih.gov/22348541/;https://pubmed.ncbi.nlm.nih.gov/33362752/","Isolation, characterization, and assessment of lactic acid bacteria toward their selection as poultry probiotics.; Enterococcus faecalis: implications for host health.; Enterococcal Phages: Food and Health Applications.; Whole-genome sequencing of Enterococcus faecalis probiotic strains isolated from raw milk of healthy cows.; Probiotic treatment (Enterococcus faecalis) improves symptoms of seasonal allergic rhinitis: A randomized controlled trial.; In vitro comparison of commensal, probiotic and pathogenic strains of Enterococcus faecalis.; Assessment of Safety and Probiotic Traits of Enterococcus durans OSY-EGY, Isolated From Egyptian Artisanal Cheese, Using Comparative Genomics and Phenotypic Analyses.","2019;2024;2023;2024;2023;2012;2020","31718570;38702495;37237745;39162453;36922364;22348541;33362752"
"Bifidobacterium thermophilum RBL67","GCF_000347695.1","https://pubmed.ncbi.nlm.nih.gov/26313935/;https://pubmed.ncbi.nlm.nih.gov/19298509/;https://pubmed.ncbi.nlm.nih.gov/25364390/;https://pubmed.ncbi.nlm.nih.gov/27727323/","Effect of Bifidobacterium thermophilum RBL67 and fructo-oligosaccharides on the gut microbiota in Göttingen minipigs.; Co-cultivation of a bacteriocin-producing mixed culture of Bifidobacterium thermophilum RBL67 and Pediococcus acidilactici UVA1 isolated from baby faeces.; Synergistic effects of Bifidobacterium thermophilum RBL67 and selected prebiotics on inhibition of Salmonella colonization in the swine proximal colon PolyFermS model.; Study of the Ability of Bifidobacteria of Human Origin to Prevent and Treat Rotavirus Infection Using Colonic Cell and Mouse Models.","2015;2009;2014;2016","26313935;19298509;25364390;27727323"
"Levilactobacillus brevis KB290","GCF_000359625.1","https://pubmed.ncbi.nlm.nih.gov/38742994/;https://pubmed.ncbi.nlm.nih.gov/39798036/;https://pubmed.ncbi.nlm.nih.gov/37447381/;https://pubmed.ncbi.nlm.nih.gov/38179912/;https://pubmed.ncbi.nlm.nih.gov/36673393/;https://pubmed.ncbi.nlm.nih.gov/19583990/;https://pubmed.ncbi.nlm.nih.gov/21652104/;https://pubmed.ncbi.nlm.nih.gov/23314377/;https://pubmed.ncbi.nlm.nih.gov/26272823/","Supplementation with a Probiotic Formula Having β-Glucuronidase Activity Modulates Serum Estrogen Levels in Healthy Peri- and Postmenopausal Women.; Effect of Probiotics on the Symptomatology of Autism Spectrum Disorder and/or Attention Deficit/Hyperactivity Disorder in Children and Adolescents: Pilot Study.; Looking for the Ideal Probiotic Healing Regime.; Complete genome sequence of Levilactobacillus brevis NSMJ23, makgeolli isolate with antimicrobial activity.; Gamma-Aminobutyric Acid-Producing Levilactobacillus brevis Strains as Probiotics in Litchi Juice Fermentation.; Safety assessment of Lactobacillus brevis KB290 as a probiotic strain.; Evaluation of probiotic characteristics of newly isolated Lactobacillus spp.: immune modulation and longevity.; Lactobacillus brevis KB290 enhances IL-8 secretion by Vibrio parahaemolyticus-infected Caco-2 cells.; Growth characteristics of Lactobacillus brevis KB290 in the presence of bile.","2024;2025;2023;2024;2023;2009;2011;2013;2015","38742994;39798036;37447381;38179912;36673393;19583990;21652104;23314377;26272823"
"Streptococcus oralis subsp. dentisani 7746","GCF_000382805.1","https://pubmed.ncbi.nlm.nih.gov/40858544/;https://pubmed.ncbi.nlm.nih.gov/34908459/;https://pubmed.ncbi.nlm.nih.gov/39684553/;https://pubmed.ncbi.nlm.nih.gov/34554489/;https://pubmed.ncbi.nlm.nih.gov/31041198/;https://pubmed.ncbi.nlm.nih.gov/33667279/","Enrichment of Streptococcus oralis in respiratory microbiome enhance innate immunity and protects against influenza infection.; Understanding Lactobacillus paracasei and Streptococcus oralis Biofilm Interactions through Agent-Based Modeling.; Antibiofilm Effects of Novel Compounds in Otitis Media Treatment: Systematic Review.; Interactions between probiotic and oral pathogenic strains.; Isolation and Bacteriocin-Related Typing of Streptococcus dentisani.; A concerted probiotic activity to inhibit periodontitis-associated bacteria.","2025;2021;2024;2021;2019;2021","40858544;34908459;39684553;34554489;31041198;33667279"
"Lactobacillus acidophilus La-14","GCF_000389675.2","https://pubmed.ncbi.nlm.nih.gov/23788546/;https://pubmed.ncbi.nlm.nih.gov/34540177/;https://pubmed.ncbi.nlm.nih.gov/28545241/;https://pubmed.ncbi.nlm.nih.gov/31941108/;https://pubmed.ncbi.nlm.nih.gov/22143809/;https://pubmed.ncbi.nlm.nih.gov/25366201/;https://pubmed.ncbi.nlm.nih.gov/25729438/;https://pubmed.ncbi.nlm.nih.gov/32403331/;https://pubmed.ncbi.nlm.nih.gov/36688748/;https://pubmed.ncbi.nlm.nih.gov/36838294/;https://pubmed.ncbi.nlm.nih.gov/37404182/","Complete Genome Sequence of Probiotic Strain Lactobacillus acidophilus La-14.; Effect of giving probiotic supplement Lactobacillus acidophilus La-14 as an immunomodulator to maintain a respiratory system in Mus musculus.; Lactobacillus rhamnosus HN001 and Lactobacillus acidophilus La-14 Attenuate Gardnerella vaginalis-Infected Bacterial Vaginosis in Mice.; Dose-Response Recovery of Probiotic Strains in Simulated Gastro-Intestinal Passage.; Bacteriocin production and resistance to drugs are advantageous features for Lactobacillus acidophilus La-14, a potential probiotic strain.; Probiotic potential of lactic acid bacteria present in home made curd in southern India.; Cocktails of probiotics pre-adapted to multiple stress factors are more robust under simulated gastrointestinal conditions than their parental counterparts and exhibit enhanced antagonistic capabilities against Escherichia coli and Staphylococcus aureus.; Antimicrobial Efficacy of Five Probiotic Strains Against Helicobacter pylori.; Effect of Lactobacillus spp. cell-free supernatant against planktonic growth and biofilm formation of foodborne Escherichia coli isolates.; In Vitro Screen of Lactobacilli Strains for Gastrointestinal and Vaginal Benefits.; Inhibition of Toxic Shock Syndrome-Associated Staphylococcus aureus by Probiotic Lactobacilli.","2013;2021;2017;2020;2011;2014;2015;2020;2023;2023;2023","23788546;34540177;28545241;31941108;22143809;25366201;25729438;32403331;36688748;36838294;37404182"
"Enterococcus faecalis ATCC 19433 = NBRC 100480","GCF_000392875.1","","","",""
"Lactobacillus paragasseri K7","GCF_000406345.2","https://pubmed.ncbi.nlm.nih.gov/36920716/;https://pubmed.ncbi.nlm.nih.gov/32945079/;https://pubmed.ncbi.nlm.nih.gov/41658133/","Probiotic Lactobacillus paragasseri K7 Nanofiber Encapsulation Using Nozzle-Free Electrospinning.; Distinctive probiotic features share common TLR2-dependent signalling in intestinal epithelial cells.; Hybrid Electrospun Fibers for Rapid Delivery of Lactobacillus paragasseri K7 and Lactoferrin as Live Biotherapeutics and Postbiotics.","2023;2021;2026","36920716;32945079;41658133"
"Lactiplantibacillus plantarum 16","GCF_000412205.1","https://pubmed.ncbi.nlm.nih.gov/42264351/;https://pubmed.ncbi.nlm.nih.gov/25610566/","Effects of Lactiplantibacillus plantarum 16 fermentation on antioxidant capacity and bitterness of enzymatically hydrolyzed skim milk.; Investigation of antibacterial, acid and bile tolerance properties of lactobacilli isolated from Koozeh cheese.","2026;2012","42264351;25610566"
"Lacticaseibacillus rhamnosus CRL1505","GCF_000414365.1","https://pubmed.ncbi.nlm.nih.gov/38342337/;https://pubmed.ncbi.nlm.nih.gov/38930591/;https://pubmed.ncbi.nlm.nih.gov/37317122/;https://pubmed.ncbi.nlm.nih.gov/42382064/;https://pubmed.ncbi.nlm.nih.gov/40141330/;https://pubmed.ncbi.nlm.nih.gov/37431006/","Can Lacticaseibacillus rhamnosus CRL1505 postbiotic improve emergency myelopoiesis in immunocompromised mice?; The Mucus-Binding Factor Mediates Lacticaseibacillus rhamnosus CRL1505 Adhesion but Not Immunomodulation in the Respiratory Tract.; Oral Administration of Lacticaseibacillus rhamnosus CRL1505 Modulates Lung Innate Immune Response against Klebsiella pneumoniae ST25.; A novel postbiotic from Lacticaseibacillus rhamnosus CRL1505 able to enhance the steady-state myelopoiesis.; Modulation of Macrophages TLR4-Mediated Transcriptional Response by Lacticaseibacillus rhamnosus CRL1505 and Lactiplantibacillus plantarum CRL1506.; Lactiplantibacillus plantarum LOC1 Isolated from Fresh Tea Leaves Modulates Macrophage Response to TLR4 Activation.","2024;2024;2023;2026;2025;2022","38342337;38930591;37317122;42382064;40141330;37431006"
"Acidipropionibacterium thoenii DSM 20276","GCF_000423445.1","https://pubmed.ncbi.nlm.nih.gov/39444738/;https://pubmed.ncbi.nlm.nih.gov/37808311/","Application of propionate-producing bacterial consortium in ruminal methanogenesis inhibited environment with bromoethanesulfonate as a methanogen direct inhibitor.; Evaluation of probiotic growth stimulation using prebiotic ingredients to optimize compounds for in ovo delivery.","2024;2023","39444738;37808311"
"Lactococcus lactis subsp. lactis A12","GCF_000442845.1","https://pubmed.ncbi.nlm.nih.gov/38998093/;https://pubmed.ncbi.nlm.nih.gov/40424401/;https://pubmed.ncbi.nlm.nih.gov/37423403/","Assessment of Encapsulated Probiotic Lactococcus lactis A12 Viability Using an In Vitro Digestion Model for Tilapia.; Encapsulation improves viability and stability of spray-dried Lactococcus lactis A12 for inclusion in fish feed.; Evaluation of dietary single probiotic isolates and probiotic multistrain consortia in growth performance, gut histology, gut microbiota, immune regulation, and infection resistance of Nile tilapia, Oreochromis niloticus, shows superior monostrain performance.","2024;2025;2023","38998093;40424401;37423403"
"Bifidobacterium bifidum ATCC 29521 = JCM 1255 = DSM 20456","GCF_000466525.1","https://pubmed.ncbi.nlm.nih.gov/32145470/;https://pubmed.ncbi.nlm.nih.gov/26863255/;https://pubmed.ncbi.nlm.nih.gov/22541391/;https://pubmed.ncbi.nlm.nih.gov/36039384/","Inhibitory effect of Bifidobacterium bifidum ATCC 29521 on colitis and its mechanism.; Efficacy of oral Bifidobacterium bifidum ATCC 29521 on microflora and antioxidant in mice.; In vitro inhibition of expression of virulence genes responsible for colonization and systemic spread of enteric pathogens using Bifidobacterium bifidum secreted molecules.; Immunomodulatory Effects of Bifidobacterium spp. and Use of Bifidobacterium breve and Bifidobacterium longum on Acute Diarrhea in Children.","2020;2016;2012;2022","32145470;26863255;22541391;36039384"
"Limosilactobacillus fermentum 3872","GCF_000466785.3","https://pubmed.ncbi.nlm.nih.gov/38717735/;https://pubmed.ncbi.nlm.nih.gov/28766992/","Comparative Probiogenomics Analysis of Limosilactobacillus fermentum 3872.; Lactobacillus fermentum 3872 as a potential tool for combatting Campylobacter jejuni infections.","2025;2017","38717735;28766992"
"Lactobacillus crispatus 2029","GCF_000466885.3","https://pubmed.ncbi.nlm.nih.gov/25028263/","Probiotic Properties of Lactobacillus crispatus 2,029: Homeostatic Interaction with Cervicovaginal Epithelial Cells and Antagonistic Activity to Genitourinary Pathogens.","2014","25028263"
"Levilactobacillus brevis ATCC 14869 = DSM 20054","GCF_000469365.1","https://pubmed.ncbi.nlm.nih.gov/24919536/;https://pubmed.ncbi.nlm.nih.gov/32161924/","A comparative study of the effect of probiotics on cariogenic biofilm model for preventing dental caries.; Probiotic Properties of Lactobacillus brevis KU200019 and Synergistic Activity with Fructooligosaccharides in Antagonistic Activity against Foodborne Pathogens.","2014;2020","24919536;32161924"
"Bifidobacterium animalis subsp. lactis ATCC 27673","GCF_000471945.1","https://pubmed.ncbi.nlm.nih.gov/37962097/;https://pubmed.ncbi.nlm.nih.gov/38172093/;https://pubmed.ncbi.nlm.nih.gov/31797399/;https://pubmed.ncbi.nlm.nih.gov/29227175/;https://pubmed.ncbi.nlm.nih.gov/30262813/;https://pubmed.ncbi.nlm.nih.gov/33278515/","Probiotics for infantile colic: Is there evidence beyond doubt? A meta-analysis and systematic review.; Efficacy of Bifidobacterium animalis subsp. lactis BL-99 in the treatment of functional dyspepsia: a randomized placebo-controlled clinical trial.; The therapeutic efficacy of Bifidobacterium animalis subsp. lactis BB-12® in infant colic: A randomised, double blind, placebo-controlled trial.; Effects of 28-day Bifidobacterium animalis subsp. lactis HN019 supplementation on colonic transit time and gastrointestinal symptoms in adults with functional constipation: A double-blind, randomized, placebo-controlled, and dose-ranging trial.; Effects of daily consumption of the probiotic Bifidobacterium animalis subsp. lactis CECT 8145 on anthropometric adiposity biomarkers in abdominally obese subjects: a randomized controlled trial.; Antagonist effect of probiotic bifidobacteria on biofilms of pathogens associated with periodontal disease.","2024;2024;2020;2018;2019;2021","37962097;38172093;31797399;29227175;30262813;33278515"
"Limosilactobacillus fermentum Lf1","GCF_000472265.1","https://pubmed.ncbi.nlm.nih.gov/34015494/;https://pubmed.ncbi.nlm.nih.gov/25366201/;https://pubmed.ncbi.nlm.nih.gov/26019620/","Extractable surface proteins of indigenous probiotic strains confer anti-adhesion knack and protect against methicillin-resistant Staphylococcus aureus induced epithelial hyperpermeability in HT-29 cell line.; Probiotic potential of lactic acid bacteria present in home made curd in southern India.; Antimicrobial activity and antibiotic susceptibility of Lactobacillus and Bifidobacterium spp. intended for use as starter and probiotic cultures.","2021;2014;2015","34015494;25366201;26019620"
"Lactiplantibacillus plantarum LP91","GCF_000473935.1","https://pubmed.ncbi.nlm.nih.gov/36571922/;https://pubmed.ncbi.nlm.nih.gov/40749709/;https://pubmed.ncbi.nlm.nih.gov/40269965/;https://pubmed.ncbi.nlm.nih.gov/38841895/;https://pubmed.ncbi.nlm.nih.gov/40114208/;https://pubmed.ncbi.nlm.nih.gov/20416373/;https://pubmed.ncbi.nlm.nih.gov/21674190/;https://pubmed.ncbi.nlm.nih.gov/25212764/","A novel approach to Lactiplantibacillus plantarum: From probiotic properties to the omics insights.; Harnessing Lactiplantibacillus plantarum EP21 and its membrane vesicles to inhibit myopia development.; Lactiplantibacillus plantarum -derived extracellular vesicles alleviate acute lung injury by inhibiting ferroptosis of macrophages.; Enhancing social behavior in an autism spectrum disorder mouse model: investigating the underlying mechanisms of Lactiplantibacillus plantarum intervention.; Reducing severity of inflammatory bowel disease through colonization of Lactiplantibacillus plantarum and its extracellular vesicles release.; Expression of the atpD gene in probiotic Lactobacillus plantarum strains under in vitro acidic conditions using RT-qPCR.; Relative gene expression of bile salt hydrolase and surface proteins in two putative indigenous Lactobacillus plantarum strains under in vitro gut conditions.; Adhesion of indigenous Lactobacillus plantarum to gut extracellular matrix and its physicochemical characterization.","2023;2025;2025;2024;2025;2010;2012;2015","36571922;40749709;40269965;38841895;40114208;20416373;21674190;25212764"
"Lactococcus lactis subsp. lactis NCDO 2118","GCF_000478255.1","https://pubmed.ncbi.nlm.nih.gov/25110521/;https://pubmed.ncbi.nlm.nih.gov/36821043/;https://pubmed.ncbi.nlm.nih.gov/34987390/;https://pubmed.ncbi.nlm.nih.gov/31031733/;https://pubmed.ncbi.nlm.nih.gov/36914312/","Anti-inflammatory effects of Lactococcus lactis NCDO 2118 during the remission period of chemically induced colitis.; Immunomodulatory effects of different strains of Lactococcus lactis in DSS-induced colitis.; SlpB Protein Enhances the Probiotic Potential of L. lactis NCDO 2118 in Colitis Mice Model.; Quantitative Proteomic Analysis of the Response of Probiotic Putative Lactococcus lactis NCDO 2118 Strain to Different Oxygen Availability Under Temperature Variation.; Development of innovative fermented products by exploiting the diversity of immunomodulatory properties and fermentative activity of lactic and propionic acid bacteria.","2014;2023;2021;2019;2023","25110521;36821043;34987390;31031733;36914312"
"Latilactobacillus sakei subsp. sakei LS25","GCF_000478625.2","https://pubmed.ncbi.nlm.nih.gov/40676109/;https://pubmed.ncbi.nlm.nih.gov/35997270/;https://pubmed.ncbi.nlm.nih.gov/40329628/;https://pubmed.ncbi.nlm.nih.gov/37997261/;https://pubmed.ncbi.nlm.nih.gov/37589784/;https://pubmed.ncbi.nlm.nih.gov/22177712/","Efficacy and safety of Latilactobacillus sakei LB-P12 in patients with knee osteoarthritis: an exploratory randomized, double-blind, placebo-controlled clinical trial.; Latilactobacillus sakei: a candidate probiotic with a key role in food fermentations and health promotion.; Latilactobacillus sakei LB-P12 Ameliorates Osteoarthritis by Reducing Cartilage Degradation and Inflammation via Regulation of NF-κB/HIF-2α Pathway.; Heat-Treated Paraprobiotic Latilactobacillus sakei KU15041 and Latilactobacillus curvatus KU15003 Show an Antioxidant and Immunostimulatory Effect.; Heat-Killed Latilactobacillus sakei CNSC001WB and Lactobacillus pentosus WB693 Have an Anti-inflammatory Effect on LPS-Stimulated RAW 264.7 Cells.; In vitro testing of commercial and potential probiotic lactic acid bacteria.","2025;2024;2025;2024;2024;2012","40676109;35997270;40329628;37997261;37589784;22177712"
"Adlercreutzia equolifaciens DSM 19450","GCF_000478885.1","https://pubmed.ncbi.nlm.nih.gov/40041870/;https://pubmed.ncbi.nlm.nih.gov/34707577/;https://pubmed.ncbi.nlm.nih.gov/30836671/;https://pubmed.ncbi.nlm.nih.gov/41064290/","Unveiling roles of beneficial gut bacteria and optimal diets for health.; Microbiome Profiling Using Shotgun Metagenomic Sequencing Identified Unique Microorganisms in COVID-19 Patients With Altered Gut Microbiota.; Human Gut Microbiome Response Induced by Fermented Dairy Product Intake in Healthy Volunteers.; Bifidobacterium adolescentis CCFM1447 effectively alleviates osteoporosis by enriching intestinal flora capable of vitamin D conversion.","2025;2021;2019;2025","40041870;34707577;30836671;41064290"
"Bacillus subtilis PY79","GCF_000497485.1","https://pubmed.ncbi.nlm.nih.gov/41993390/;https://pubmed.ncbi.nlm.nih.gov/15066809/","Engineered Lactate Catabolizing Probiotics Reveal Timescale Dependent Microbiome-Host Metabolic Coupling.; Characterization of Bacillus probiotics available for human use.","2026;2004","41993390;15066809"
"Bifidobacterium longum E18","GCF_000497735.1","https://pubmed.ncbi.nlm.nih.gov/36973397/;https://pubmed.ncbi.nlm.nih.gov/38091982/;https://pubmed.ncbi.nlm.nih.gov/36216361/;https://pubmed.ncbi.nlm.nih.gov/28483500/;https://pubmed.ncbi.nlm.nih.gov/36615708/;https://pubmed.ncbi.nlm.nih.gov/16024231/","Artificial-enzymes-armed Bifidobacterium longum probiotics for alleviating intestinal inflammation and microbiota dysbiosis.; Bifidobacterium longum promotes postoperative liver function recovery in patients with hepatocellular carcinoma.; Usefulness of Bifidobacterium longum BB536 in Elderly Individuals With Chronic Constipation: A Randomized Controlled Trial.; Probiotic Bifidobacterium longum NCC3001 Reduces Depression Scores and Alters Brain Activity: A Pilot Study in Patients With Irritable Bowel Syndrome.; Probiotic Bifidobacterium longum BB68S Improves Cognitive Functions in Healthy Older Adults: A Randomized, Double-Blind, Placebo-Controlled Trial.; Real-time PCR quantification of bacterial adhesion to Caco-2 cells: competition between bifidobacteria and enteropathogens.","2023;2024;2023;2017;2022;2005","36973397;38091982;36216361;28483500;36615708;16024231"
"Lactobacillus johnsonii N6.2","GCF_000498675.1","https://pubmed.ncbi.nlm.nih.gov/39654680/;https://pubmed.ncbi.nlm.nih.gov/41042542/;https://pubmed.ncbi.nlm.nih.gov/37675983/;https://pubmed.ncbi.nlm.nih.gov/34531870/","Erucic acid utilization by Lactobacillus johnsonii N6.2.; Lactobacillus johnsonii N6.2 improves glycemia and reduces diabetes-induced organ injury in the db/db mice model.; Lactobacillus johnsonii N6.2 phospholipids induce immature-like dendritic cells with a migratory-regulatory-like transcriptional signature.; Identification of Biomarkers for Systemic Distribution of Nanovesicles From Lactobacillus johnsonii N6.2.","2024;2025;2023;2021","39654680;41042542;37675983;34531870"
"Streptococcus thermophilus M17PTZA496","GCF_000521265.1","https://pubmed.ncbi.nlm.nih.gov/32920015/;https://pubmed.ncbi.nlm.nih.gov/30452699/;https://pubmed.ncbi.nlm.nih.gov/41334956/;https://pubmed.ncbi.nlm.nih.gov/19007054/;https://pubmed.ncbi.nlm.nih.gov/36904230/;https://pubmed.ncbi.nlm.nih.gov/30283428/","Streptococcus thermophilus Inhibits Colorectal Tumorigenesis Through Secreting β-Galactosidase.; Yogurt and other fermented foods as sources of health-promoting bacteria.; An update on probiotics in paediatrics.; Probiotics.; Pre-, pro-, syn-, and Postbiotics in Infant Formulas: What Are the Immune Benefits for Infants?; In vitro Probiotic Potential and Anti-cancer Activity of Newly Isolated Folate-Producing Streptococcus thermophilus Strains.","2021;2018;2026;2008;2023;2018","32920015;30452699;41334956;19007054;36904230;30283428"
"Streptococcus thermophilus TH1435","GCF_000521285.1","https://pubmed.ncbi.nlm.nih.gov/32920015/;https://pubmed.ncbi.nlm.nih.gov/30452699/;https://pubmed.ncbi.nlm.nih.gov/41334956/;https://pubmed.ncbi.nlm.nih.gov/19007054/;https://pubmed.ncbi.nlm.nih.gov/36904230/;https://pubmed.ncbi.nlm.nih.gov/30283428/","Streptococcus thermophilus Inhibits Colorectal Tumorigenesis Through Secreting β-Galactosidase.; Yogurt and other fermented foods as sources of health-promoting bacteria.; An update on probiotics in paediatrics.; Probiotics.; Pre-, pro-, syn-, and Postbiotics in Infant Formulas: What Are the Immune Benefits for Infants?; In vitro Probiotic Potential and Anti-cancer Activity of Newly Isolated Folate-Producing Streptococcus thermophilus Strains.","2021;2018;2026;2008;2023;2018","32920015;30452699;41334956;19007054;36904230;30283428"
"Streptococcus thermophilus TH1436","GCF_000521305.1","https://pubmed.ncbi.nlm.nih.gov/32920015/;https://pubmed.ncbi.nlm.nih.gov/30452699/;https://pubmed.ncbi.nlm.nih.gov/41334956/;https://pubmed.ncbi.nlm.nih.gov/19007054/;https://pubmed.ncbi.nlm.nih.gov/36904230/;https://pubmed.ncbi.nlm.nih.gov/30283428/","Streptococcus thermophilus Inhibits Colorectal Tumorigenesis Through Secreting β-Galactosidase.; Yogurt and other fermented foods as sources of health-promoting bacteria.; An update on probiotics in paediatrics.; Probiotics.; Pre-, pro-, syn-, and Postbiotics in Infant Formulas: What Are the Immune Benefits for Infants?; In vitro Probiotic Potential and Anti-cancer Activity of Newly Isolated Folate-Producing Streptococcus thermophilus Strains.","2021;2018;2026;2008;2023;2018","32920015;30452699;41334956;19007054;36904230;30283428"
"Streptococcus thermophilus MTH17CL396","GCF_000521325.1","https://pubmed.ncbi.nlm.nih.gov/32920015/;https://pubmed.ncbi.nlm.nih.gov/30452699/;https://pubmed.ncbi.nlm.nih.gov/41334956/;https://pubmed.ncbi.nlm.nih.gov/19007054/;https://pubmed.ncbi.nlm.nih.gov/36904230/;https://pubmed.ncbi.nlm.nih.gov/30283428/","Streptococcus thermophilus Inhibits Colorectal Tumorigenesis Through Secreting β-Galactosidase.; Yogurt and other fermented foods as sources of health-promoting bacteria.; An update on probiotics in paediatrics.; Probiotics.; Pre-, pro-, syn-, and Postbiotics in Infant Formulas: What Are the Immune Benefits for Infants?; In vitro Probiotic Potential and Anti-cancer Activity of Newly Isolated Folate-Producing Streptococcus thermophilus Strains.","2021;2018;2026;2008;2023;2018","32920015;30452699;41334956;19007054;36904230;30283428"
"Streptococcus thermophilus TH982","GCF_000572065.1","https://pubmed.ncbi.nlm.nih.gov/32920015/;https://pubmed.ncbi.nlm.nih.gov/30452699/;https://pubmed.ncbi.nlm.nih.gov/41334956/;https://pubmed.ncbi.nlm.nih.gov/19007054/;https://pubmed.ncbi.nlm.nih.gov/36904230/;https://pubmed.ncbi.nlm.nih.gov/30283428/","Streptococcus thermophilus Inhibits Colorectal Tumorigenesis Through Secreting β-Galactosidase.; Yogurt and other fermented foods as sources of health-promoting bacteria.; An update on probiotics in paediatrics.; Probiotics.; Pre-, pro-, syn-, and Postbiotics in Infant Formulas: What Are the Immune Benefits for Infants?; In vitro Probiotic Potential and Anti-cancer Activity of Newly Isolated Folate-Producing Streptococcus thermophilus Strains.","2021;2018;2026;2008;2023;2018","32920015;30452699;41334956;19007054;36904230;30283428"
"Streptococcus thermophilus TH1477","GCF_000572095.1","https://pubmed.ncbi.nlm.nih.gov/32920015/;https://pubmed.ncbi.nlm.nih.gov/30452699/;https://pubmed.ncbi.nlm.nih.gov/41334956/;https://pubmed.ncbi.nlm.nih.gov/19007054/;https://pubmed.ncbi.nlm.nih.gov/36904230/;https://pubmed.ncbi.nlm.nih.gov/30283428/","Streptococcus thermophilus Inhibits Colorectal Tumorigenesis Through Secreting β-Galactosidase.; Yogurt and other fermented foods as sources of health-promoting bacteria.; An update on probiotics in paediatrics.; Probiotics.; Pre-, pro-, syn-, and Postbiotics in Infant Formulas: What Are the Immune Benefits for Infants?; In vitro Probiotic Potential and Anti-cancer Activity of Newly Isolated Folate-Producing Streptococcus thermophilus Strains.","2021;2018;2026;2008;2023;2018","32920015;30452699;41334956;19007054;36904230;30283428"
"Lacticaseibacillus paracasei N1115","GCF_000582665.1","https://pubmed.ncbi.nlm.nih.gov/35300564/;https://pubmed.ncbi.nlm.nih.gov/37111189/;https://pubmed.ncbi.nlm.nih.gov/36239668/","Safety and tolerance of Lacticaseibacillus paracasei N1115 in caesarean-born young children: a randomised, placebo-controlled trial.; Effect of Lacticaseibacillus paracasei N1115 on Immunomodulatory and Gut Microbial Composition in Young Children: A Randomized, Placebo-Controlled Study.; Long-term use of Lacticaseibacillus paracasei N1115 from early life alleviates high-fat-diet-induced obesity and dysmetabolism in mice.","2022;2023;2022","35300564;37111189;36239668"
"Bifidobacterium animalis subsp. lactis CECT 8145","GCF_000612705.1","https://pubmed.ncbi.nlm.nih.gov/42075050/;https://pubmed.ncbi.nlm.nih.gov/32524647/","Bifidobacterium animalis subsp. lactis CECT 8145 BPL1® Laxative Effects in Loperamide-Induced Constipated SD Rats.; Comparative effectiveness of probiotic strains for the treatment of pediatric atopic dermatitis: A systematic review and network meta-analysis.","2026;2021","42075050;32524647"
"Lactobacillus delbrueckii subsp. delbrueckii DSM 20074 = JCM 1012","GCF_000615095.1","https://pubmed.ncbi.nlm.nih.gov/30452699/;https://pubmed.ncbi.nlm.nih.gov/39458486/;https://pubmed.ncbi.nlm.nih.gov/35491646/;https://pubmed.ncbi.nlm.nih.gov/36694578/;https://pubmed.ncbi.nlm.nih.gov/35916052/;https://pubmed.ncbi.nlm.nih.gov/27438340/","Yogurt and other fermented foods as sources of health-promoting bacteria.; Microbiota Transplantation in Individuals with Type 2 Diabetes and a High Degree of Insulin Resistance.; Precision Probiotic Medicine to Improve ICB Immunotherapy.; Probiotic growth in skin-like conditions.; IL-22 and Lactobacillus delbrueckii mitigate alcohol-induced exacerbation of DSS-induced colitis.; Mature Biofilm Degradation by Potential Probiotics: Aggregatibacter actinomycetemcomitans versus Lactobacillus spp.","2018;2024;2022;2022;2022;2016","30452699;39458486;35491646;36694578;35916052;27438340"
"Lactobacillus gasseri ATCC 33323 = JCM 1131","GCF_000615125.1","https://pubmed.ncbi.nlm.nih.gov/29633638/;https://pubmed.ncbi.nlm.nih.gov/11393684/;https://pubmed.ncbi.nlm.nih.gov/12076036/;https://pubmed.ncbi.nlm.nih.gov/35799214/","Lipoteichoic acids are embedded in cell walls during logarithmic phase, but exposed on membrane vesicles in Lactobacillus gasseri JCM 1131T.; AT oligonucleotides inducing B lymphocyte activation exist in probiotic Lactobacillus gasseri.; A novel immunostimulating aspect of Lactobacillus gasseri: induction of ""Gasserokine"" as chemoattractants for macrophages.; Lactobacilli displacement and Candida albicans inhibition on initial adhesion assays: a probiotic analysis.","2018;2001;2002;2022","29633638;11393684;12076036;35799214"
"Lactobacillus acidophilus DSM 20079 = JCM 1132 = NBRC 13951 = CIP 76.13","GCF_000615165.1","https://pubmed.ncbi.nlm.nih.gov/31881756/;https://pubmed.ncbi.nlm.nih.gov/11393684/;https://pubmed.ncbi.nlm.nih.gov/11821930/;https://pubmed.ncbi.nlm.nih.gov/12076036/;https://pubmed.ncbi.nlm.nih.gov/16367940/;https://pubmed.ncbi.nlm.nih.gov/36838212/;https://pubmed.ncbi.nlm.nih.gov/37317255/","Lactobacillus acidophilus JCM 1132 Strain and Its Mutant with Different Bacteriocin-Producing Behaviour Have Various in Situ Effects on the Gut Microbiota of Healthy Mice.; AT oligonucleotides inducing B lymphocyte activation exist in probiotic Lactobacillus gasseri.; Adhesive property of Bifidobacterium lactis LKM512 and predominant bacteria of intestinal microflora to human intestinal mucin.; A novel immunostimulating aspect of Lactobacillus gasseri: induction of ""Gasserokine"" as chemoattractants for macrophages.; Natural killer cell activities of synbiotic Lactobacillus casei ssp. casei in conjunction with dextran.; Uptake of Levilactobacillus brevis JCM 1059 by THP-1 Cells via Interaction between SlpB and CAP-1 Promotes Cytokine Production.; GroEL Secreted from Bacillus subtilis Natto Exerted a Crucial Role for Anti-Inflammatory IL-10 Induction in THP-1 Cells.","2019;2001;2002;2002;2006;2023;2023","31881756;11393684;11821930;12076036;16367940;36838212;37317255"
"Lacticaseibacillus casei DSM 20011 = JCM 1134 = ATCC 393","GCF_000615205.1","https://pubmed.ncbi.nlm.nih.gov/40515809/;https://pubmed.ncbi.nlm.nih.gov/37447381/;https://pubmed.ncbi.nlm.nih.gov/41024441/;https://pubmed.ncbi.nlm.nih.gov/41120928/;https://pubmed.ncbi.nlm.nih.gov/41471871/;https://pubmed.ncbi.nlm.nih.gov/12906100/;https://pubmed.ncbi.nlm.nih.gov/16367940/;https://pubmed.ncbi.nlm.nih.gov/17597654/;https://pubmed.ncbi.nlm.nih.gov/20054601/;https://pubmed.ncbi.nlm.nih.gov/21318359/;https://pubmed.ncbi.nlm.nih.gov/28178767/;https://pubmed.ncbi.nlm.nih.gov/30580660/;https://pubmed.ncbi.nlm.nih.gov/32604867/;https://pubmed.ncbi.nlm.nih.gov/33322295/;https://pubmed.ncbi.nlm.nih.gov/34909269/;https://pubmed.ncbi.nlm.nih.gov/35562310/;https://pubmed.ncbi.nlm.nih.gov/36864459/","Probiotic-induced enrichment of Adlercreutzia equolifaciens increases gut microbiome wellness index and maps to lower host blood glucose levels.; Looking for the Ideal Probiotic Healing Regime.; Probiotic Supplementation Enhances Functional Recovery and Modulates the Serum Metabolome in Mice.; A novel synbiotic formulation prevents calcium oxalate stones by restoring gut microbiota homeostasis.; Lacticaseibacillus casei Combats Biofilm Formation and Exhibits Antibacterial Activity Against Clinical Isolates of Staphylococcus aureus, Salmonella enterica, and Escherichia coli.; The effect of Lactobacillus rhamnosus on enterohemorrhagic Escherichia coli infection of human intestinal cells in vitro.; Natural killer cell activities of synbiotic Lactobacillus casei ssp. casei in conjunction with dextran.; Secreted probiotic factors ameliorate enteropathogenic infection in zinc-deficient human Caco-2 and T84 cell lines.; Effect of probiotic bacterial strains of Lactobacillus, Bifidobacterium, and Enterococcus on enteroaggregative Escherichia coli.; An in vitro protocol for direct isolation of potential probiotic lactobacilli from raw bovine milk and traditional fermented milks.; Probiotic bacteria inhibit the bovine respiratory pathogen Mannheimia haemolytica serotype 1 in vitro.; A novel probiotic, Lactobacillus johnsonii 456, resists acid and can persist in the human gut beyond the initial ingestion period.; Antimicrobial and Antibiofilm Activities of Probiotic Lactobacilli on Antibiotic-Resistant Proteus mirabilis.; Isolation of a Lactobacillus paracasei Strain with Probiotic Attributes from Kefir Grains.; First characterization of the probiotic potential of lactic acid bacteria isolated from Costa Rican pineapple silages.; Evaluation of antioxidant and antibacterial effects of lactobacilli metabolites- preconditioned bone marrow mesenchymal stem cells in skin lesions amelioration.; Anti-Obesity Potential through Regulation of Carbohydrate Uptake and Gene Expression in Intestinal Epithelial Cells by the Probiotic Lactiplantibacillus plantarum MGEL20154 from Fermented Food.","2025;2023;2025;2025;2025;2003;2006;2007;2010;2011;2017;2019;2020;2020;2021;2022;2023","40515809;37447381;41024441;41120928;41471871;12906100;16367940;17597654;20054601;21318359;28178767;30580660;32604867;33322295;34909269;35562310;36864459"
"Lactiplantibacillus plantarum subsp. plantarum ATCC 14917 = JCM 1149 = CGMCC 1.2437","GCF_000615325.1","https://pubmed.ncbi.nlm.nih.gov/36571922/;https://pubmed.ncbi.nlm.nih.gov/40749709/;https://pubmed.ncbi.nlm.nih.gov/40269965/;https://pubmed.ncbi.nlm.nih.gov/38841895/;https://pubmed.ncbi.nlm.nih.gov/40114208/;https://pubmed.ncbi.nlm.nih.gov/36519678/","A novel approach to Lactiplantibacillus plantarum: From probiotic properties to the omics insights.; Harnessing Lactiplantibacillus plantarum EP21 and its membrane vesicles to inhibit myopia development.; Lactiplantibacillus plantarum -derived extracellular vesicles alleviate acute lung injury by inhibiting ferroptosis of macrophages.; Enhancing social behavior in an autism spectrum disorder mouse model: investigating the underlying mechanisms of Lactiplantibacillus plantarum intervention.; Reducing severity of inflammatory bowel disease through colonization of Lactiplantibacillus plantarum and its extracellular vesicles release.; Immunomodulatory effects of extracellular glyceraldehyde 3-phosphate dehydrogenase of exopolysaccharide-producing Lactiplantibacillus plantarum JCM 1149.","2023;2025;2025;2024;2025;2023","36571922;40749709;40269965;38841895;40114208;36519678"
"Latilactobacillus sakei subsp. sakei DSM 20017 = JCM 1157","GCF_000615365.1","https://pubmed.ncbi.nlm.nih.gov/40676109/;https://pubmed.ncbi.nlm.nih.gov/35997270/;https://pubmed.ncbi.nlm.nih.gov/40329628/;https://pubmed.ncbi.nlm.nih.gov/37997261/;https://pubmed.ncbi.nlm.nih.gov/37589784/;https://pubmed.ncbi.nlm.nih.gov/19583990/","Efficacy and safety of Latilactobacillus sakei LB-P12 in patients with knee osteoarthritis: an exploratory randomized, double-blind, placebo-controlled clinical trial.; Latilactobacillus sakei: a candidate probiotic with a key role in food fermentations and health promotion.; Latilactobacillus sakei LB-P12 Ameliorates Osteoarthritis by Reducing Cartilage Degradation and Inflammation via Regulation of NF-κB/HIF-2α Pathway.; Heat-Treated Paraprobiotic Latilactobacillus sakei KU15041 and Latilactobacillus curvatus KU15003 Show an Antioxidant and Immunostimulatory Effect.; Heat-Killed Latilactobacillus sakei CNSC001WB and Lactobacillus pentosus WB693 Have an Anti-inflammatory Effect on LPS-Stimulated RAW 264.7 Cells.; Safety assessment of Lactobacillus brevis KB290 as a probiotic strain.","2025;2024;2025;2024;2024;2009","40676109;35997270;40329628;37997261;37589784;19583990"
"Latilactobacillus fuchuensis DSM 14340 = JCM 11249","GCF_000615805.1","","","",""
"Bacillus subtilis","GCF_000691185.1","https://pubmed.ncbi.nlm.nih.gov/33679639/;https://pubmed.ncbi.nlm.nih.gov/32556931/;https://pubmed.ncbi.nlm.nih.gov/29238921/;https://pubmed.ncbi.nlm.nih.gov/24948771/;https://pubmed.ncbi.nlm.nih.gov/31989448/;https://pubmed.ncbi.nlm.nih.gov/34959528/","Probiotic Bacilli Inhibit Salmonella Biofilm Formation Without Killing Planktonic Cells.; Antimicrobial Activity of Bacillus subtilis KATMIRA1933 and Bacillus amyloliquefaciens B-1895 Against Staphylococcus aureus Biofilms Isolated from Wound Infection.; Bacillus Probiotic Supplementations Improve Laying Performance, Egg Quality, Hatching of Laying Hens, and Sperm Quality of Roosters.; Draft Genome Sequence of Bacillus subtilis strain KATMIRA1933.; Potential Probiotics Bacillus subtilis KATMIRA1933 and Bacillus amyloliquefaciens B-1895 Co-Aggregate with Clinical Isolates of Proteus mirabilis and Prevent Biofilm Formation.; Antimicrobial and Anti-Biofilm Activity of Polymyxin E Alone and in Combination with Probiotic Strains of Bacillus subtilis KATMIRA1933 and Bacillus amyloliquefaciens B-1895 against Clinical Isolates of Selected Acinetobacter spp.: A Preliminary Study.","2021;2021;2018;2014;2020;2021","33679639;32556931;29238921;24948771;31989448;34959528"
"Enterococcus hirae","GCF_000699565.1","https://pubmed.ncbi.nlm.nih.gov/22281320/","Survival of lactic acid bacteria from fermented milks in an in vitro digestion model exploiting sequential incubation in human gastric and duodenum juice.","2012","22281320"
"Streptococcus macedonicus","GCF_000710665.1","https://pubmed.ncbi.nlm.nih.gov/30621871/;https://pubmed.ncbi.nlm.nih.gov/32156379/","Characterization of folate production and probiotic potential of Streptococcus gallolyticus subsp. macedonicus CRL415.; Genomic and phenotypic assessments of safety and probiotic properties of Streptococcus macedonicus strains of dairy origin.","2019;2020","30621871;32156379"
"Lacticaseibacillus rhamnosus E800","GCF_000712495.1","https://pubmed.ncbi.nlm.nih.gov/15139911/;https://pubmed.ncbi.nlm.nih.gov/15933002/;https://pubmed.ncbi.nlm.nih.gov/17185558/","Stationary-phase acid and heat treatments for improvement of the viability of probiotic lactobacilli and bifidobacteria.; Survival of probiotic lactobacilli in acidic environments is enhanced in the presence of metabolizable sugars.; Growth of probiotic lactobacilli in the presence of oleic acid enhances subsequent survival in gastric juice.","2004;2005;2007","15139911;15933002;17185558"
"Streptococcus salivarius","GCF_000714445.1","https://pubmed.ncbi.nlm.nih.gov/24941127/","Variable characteristics of bacteriocin-producing Streptococcus salivarius strains isolated from Malaysian subjects.","2014","24941127"
"Streptococcus salivarius","GCF_000714455.1","https://pubmed.ncbi.nlm.nih.gov/24941127/","Variable characteristics of bacteriocin-producing Streptococcus salivarius strains isolated from Malaysian subjects.","2014","24941127"
"Escherichia coli Nissle 1917","GCF_000714595.1","https://pubmed.ncbi.nlm.nih.gov/39415001/;https://pubmed.ncbi.nlm.nih.gov/35701435/;https://pubmed.ncbi.nlm.nih.gov/35232591/;https://pubmed.ncbi.nlm.nih.gov/37343690/;https://pubmed.ncbi.nlm.nih.gov/38720520/;https://pubmed.ncbi.nlm.nih.gov/11518324/;https://pubmed.ncbi.nlm.nih.gov/12848625/;https://pubmed.ncbi.nlm.nih.gov/15010363/;https://pubmed.ncbi.nlm.nih.gov/15039098/;https://pubmed.ncbi.nlm.nih.gov/15364101/;https://pubmed.ncbi.nlm.nih.gov/15385474/;https://pubmed.ncbi.nlm.nih.gov/15731043/;https://pubmed.ncbi.nlm.nih.gov/16351713/;https://pubmed.ncbi.nlm.nih.gov/16790781/;https://pubmed.ncbi.nlm.nih.gov/17009396/;https://pubmed.ncbi.nlm.nih.gov/17903206/;https://pubmed.ncbi.nlm.nih.gov/17967864/;https://pubmed.ncbi.nlm.nih.gov/18190603/;https://pubmed.ncbi.nlm.nih.gov/18448456/;https://pubmed.ncbi.nlm.nih.gov/19016876/;https://pubmed.ncbi.nlm.nih.gov/19175667/;https://pubmed.ncbi.nlm.nih.gov/19178541/;https://pubmed.ncbi.nlm.nih.gov/19264370/;https://pubmed.ncbi.nlm.nih.gov/19380467/;https://pubmed.ncbi.nlm.nih.gov/19714861/;https://pubmed.ncbi.nlm.nih.gov/20110388/;https://pubmed.ncbi.nlm.nih.gov/20145095/;https://pubmed.ncbi.nlm.nih.gov/20432233/;https://pubmed.ncbi.nlm.nih.gov/20490762/;https://pubmed.ncbi.nlm.nih.gov/21317252/;https://pubmed.ncbi.nlm.nih.gov/21379575/;https://pubmed.ncbi.nlm.nih.gov/21382908/;https://pubmed.ncbi.nlm.nih.gov/21385950/;https://pubmed.ncbi.nlm.nih.gov/21707779/;https://pubmed.ncbi.nlm.nih.gov/21855931/;https://pubmed.ncbi.nlm.nih.gov/22526145/;https://pubmed.ncbi.nlm.nih.gov/23312798/;https://pubmed.ncbi.nlm.nih.gov/28069496/;https://pubmed.ncbi.nlm.nih.gov/32559198/;https://pubmed.ncbi.nlm.nih.gov/32722025/;https://pubmed.ncbi.nlm.nih.gov/32854612/;https://pubmed.ncbi.nlm.nih.gov/33382951/;https://pubmed.ncbi.nlm.nih.gov/33902702/;https://pubmed.ncbi.nlm.nih.gov/34375634/;https://pubmed.ncbi.nlm.nih.gov/35057528/;https://pubmed.ncbi.nlm.nih.gov/35930788/;https://pubmed.ncbi.nlm.nih.gov/36096456/;https://pubmed.ncbi.nlm.nih.gov/36399014/;https://pubmed.ncbi.nlm.nih.gov/36434260/;https://pubmed.ncbi.nlm.nih.gov/37511446/;https://pubmed.ncbi.nlm.nih.gov/37512817/","Probiotic neoantigen delivery vectors for precision cancer immunotherapy.; Programmable probiotics modulate inflammation and gut microbiota for inflammatory bowel disease treatment after effective oral delivery.; Emerging strategies for engineering Escherichia coli Nissle 1917-based therapeutics.; Engineering Escherichia coli Nissle 1917 as a microbial chassis for therapeutic and industrial applications.; Polyphenolic Nanoparticle-Modified Probiotics for Microenvironment Remodeling and Targeted Therapy of Inflammatory Bowel Disease.; Metabolic and functional properties of lactic acid bacteria in the gastro-intestinal ecosystem: a comparative in vitro study between bacteria of intestinal and fermented food origin.; Inhibitory effect of probiotic Escherichia coli strain Nissle 1917 on adhesion to and invasion of intestinal epithelial cells by adherent-invasive E. coli strains isolated from patients with Crohn's disease.; Functional modulation of enterocytes by gram-positive and gram-negative microorganisms.; The probiotic Escherichia coli strain Nissle 1917 interferes with invasion of human intestinal epithelial cells by different enteroinvasive bacterial pathogens.; Patterns of cytokine induction by gram-positive and gram-negative probiotic bacteria.; NF-kappaB- and AP-1-mediated induction of human beta defensin-2 in intestinal epithelial cells by Escherichia coli Nissle 1917: a novel effect of a probiotic bacterium.; Escherichia coli Nissle 1917 distinctively modulates T-cell cycling and expansion via toll-like receptor 2 signaling.; The host response to the probiotic Escherichia coli strain Nissle 1917: specific up-regulation of the proinflammatory chemokine MCP-1.; Escherichia coli strain Nissle 1917 ameliorates experimental colitis via toll-like receptor 2- and toll-like receptor 4-dependent pathways.; Lactobacilli, bifidobacteria and E. coli nissle induce pro- and anti-inflammatory cytokines in peripheral blood mononuclear cells.; Human antigen-presenting cells respond differently to gut-derived probiotic bacteria but mediate similar strain-dependent NK and T cell activation.; Nonpathogenic Escherichia coli strain Nissle 1917 inhibits signal transduction in intestinal epithelial cells.; Probiotic lactobacilli and VSL#3 induce enterocyte beta-defensin 2.; The probiotic Escherichia coli strain Nissle 1917 induces gammadelta T cell apoptosis via caspase- and FasL-dependent pathways.; Inhibition of growth of Shiga toxin-producing Escherichia coli by nonpathogenic Escherichia coli.; Characterization of cellulose production in Escherichia coli Nissle 1917 and its biological consequences.; Conditioned polarized Caco-2 cell monolayers allow to discriminate for the ability of gut-derived microorganisms to modulate permeability and antigen-induced basophil degranulation.; Differential crosstalk between epithelial cells, dendritic cells and bacteria in a co-culture model.; The K5 capsule of Escherichia coli strain Nissle 1917 is important in mediating interactions with intestinal epithelial cells and chemokine induction.; Transepithelial activation of human leukocytes by probiotics and commensal bacteria: role of Enterobacteriaceae-type endotoxin.; Probiotic Escherichia coli strain Nissle 1917 outcompetes intestinal pathogens during biofilm formation.; The K5 capsule of Escherichia coli strain Nissle 1917 is important in stimulating expression of Toll-like receptor 5, CD14, MyD88, and TRIF together with the induction of interleukin-8 expression via the mitogen-activated protein kinase pathway in epithelial cells.; Probiotic Escherichia coli Nissle 1917 activates DC and prevents house dust mite allergy through a TLR4-dependent pathway.; Decisive role of lipopolysaccharide in activating nitric oxide and cytokine production by the probiotic Escherichia coli strain Nissle 1917.; The probiotic Escherichia coli Nissle 1917 reduces pathogen invasion and modulates cytokine expression in Caco-2 cells infected with Crohn's disease-associated E. coli LF82.; E. coli Nissle 1917 Affects Salmonella adhesion to porcine intestinal epithelial cells.; Anti-inflammatory modulation of immune response by probiotic Escherichia coli Nissle 1917 in human blood mononuclear cells.; The anti-inflammatory role of granulocyte colony-stimulating factor in macrophage-dendritic cell crosstalk after Lactobacillus rhamnosus GR-1 exposure.; Regulation of the IL-10/IL-12 axis in human dendritic cells with probiotic bacteria.; In vitro analysis of the bactericidal activity of Escherichia coli Nissle 1917 against pediatric uropathogens.; Probiotic factors partially prevent changes to caspases 3 and 7 activation and transepithelial electrical resistance in a model of 5-fluorouracil-induced epithelial cell damage.; Antagonistic effects of probiotic Escherichia coli Nissle 1917 on EHEC strains of serotype O104:H4 and O157:H7.; Probiotic E. coli Nissle 1917 biofilms on silicone substrates for bacterial interference against pathogen colonization.; Differential immunomodulation of porcine bone marrow derived dendritic cells by E. coli Nissle 1917 and β-glucans.; Clusters of Lactobacillus Strains from Vegetal Origins Are Associated with Beneficial Functions: Experimental Data and Statistical Interpretations.; Probiotic Escherichia coli Nissle 1917-derived outer membrane vesicles enhance immunomodulation and antimicrobial activity in RAW264.7 macrophages.; Immuno-modulatory effect of probiotic E. coli Nissle 1917 in polarized human colonic cells against Campylobacter jejuni infection.; Evaluation of E. coli Nissle1917 derived metabolites in modulating key mediator genes of the TLR signaling pathway.; Genome-wide identification of probiotic Escherichia coli Nissle 1917 (EcN) fitness genes during adhesion to the intestinal epithelial cells Caco-2.; Modulation of Dendritic Cells by Microbiota Extracellular Vesicles Influences the Cytokine Profile and Exosome Cargo.; Escherichia coli probiotic exhibits in vitro growth-limiting effects on clinical feline uropathogenic E coli isolates.; Protective effects of E. coli Nissle 1917 on chickens infected with Salmonella pullorum.; An Engineered Probiotic Produces a Type III Interferon IFNL1 and Reduces Inflammations in in vitro Inflammatory Bowel Disease Models.; Deletion of the cheZ gene results in the loss of swimming ability and the decrease of adhesion ability to Caco-2 cells in Escherichia coli Nissle 1917.; Antibacterial MccM as the Major Microcin in Escherichia coli Nissle 1917 against Pathogenic Enterobacteria.; Production of Reactive Oxygen (ROS) and Nitrogen (RNS) Species in Macrophages J774A.1 Activated by the Interaction between Two Escherichia coli Pathotypes and Two Probiotic Commercial Strains.","2024;2022;2022;2023;2024;2001;2003;2004;2004;2004;2004;2005;2005;2006;2006;2007;2008;2008;2008;2009;2009;2009;2009;2009;2009;2010;2010;2010;2010;2011;2011;2012;2011;2011;2011;2012;2013;2017;2020;2020;2020;2021;2021;2021;2022;2022;2022;2023;2023;2023;2023","39415001;35701435;35232591;37343690;38720520;11518324;12848625;15010363;15039098;15364101;15385474;15731043;16351713;16790781;17009396;17903206;17967864;18190603;18448456;19016876;19175667;19178541;19264370;19380467;19714861;20110388;20145095;20432233;20490762;21317252;21379575;21382908;21385950;21707779;21855931;22526145;23312798;28069496;32559198;32722025;32854612;33382951;33902702;34375634;35057528;35930788;36096456;36399014;36434260;37511446;37512817"
"Lactiplantibacillus plantarum","GCF_000731855.1","https://pubmed.ncbi.nlm.nih.gov/25212764/","Adhesion of indigenous Lactobacillus plantarum to gut extracellular matrix and its physicochemical characterization.","2015","25212764"
"Bifidobacterium bifidum","GCF_000741085.1","https://pubmed.ncbi.nlm.nih.gov/20071048/;https://pubmed.ncbi.nlm.nih.gov/25729438/","Distinct Bifidobacterium strains drive different immune responses in vitro.; Cocktails of probiotics pre-adapted to multiple stress factors are more robust under simulated gastrointestinal conditions than their parental counterparts and exhibit enhanced antagonistic capabilities against Escherichia coli and Staphylococcus aureus.","2010;2015","20071048;25729438"
"Bifidobacterium breve","GCF_000741125.1","https://pubmed.ncbi.nlm.nih.gov/17638965/;https://pubmed.ncbi.nlm.nih.gov/20071048/","In vitro assessment of the gastrointestinal transit tolerance of taxonomic reference strains from human origin and probiotic product isolates of Bifidobacterium.; Distinct Bifidobacterium strains drive different immune responses in vitro.","2007;2010","17638965;20071048"
"Bifidobacterium longum subsp. longum","GCF_000741245.1","https://pubmed.ncbi.nlm.nih.gov/25729438/","Cocktails of probiotics pre-adapted to multiple stress factors are more robust under simulated gastrointestinal conditions than their parental counterparts and exhibit enhanced antagonistic capabilities against Escherichia coli and Staphylococcus aureus.","2015","25729438"
"Bifidobacterium adolescentis JCM 15918","GCF_000741415.1","https://pubmed.ncbi.nlm.nih.gov/38350464/;https://pubmed.ncbi.nlm.nih.gov/34444820/;https://pubmed.ncbi.nlm.nih.gov/37533188/;https://pubmed.ncbi.nlm.nih.gov/37943044/;https://pubmed.ncbi.nlm.nih.gov/41511071/","Bifidobacterium adolescentis - a beneficial microbe.; Effects of Probiotic NVP-1704 on Mental Health and Sleep in Healthy Adults: An 8-Week Randomized, Double-Blind, Placebo-Controlled Trial.; Bifidobacterium adolescentis orchestrates CD143+ cancer-associated fibroblasts to suppress colorectal tumorigenesis by Wnt signaling-regulated GAS1.; Complete genome sequence of the probiotic Bifidobacterium adolescentis strain iVS-1.; Peptidoglycan from Bifidobacterium adolescentis enhances IL-10 production in regulatory B cells to alleviate gut inflammation.","2023;2021;2023;2023;2026","38350464;34444820;37533188;37943044;41511071"
"Bifidobacterium catenulatum DSM 16992 = JCM 1194 = LMG 11043","GCF_000741565.1","https://pubmed.ncbi.nlm.nih.gov/41956809/;https://pubmed.ncbi.nlm.nih.gov/28821814/;https://pubmed.ncbi.nlm.nih.gov/27590263/;https://pubmed.ncbi.nlm.nih.gov/35365858/;https://pubmed.ncbi.nlm.nih.gov/17638965/","Bifidobacterium catenulatum boosts anti-PD-1 efficacy in microsatellite stable colorectal cancer via activating CD8+ T cells.; Bifidobacterium pseudocatenulatum LI09 and Bifidobacterium catenulatum LI10 attenuate D-galactosamine-induced liver injury by modifying the gut microbiota.; Early gut colonization by Bifidobacterium breve and B. catenulatum differentially modulates eczema risk in children at high risk of developing allergic disease.; Characteristics of the gut microbiota in Bifidobacterium catenulatum LI10 pretreated rats with lower levels of D-galactosamine-induced liver damage.; In vitro assessment of the gastrointestinal transit tolerance of taxonomic reference strains from human origin and probiotic product isolates of Bifidobacterium.","2026;2017;2016;2022;2007","41956809;28821814;27590263;35365858;17638965"
"Bifidobacterium pseudocatenulatum DSM 20438 = JCM 1200 = LMG 10505","GCF_000741685.1","https://pubmed.ncbi.nlm.nih.gov/40643197/;https://pubmed.ncbi.nlm.nih.gov/41554742/;https://pubmed.ncbi.nlm.nih.gov/38620073/;https://pubmed.ncbi.nlm.nih.gov/35722280/;https://pubmed.ncbi.nlm.nih.gov/36363691/;https://pubmed.ncbi.nlm.nih.gov/17638965/","L-Tryptophan Produced by Bifidobacterium pseudocatenulatum NCU-08 Delays Aging in SAMP8 Mice by Activating the Sirt1/P53/P21/Rb Signaling Pathway.; Restoration of ethanol-induced Bifidobacterium pseudocatenulatum depletion ameliorates alcohol-associated liver disease.; The Anti-inflammatory Potential of a Strain of Probiotic Bifidobacterium pseudocatenulatum G7: In Vitro and In Vivo Evidence.; 2'-Fucosyllactose Increases the Abundance of Blautia in the Presence of Extracellular Fucosidase-Possessing Bacteria.; Genomic and Biochemical Characterization of Bifidobacterium pseudocatenulatum JCLA3 Isolated from Human Intestine.; In vitro assessment of the gastrointestinal transit tolerance of taxonomic reference strains from human origin and probiotic product isolates of Bifidobacterium.","2025;2026;2024;2022;2022;2007","40643197;41554742;38620073;35722280;36363691;17638965"
"Enterococcus faecalis ATCC 29212","GCF_000742975.1","https://pubmed.ncbi.nlm.nih.gov/20941586/","Bacteria competing with the adhesion and biofilm formation by Staphylococcus aureus.","2010","20941586"
"Heyndrickxia coagulans","GCF_000756285.1","","","",""
"Leuconostoc mesenteroides P45","GCF_000756355.1","https://pubmed.ncbi.nlm.nih.gov/27375977/","In vitro and in vivo probiotic assessment of Leuconostoc mesenteroides P45 isolated from pulque, a Mexican traditional alcoholic beverage.","2016","27375977"
"Ligilactobacillus salivarius","GCF_000758365.1","https://pubmed.ncbi.nlm.nih.gov/19590072/","Screening of lactic acid bacteria toward their selection as a source of chicken probiotic.","2009","19590072"
"Bifidobacterium longum subsp. infantis ATCC 15697 = JCM 1222 = DSM 20088","GCF_000771105.1","https://pubmed.ncbi.nlm.nih.gov/36973397/;https://pubmed.ncbi.nlm.nih.gov/38091982/;https://pubmed.ncbi.nlm.nih.gov/36216361/;https://pubmed.ncbi.nlm.nih.gov/28483500/;https://pubmed.ncbi.nlm.nih.gov/36615708/;https://pubmed.ncbi.nlm.nih.gov/20208019/;https://pubmed.ncbi.nlm.nih.gov/21889358/;https://pubmed.ncbi.nlm.nih.gov/27562058/;https://pubmed.ncbi.nlm.nih.gov/30284741/","Artificial-enzymes-armed Bifidobacterium longum probiotics for alleviating intestinal inflammation and microbiota dysbiosis.; Bifidobacterium longum promotes postoperative liver function recovery in patients with hepatocellular carcinoma.; Usefulness of Bifidobacterium longum BB536 in Elderly Individuals With Chronic Constipation: A Randomized Controlled Trial.; Probiotic Bifidobacterium longum NCC3001 Reduces Depression Scores and Alters Brain Activity: A Pilot Study in Patients With Irritable Bowel Syndrome.; Probiotic Bifidobacterium longum BB68S Improves Cognitive Functions in Healthy Older Adults: A Randomized, Double-Blind, Placebo-Controlled Trial.; Characterization of immunostimulatory CpG-rich sequences from different Bifidobacterium species.; Lactobacilli and bifidobacteria induce differential interferon-β profiles in dendritic cells.; Anti-inflammatory effects of Bifidobacterium longum subsp infantis secretions on fetal human enterocytes are mediated by TLR-4 receptors.; Probiotics alter the immune response of gingival epithelial cells challenged by Porphyromonas gingivalis.","2023;2024;2023;2017;2022;2010;2011;2016;2019","36973397;38091982;36216361;28483500;36615708;20208019;21889358;27562058;30284741"
"Bifidobacterium bifidum ATCC 29521 = JCM 1255 = DSM 20456","GCF_000771485.1","https://pubmed.ncbi.nlm.nih.gov/40604258/;https://pubmed.ncbi.nlm.nih.gov/22447584/;https://pubmed.ncbi.nlm.nih.gov/36476746/","Evaluation of alginate-based coatings enriched with postbiotics from Bifidobacterium spp. on the quality and safety of Turkey meat.; Role of extracellular transaldolase from Bifidobacterium bifidum in mucin adhesion and aggregation.; Different probiotic strains alter human cord blood monocyte responses.","2025;2012;2023","40604258;22447584;36476746"
"Bifidobacterium longum subsp. longum GT15","GCF_000772485.1","https://pubmed.ncbi.nlm.nih.gov/36973397/;https://pubmed.ncbi.nlm.nih.gov/38091982/;https://pubmed.ncbi.nlm.nih.gov/36216361/;https://pubmed.ncbi.nlm.nih.gov/28483500/;https://pubmed.ncbi.nlm.nih.gov/36615708/","Artificial-enzymes-armed Bifidobacterium longum probiotics for alleviating intestinal inflammation and microbiota dysbiosis.; Bifidobacterium longum promotes postoperative liver function recovery in patients with hepatocellular carcinoma.; Usefulness of Bifidobacterium longum BB536 in Elderly Individuals With Chronic Constipation: A Randomized Controlled Trial.; Probiotic Bifidobacterium longum NCC3001 Reduces Depression Scores and Alters Brain Activity: A Pilot Study in Patients With Irritable Bowel Syndrome.; Probiotic Bifidobacterium longum BB68S Improves Cognitive Functions in Healthy Older Adults: A Randomized, Double-Blind, Placebo-Controlled Trial.","2023;2024;2023;2017;2022","36973397;38091982;36216361;28483500;36615708"
"Lacticaseibacillus rhamnosus L34","GCF_000784375.1","https://pubmed.ncbi.nlm.nih.gov/40744977/;https://pubmed.ncbi.nlm.nih.gov/35269654/;https://pubmed.ncbi.nlm.nih.gov/24989059/","Lacticaseibacillus rhamnosus attenuates uremic toxins in patients with nondialysis chronic kidney disease through the anti-inflammatory molecules.; Uremia-Induced Gut Barrier Defect in 5/6 Nephrectomized Mice Is Worsened by Candida Administration through a Synergy of Uremic Toxin, Lipopolysaccharide, and (1➔3)-β-D-Glucan, but Is Attenuated by Lacticaseibacillus rhamnosus L34.; Lactobacillus rhamnosus L34 and Lactobacillus casei L39 suppress Clostridium difficile-induced IL-8 production by colonic epithelial cells.","2025;2022;2014","40744977;35269654;24989059"
"Lacticaseibacillus rhamnosus L35","GCF_000784395.1","https://pubmed.ncbi.nlm.nih.gov/24989059/","Lactobacillus rhamnosus L34 and Lactobacillus casei L39 suppress Clostridium difficile-induced IL-8 production by colonic epithelial cells.","2014","24989059"
"Lacticaseibacillus rhamnosus L31","GCF_000784405.1","https://pubmed.ncbi.nlm.nih.gov/24989059/","Lactobacillus rhamnosus L34 and Lactobacillus casei L39 suppress Clostridium difficile-induced IL-8 production by colonic epithelial cells.","2014","24989059"
"Enterococcus faecalis","GCF_000788255.1","https://pubmed.ncbi.nlm.nih.gov/38702495/;https://pubmed.ncbi.nlm.nih.gov/37237745/;https://pubmed.ncbi.nlm.nih.gov/39162453/;https://pubmed.ncbi.nlm.nih.gov/36922364/;https://pubmed.ncbi.nlm.nih.gov/34445321/","Enterococcus faecalis: implications for host health.; Enterococcal Phages: Food and Health Applications.; Whole-genome sequencing of Enterococcus faecalis probiotic strains isolated from raw milk of healthy cows.; Probiotic treatment (Enterococcus faecalis) improves symptoms of seasonal allergic rhinitis: A randomized controlled trial.; Identification of Potential Probiotics Producing Bacteriocins Active against Listeria monocytogenes by a Combination of Screening Tools.","2024;2023;2024;2023;2021","38702495;37237745;39162453;36922364;34445321"
"Bifidobacterium animalis subsp. lactis","GCF_000818055.1","https://pubmed.ncbi.nlm.nih.gov/37962097/;https://pubmed.ncbi.nlm.nih.gov/27333286/","Probiotics for infantile colic: Is there evidence beyond doubt? A meta-analysis and systematic review.; Effects of the Food Manufacturing Chain on the Viability and Functionality of Bifidobacterium animalis through Simulated Gastrointestinal Conditions.","2024;2016","37962097;27333286"
"Phaeobacter piscinae","GCF_000826835.2","https://pubmed.ncbi.nlm.nih.gov/35080904/","Roseobacter Group Probiotics Exhibit Differential Killing of Fish Pathogenic Tenacibaculum Species.","2022","35080904"
"Lacticaseibacillus casei DSM 20011 = JCM 1134 = ATCC 393","GCF_000829055.1","https://pubmed.ncbi.nlm.nih.gov/38076062/;https://pubmed.ncbi.nlm.nih.gov/36677433/;https://pubmed.ncbi.nlm.nih.gov/38843696/;https://pubmed.ncbi.nlm.nih.gov/12906100/;https://pubmed.ncbi.nlm.nih.gov/17597654/;https://pubmed.ncbi.nlm.nih.gov/20054601/;https://pubmed.ncbi.nlm.nih.gov/21318359/;https://pubmed.ncbi.nlm.nih.gov/28178767/;https://pubmed.ncbi.nlm.nih.gov/30580660/;https://pubmed.ncbi.nlm.nih.gov/33322295/;https://pubmed.ncbi.nlm.nih.gov/34909269/;https://pubmed.ncbi.nlm.nih.gov/35562310/;https://pubmed.ncbi.nlm.nih.gov/36864459/","Microencapsulation and sonication: A multiple physical approach to attenuate the probiotic Lacticaseibacillus casei ATCC 393.; Ultrasound Attenuation Improves Some Surface Properties of the Probiotic Strain Lacticaseibacillus casei ATCC 393.; Transcriptomic analysis reveals differential gene expression patterns of Lacticaseibacillus casei ATCC 393 in response to ultrasound stress.; The effect of Lactobacillus rhamnosus on enterohemorrhagic Escherichia coli infection of human intestinal cells in vitro.; Secreted probiotic factors ameliorate enteropathogenic infection in zinc-deficient human Caco-2 and T84 cell lines.; Effect of probiotic bacterial strains of Lactobacillus, Bifidobacterium, and Enterococcus on enteroaggregative Escherichia coli.; An in vitro protocol for direct isolation of potential probiotic lactobacilli from raw bovine milk and traditional fermented milks.; Probiotic bacteria inhibit the bovine respiratory pathogen Mannheimia haemolytica serotype 1 in vitro.; A novel probiotic, Lactobacillus johnsonii 456, resists acid and can persist in the human gut beyond the initial ingestion period.; Isolation of a Lactobacillus paracasei Strain with Probiotic Attributes from Kefir Grains.; First characterization of the probiotic potential of lactic acid bacteria isolated from Costa Rican pineapple silages.; Evaluation of antioxidant and antibacterial effects of lactobacilli metabolites- preconditioned bone marrow mesenchymal stem cells in skin lesions amelioration.; Anti-Obesity Potential through Regulation of Carbohydrate Uptake and Gene Expression in Intestinal Epithelial Cells by the Probiotic Lactiplantibacillus plantarum MGEL20154 from Fermented Food.","2023;2023;2024;2003;2007;2010;2011;2017;2019;2020;2021;2022;2023","38076062;36677433;38843696;12906100;17597654;20054601;21318359;28178767;30580660;33322295;34909269;35562310;36864459"
"Escherichia coli","GCF_000833145.1","https://pubmed.ncbi.nlm.nih.gov/17845408/","In vivo and in vitro immunomodulation of Der p 1 allergen-specific response by Lactobacillus plantarum bacteria.","2007","17845408"
"Lactococcus lactis subsp. lactis","GCF_000835975.1","https://pubmed.ncbi.nlm.nih.gov/19583990/","Safety assessment of Lactobacillus brevis KB290 as a probiotic strain.","2009","19583990"
"Streptococcus thermophilus 1F8CT","GCF_000836595.1","https://pubmed.ncbi.nlm.nih.gov/32920015/;https://pubmed.ncbi.nlm.nih.gov/30452699/;https://pubmed.ncbi.nlm.nih.gov/41334956/;https://pubmed.ncbi.nlm.nih.gov/19007054/;https://pubmed.ncbi.nlm.nih.gov/36904230/;https://pubmed.ncbi.nlm.nih.gov/30283428/","Streptococcus thermophilus Inhibits Colorectal Tumorigenesis Through Secreting β-Galactosidase.; Yogurt and other fermented foods as sources of health-promoting bacteria.; An update on probiotics in paediatrics.; Probiotics.; Pre-, pro-, syn-, and Postbiotics in Infant Formulas: What Are the Immune Benefits for Infants?; In vitro Probiotic Potential and Anti-cancer Activity of Newly Isolated Folate-Producing Streptococcus thermophilus Strains.","2021;2018;2026;2008;2023;2018","32920015;30452699;41334956;19007054;36904230;30283428"
"Streptococcus thermophilus TH985","GCF_000836675.1","https://pubmed.ncbi.nlm.nih.gov/32920015/;https://pubmed.ncbi.nlm.nih.gov/30452699/;https://pubmed.ncbi.nlm.nih.gov/41334956/;https://pubmed.ncbi.nlm.nih.gov/19007054/;https://pubmed.ncbi.nlm.nih.gov/36904230/;https://pubmed.ncbi.nlm.nih.gov/30283428/","Streptococcus thermophilus Inhibits Colorectal Tumorigenesis Through Secreting β-Galactosidase.; Yogurt and other fermented foods as sources of health-promoting bacteria.; An update on probiotics in paediatrics.; Probiotics.; Pre-, pro-, syn-, and Postbiotics in Infant Formulas: What Are the Immune Benefits for Infants?; In vitro Probiotic Potential and Anti-cancer Activity of Newly Isolated Folate-Producing Streptococcus thermophilus Strains.","2021;2018;2026;2008;2023;2018","32920015;30452699;41334956;19007054;36904230;30283428"
"Lactiplantibacillus plantarum","GCF_000931425.2","https://pubmed.ncbi.nlm.nih.gov/36571922/;https://pubmed.ncbi.nlm.nih.gov/40749709/;https://pubmed.ncbi.nlm.nih.gov/40269965/;https://pubmed.ncbi.nlm.nih.gov/38841895/;https://pubmed.ncbi.nlm.nih.gov/40114208/;https://pubmed.ncbi.nlm.nih.gov/32904251/","A novel approach to Lactiplantibacillus plantarum: From probiotic properties to the omics insights.; Harnessing Lactiplantibacillus plantarum EP21 and its membrane vesicles to inhibit myopia development.; Lactiplantibacillus plantarum -derived extracellular vesicles alleviate acute lung injury by inhibiting ferroptosis of macrophages.; Enhancing social behavior in an autism spectrum disorder mouse model: investigating the underlying mechanisms of Lactiplantibacillus plantarum intervention.; Reducing severity of inflammatory bowel disease through colonization of Lactiplantibacillus plantarum and its extracellular vesicles release.; Discovery and characterisation of circular bacteriocin plantacyclin B21AG from Lactiplantibacillus plantarum B21.","2023;2025;2025;2024;2025;2020","36571922;40749709;40269965;38841895;40114208;32904251"
"Lactiplantibacillus plantarum","GCF_000956195.1","https://pubmed.ncbi.nlm.nih.gov/20498715/","Identification of genetic loci in Lactobacillus plantarum that modulate the immune response of dendritic cells using comparative genome hybridization.","2010","20498715"
"Lactobacillus helveticus","GCF_000961015.1","https://pubmed.ncbi.nlm.nih.gov/26307172/;https://pubmed.ncbi.nlm.nih.gov/28946645/;https://pubmed.ncbi.nlm.nih.gov/30488048/","Complete genome sequence of Lactobacillus helveticus KLDS1.8701, a probiotic strain producing bacteriocin.; Safety Assessment of Lactobacillus helveticus KLDS1.8701 Based on Whole Genome Sequencing and Oral Toxicity Studies.; Lactobacillus helveticus KLDS1.8701 alleviates d-galactose-induced aging by regulating Nrf-2 and gut microbiota in mice.","2015;2017;2018","26307172;28946645;30488048"
"Limosilactobacillus fermentum","GCF_000966835.2","https://pubmed.ncbi.nlm.nih.gov/31828607/","Potentiated In Vitro Probiotic Activities of Lactobacillus fermentum LfQi6 Biofilm Biomass Versus Planktonic Culture.","2020","31828607"
"Lacticaseibacillus rhamnosus","GCF_001005625.1","https://pubmed.ncbi.nlm.nih.gov/19356863/;https://pubmed.ncbi.nlm.nih.gov/23329323/","In vitro antagonistic activities of Lactobacillus spp. against Brachyspira hyodysenteriae and Brachyspira pilosicoli.; In vitro characterization of aggregation and adhesion properties of viable and heat-killed forms of two probiotic Lactobacillus strains and interaction with foodborne zoonotic bacteria, especially Campylobacter jejuni.","2009;2013","19356863;23329323"
"Lactiplantibacillus plantarum","GCF_001005805.1","https://pubmed.ncbi.nlm.nih.gov/38841895/","Enhancing social behavior in an autism spectrum disorder mouse model: investigating the underlying mechanisms of Lactiplantibacillus plantarum intervention.","2024","38841895"
"Ligilactobacillus salivarius str. Ren","GCF_001011095.1","https://pubmed.ncbi.nlm.nih.gov/28281568/;https://pubmed.ncbi.nlm.nih.gov/33233046/","The Adhesion of Lactobacillus salivarius REN to a Human Intestinal Epithelial Cell Line Requires S-layer Proteins.; Combined transcriptomic and proteomic analysis of the response to bile stress in a centenarian-originated probiotic Lactobacillus salivarius Ren.","2017;2020","28281568;33233046"
"Bifidobacterium bifidum","GCF_001020245.1","https://pubmed.ncbi.nlm.nih.gov/32300799/;https://pubmed.ncbi.nlm.nih.gov/37184752/;https://pubmed.ncbi.nlm.nih.gov/38331656/;https://pubmed.ncbi.nlm.nih.gov/39064703/;https://pubmed.ncbi.nlm.nih.gov/32277872/;https://pubmed.ncbi.nlm.nih.gov/20071048/;https://pubmed.ncbi.nlm.nih.gov/22447584/","Probiotic Supplementation Improves Cognitive Function and Mood with Changes in Gut Microbiota in Community-Dwelling Older Adults: A Randomized, Double-Blind, Placebo-Controlled, Multicenter Trial.; Antibiotics and Probiotics for Irritable Bowel Syndrome.; Evaluation of the efficacy of probiotics as treatment in irritable bowel syndrome.; Add-On Bifidobacterium Bifidum Supplement in Children with Attention-Deficit/Hyperactivity Disorder: A 12-Week Randomized Double-Blind Placebo-Controlled Clinical Trial.; Heat-inactivated Bifidobacterium bifidum MIMBb75 (SYN-HI-001) in the treatment of irritable bowel syndrome: a multicentre, randomised, double-blind, placebo-controlled clinical trial.; Distinct Bifidobacterium strains drive different immune responses in vitro.; Role of extracellular transaldolase from Bifidobacterium bifidum in mucin adhesion and aggregation.","2021;2023;2024;2024;2020;2010;2012","32300799;37184752;38331656;39064703;32277872;20071048;22447584"
"Bifidobacterium bifidum LMG 13195","GCF_001020415.1","https://pubmed.ncbi.nlm.nih.gov/32300799/;https://pubmed.ncbi.nlm.nih.gov/37184752/;https://pubmed.ncbi.nlm.nih.gov/38331656/;https://pubmed.ncbi.nlm.nih.gov/39064703/;https://pubmed.ncbi.nlm.nih.gov/32277872/;https://pubmed.ncbi.nlm.nih.gov/22172507/;https://pubmed.ncbi.nlm.nih.gov/22447584/","Probiotic Supplementation Improves Cognitive Function and Mood with Changes in Gut Microbiota in Community-Dwelling Older Adults: A Randomized, Double-Blind, Placebo-Controlled, Multicenter Trial.; Antibiotics and Probiotics for Irritable Bowel Syndrome.; Evaluation of the efficacy of probiotics as treatment in irritable bowel syndrome.; Add-On Bifidobacterium Bifidum Supplement in Children with Attention-Deficit/Hyperactivity Disorder: A 12-Week Randomized Double-Blind Placebo-Controlled Clinical Trial.; Heat-inactivated Bifidobacterium bifidum MIMBb75 (SYN-HI-001) in the treatment of irritable bowel syndrome: a multicentre, randomised, double-blind, placebo-controlled clinical trial.; Treg-inducing membrane vesicles from Bifidobacterium bifidum LMG13195 as potential adjuvants in immunotherapy.; Role of extracellular transaldolase from Bifidobacterium bifidum in mucin adhesion and aggregation.","2021;2023;2024;2024;2020;2012;2012","32300799;37184752;38331656;39064703;32277872;22172507;22447584"
"Bifidobacterium bifidum ATCC 29521 = JCM 1255 = DSM 20456","GCF_001025135.1","https://pubmed.ncbi.nlm.nih.gov/11821930/;https://pubmed.ncbi.nlm.nih.gov/22447584/;https://pubmed.ncbi.nlm.nih.gov/22541391/;https://pubmed.ncbi.nlm.nih.gov/36039384/;https://pubmed.ncbi.nlm.nih.gov/36476746/","Adhesive property of Bifidobacterium lactis LKM512 and predominant bacteria of intestinal microflora to human intestinal mucin.; Role of extracellular transaldolase from Bifidobacterium bifidum in mucin adhesion and aggregation.; In vitro inhibition of expression of virulence genes responsible for colonization and systemic spread of enteric pathogens using Bifidobacterium bifidum secreted molecules.; Immunomodulatory Effects of Bifidobacterium spp. and Use of Bifidobacterium breve and Bifidobacterium longum on Acute Diarrhea in Children.; Different probiotic strains alter human cord blood monocyte responses.","2002;2012;2012;2022;2023","11821930;22447584;22541391;36039384;36476746"
"Bifidobacterium breve DSM 20213 = JCM 1192","GCF_001025175.1","https://pubmed.ncbi.nlm.nih.gov/12904543/;https://pubmed.ncbi.nlm.nih.gov/11821930/;https://pubmed.ncbi.nlm.nih.gov/32545606/","Cholic acid accumulation and its diminution by short-chain fatty acids in bifidobacteria.; Adhesive property of Bifidobacterium lactis LKM512 and predominant bacteria of intestinal microflora to human intestinal mucin.; Evaluation of Bifidobacteria and Lactobacillus Probiotics as Alternative Therapy for Salmonella typhimurium Infection in Broiler Chickens.","2003;2002;2020","12904543;11821930;32545606"
"Bifidobacterium pseudocatenulatum DSM 20438 = JCM 1200 = LMG 10505","GCF_001025215.1","https://pubmed.ncbi.nlm.nih.gov/22940065/","Prebiotic-non-digestible oligosaccharides preference of probiotic bifidobacteria and antimicrobial activity against Clostridium difficile.","2012","22940065"
"Enterococcus faecium","GCF_001039515.1","https://pubmed.ncbi.nlm.nih.gov/27688001/","Evaluation of bacteriocinogenic activity, safety traits and biotechnological potential of fecal lactic acid bacteria (LAB), isolated from Griffon Vultures (Gyps fulvus subsp. fulvus).","2016","27688001"
"Bifidobacterium animalis subsp. animalis IM386","GCF_001039715.1","https://pubmed.ncbi.nlm.nih.gov/37962097/;https://pubmed.ncbi.nlm.nih.gov/38172093/;https://pubmed.ncbi.nlm.nih.gov/31797399/;https://pubmed.ncbi.nlm.nih.gov/29227175/;https://pubmed.ncbi.nlm.nih.gov/30262813/;https://pubmed.ncbi.nlm.nih.gov/25391349/;https://pubmed.ncbi.nlm.nih.gov/32945079/","Probiotics for infantile colic: Is there evidence beyond doubt? A meta-analysis and systematic review.; Efficacy of Bifidobacterium animalis subsp. lactis BL-99 in the treatment of functional dyspepsia: a randomized placebo-controlled clinical trial.; The therapeutic efficacy of Bifidobacterium animalis subsp. lactis BB-12® in infant colic: A randomised, double blind, placebo-controlled trial.; Effects of 28-day Bifidobacterium animalis subsp. lactis HN019 supplementation on colonic transit time and gastrointestinal symptoms in adults with functional constipation: A double-blind, randomized, placebo-controlled, and dose-ranging trial.; Effects of daily consumption of the probiotic Bifidobacterium animalis subsp. lactis CECT 8145 on anthropometric adiposity biomarkers in abdominally obese subjects: a randomized controlled trial.; Human intestinal mucosa-associated Lactobacillus and Bifidobacterium strains with probiotic properties modulate IL-10, IL-6 and IL-12 gene expression in THP-1 cells.; Distinctive probiotic features share common TLR2-dependent signalling in intestinal epithelial cells.","2024;2024;2020;2018;2019;2015;2021","37962097;38172093;31797399;29227175;30262813;25391349;32945079"
"Limosilactobacillus fermentum L930BB","GCF_001039735.1","https://pubmed.ncbi.nlm.nih.gov/32945079/;https://pubmed.ncbi.nlm.nih.gov/25391349/","Distinctive probiotic features share common TLR2-dependent signalling in intestinal epithelial cells.; Human intestinal mucosa-associated Lactobacillus and Bifidobacterium strains with probiotic properties modulate IL-10, IL-6 and IL-12 gene expression in THP-1 cells.","2021;2015","32945079;25391349"
"Bifidobacterium longum subsp. infantis","GCF_001051015.2","https://pubmed.ncbi.nlm.nih.gov/36973397/;https://pubmed.ncbi.nlm.nih.gov/38091982/;https://pubmed.ncbi.nlm.nih.gov/36216361/;https://pubmed.ncbi.nlm.nih.gov/28483500/;https://pubmed.ncbi.nlm.nih.gov/36615708/;https://pubmed.ncbi.nlm.nih.gov/22003027/;https://pubmed.ncbi.nlm.nih.gov/33114404/;https://pubmed.ncbi.nlm.nih.gov/36142723/","Artificial-enzymes-armed Bifidobacterium longum probiotics for alleviating intestinal inflammation and microbiota dysbiosis.; Bifidobacterium longum promotes postoperative liver function recovery in patients with hepatocellular carcinoma.; Usefulness of Bifidobacterium longum BB536 in Elderly Individuals With Chronic Constipation: A Randomized Controlled Trial.; Probiotic Bifidobacterium longum NCC3001 Reduces Depression Scores and Alters Brain Activity: A Pilot Study in Patients With Irritable Bowel Syndrome.; Probiotic Bifidobacterium longum BB68S Improves Cognitive Functions in Healthy Older Adults: A Randomized, Double-Blind, Placebo-Controlled Trial.; Novel probiotic Bifidobacterium longum subsp. infantis CECT 7210 strain active against rotavirus infections.; Bifidobacteriumlongum subsp. infantis CECT7210 (B. infantis IM-1(®)) Displays In Vitro Activity against Some Intestinal Pathogens.; Bifidobacterium longum subsp. infantis CECT 7210 Reduces Inflammatory Cytokine Secretion in Caco-2 Cells Cultured in the Presence of Escherichia coli CECT 515.","2023;2024;2023;2017;2022;2011;2020;2022","36973397;38091982;36216361;28483500;36615708;22003027;33114404;36142723"
"Lacticaseibacillus paracasei","GCF_001244395.1","https://pubmed.ncbi.nlm.nih.gov/35833866/;https://pubmed.ncbi.nlm.nih.gov/41515240/;https://pubmed.ncbi.nlm.nih.gov/37681961/","L-Malic Acid Protects Lacticaseibacillus paracasei L9 from Glycodeoxycholic Acid Stress via the Malolactic Enzyme Pathway.; Subcellular Localization Dictates Therapeutic Function: Spatially Targeted Delivery of Amuc_1100 by Engineered Lacticaseibacillus paracasei L9 Enhances Intestinal Barrier in Colitis.; An underlying mechanism for MleR activating the malolactic enzyme pathway to enhance acid tolerance in Lacticaseibacillus paracasei L9.","2022;2025;2023","35833866;41515240;37681961"
"Bifidobacterium animalis subsp. lactis ATCC 27536","GCF_001263975.1","https://pubmed.ncbi.nlm.nih.gov/37962097/;https://pubmed.ncbi.nlm.nih.gov/38172093/;https://pubmed.ncbi.nlm.nih.gov/31797399/;https://pubmed.ncbi.nlm.nih.gov/29227175/;https://pubmed.ncbi.nlm.nih.gov/30262813/;https://pubmed.ncbi.nlm.nih.gov/14633035/","Probiotics for infantile colic: Is there evidence beyond doubt? A meta-analysis and systematic review.; Efficacy of Bifidobacterium animalis subsp. lactis BL-99 in the treatment of functional dyspepsia: a randomized placebo-controlled clinical trial.; The therapeutic efficacy of Bifidobacterium animalis subsp. lactis BB-12® in infant colic: A randomised, double blind, placebo-controlled trial.; Effects of 28-day Bifidobacterium animalis subsp. lactis HN019 supplementation on colonic transit time and gastrointestinal symptoms in adults with functional constipation: A double-blind, randomized, placebo-controlled, and dose-ranging trial.; Effects of daily consumption of the probiotic Bifidobacterium animalis subsp. lactis CECT 8145 on anthropometric adiposity biomarkers in abdominally obese subjects: a randomized controlled trial.; Production of antibacterial substances by bifidobacterial isolates from infant stool active against Listeria monocytogenes.","2024;2024;2020;2018;2019;2003","37962097;38172093;31797399;29227175;30262813;14633035"
"Enterococcus durans","GCF_001267395.1","https://pubmed.ncbi.nlm.nih.gov/26200795/","Probiotic properties of Enterococcus strains isolated from traditional naturally fermented cream in China.","2016","26200795"
"Enterococcus durans","GCF_001267865.1","https://pubmed.ncbi.nlm.nih.gov/26200795/","Probiotic properties of Enterococcus strains isolated from traditional naturally fermented cream in China.","2016","26200795"
"Lactiplantibacillus plantarum","GCF_001296095.1","https://pubmed.ncbi.nlm.nih.gov/32182796/","Antiproliferation Activity and Mechanism of c9, t11, c15-CLNA and t9, t11, c15-CLNA from Lactobacillus plantarum ZS2058 on Colon Cancer Cells.","2020","32182796"
"Limosilactobacillus fermentum","GCF_001297905.1","https://pubmed.ncbi.nlm.nih.gov/36979076/;https://pubmed.ncbi.nlm.nih.gov/35159484/;https://pubmed.ncbi.nlm.nih.gov/27834106/;https://pubmed.ncbi.nlm.nih.gov/34361921/","Can Probiotics, Particularly Limosilactobacillus fermentum UCO-979C and Lacticaseibacillus rhamnosus UCO-25A, Be Preventive Alternatives against SARS-CoV-2?; Incorporation of Limosilactobacillus fermentum UCO-979C with Anti-Helicobacter pylori and Immunomodulatory Activities in Various Ice Cream Bases.; Probiotic Lactobacillus fermentum UCO-979C biofilm formation on AGS and Caco-2 cells and Helicobacter pylori inhibition.; Characterization of Weissella viridescens UCO-SMC3 as a Potential Probiotic for the Skin: Its Beneficial Role in the Pathogenesis of Acne Vulgaris.","2023;2022;2016;2021","36979076;35159484;27834106;34361921"
"Lactiplantibacillus plantarum WJL","GCF_001307325.1","https://pubmed.ncbi.nlm.nih.gov/42438056/;https://pubmed.ncbi.nlm.nih.gov/33000822/;https://pubmed.ncbi.nlm.nih.gov/39623461/","Lactiplantibacillus plantarum WJL ameliorates chronic kidney disease by inhibiting fibroblast growth factor 21 adaptive stress response via low protein diet.; Lactiplantibacillus plantarum WJL administration during pregnancy and lactation improves lipid profile, insulin sensitivity and gut microbiota diversity in dyslipidemic dams and protects male offspring against cardiovascular dysfunction in later life.; Protein restriction associated with high fat induces metabolic dysregulation without obesity in juvenile mice.","2026;2020;2024","42438056;33000822;39623461"
"Lactobacillus delbrueckii subsp. bulgaricus ATCC 11842 = JCM 1002","GCF_001311275.1","https://pubmed.ncbi.nlm.nih.gov/30452699/;https://pubmed.ncbi.nlm.nih.gov/39458486/;https://pubmed.ncbi.nlm.nih.gov/35491646/;https://pubmed.ncbi.nlm.nih.gov/36694578/;https://pubmed.ncbi.nlm.nih.gov/35916052/;https://pubmed.ncbi.nlm.nih.gov/12200334/","Yogurt and other fermented foods as sources of health-promoting bacteria.; Microbiota Transplantation in Individuals with Type 2 Diabetes and a High Degree of Insulin Resistance.; Precision Probiotic Medicine to Improve ICB Immunotherapy.; Probiotic growth in skin-like conditions.; IL-22 and Lactobacillus delbrueckii mitigate alcohol-induced exacerbation of DSS-induced colitis.; Cholesterol assimilation by lactic acid bacteria and bifidobacteria isolated from the human gut.","2018;2024;2022;2022;2022;2002","30452699;39458486;35491646;36694578;35916052;12200334"
"Propionibacterium freudenreichii","GCF_001368955.1","","","",""
"Propionibacterium freudenreichii","GCF_001368975.1","","","",""
"Propionibacterium freudenreichii","GCF_001368995.1","https://pubmed.ncbi.nlm.nih.gov/36914312/","Development of innovative fermented products by exploiting the diversity of immunomodulatory properties and fermentative activity of lactic and propionic acid bacteria.","2023","36914312"
"Streptococcus oralis","GCF_001411485.1","https://pubmed.ncbi.nlm.nih.gov/30535674/;https://pubmed.ncbi.nlm.nih.gov/30545317/","Putative Microbial Population Shifts Attributable to Nasal Administration of Streptococcus salivarius 24SMBc and Streptococcus oralis 89a.; Probiotics Streptococcus salivarius 24SMB and Streptococcus oralis 89a interfere with biofilm formation of pathogens of the upper respiratory tract.","2019;2018","30535674;30545317"
"Lacticaseibacillus casei DSM 20011 = JCM 1134 = ATCC 393","GCF_001433735.1","https://pubmed.ncbi.nlm.nih.gov/40515809/;https://pubmed.ncbi.nlm.nih.gov/37447381/;https://pubmed.ncbi.nlm.nih.gov/41024441/;https://pubmed.ncbi.nlm.nih.gov/41120928/;https://pubmed.ncbi.nlm.nih.gov/41471871/;https://pubmed.ncbi.nlm.nih.gov/32604867/","Probiotic-induced enrichment of Adlercreutzia equolifaciens increases gut microbiome wellness index and maps to lower host blood glucose levels.; Looking for the Ideal Probiotic Healing Regime.; Probiotic Supplementation Enhances Functional Recovery and Modulates the Serum Metabolome in Mice.; A novel synbiotic formulation prevents calcium oxalate stones by restoring gut microbiota homeostasis.; Lacticaseibacillus casei Combats Biofilm Formation and Exhibits Antibacterial Activity Against Clinical Isolates of Staphylococcus aureus, Salmonella enterica, and Escherichia coli.; Antimicrobial and Antibiofilm Activities of Probiotic Lactobacilli on Antibiotic-Resistant Proteus mirabilis.","2025;2023;2025;2025;2025;2020","40515809;37447381;41024441;41120928;41471871;32604867"
"Lactobacillus johnsonii ATCC 33200","GCF_001433975.1","https://pubmed.ncbi.nlm.nih.gov/30580660/","A novel probiotic, Lactobacillus johnsonii 456, resists acid and can persist in the human gut beyond the initial ingestion period.","2019","30580660"
"Lacticaseibacillus rhamnosus DSM 20021 = JCM 1136 = NBRC 3425","GCF_001435405.1","https://pubmed.ncbi.nlm.nih.gov/36138851/","Probiotic Adhesion to Skin Keratinocytes and Underlying Mechanisms.","2022","36138851"
"Ligilactobacillus salivarius DSM 20555 = ATCC 11741","GCF_001435955.1","https://pubmed.ncbi.nlm.nih.gov/35727573/;https://pubmed.ncbi.nlm.nih.gov/41775257/;https://pubmed.ncbi.nlm.nih.gov/39545778/;https://pubmed.ncbi.nlm.nih.gov/19590072/;https://pubmed.ncbi.nlm.nih.gov/37187472/","Multispecies Probiotic for the Prevention of Antibiotic-Associated Diarrhea in Children: A Randomized Clinical Trial.; Targeting microbiota-generated acetaldehyde to prevent progression of metabolic dysfunction-associated steatotic liver disease.; Synergistic effects of Ligilactobacillus salivarius Li01 and psyllium husk prevent mice from developing loperamide-induced constipation.; Screening of lactic acid bacteria toward their selection as a source of chicken probiotic.; Adjunctive role of Q10 with Ligilactobacillus salivarius, and Lactiplantibacillus plantarum probiotic Bacteria on the HEp-2 cells viability and adhesion of Streptococcus mutans.","2022;2026;2024;2009;2023","35727573;41775257;39545778;19590072;37187472"
"Fructilactobacillus sanfranciscensis DSM 20451","GCF_001436035.1","","","",""
"Lactobacillus delbrueckii subsp. bulgaricus ATCC 11842 = JCM 1002","GCF_001437195.1","https://pubmed.ncbi.nlm.nih.gov/30452699/;https://pubmed.ncbi.nlm.nih.gov/39458486/;https://pubmed.ncbi.nlm.nih.gov/35491646/;https://pubmed.ncbi.nlm.nih.gov/36694578/;https://pubmed.ncbi.nlm.nih.gov/35916052/;https://pubmed.ncbi.nlm.nih.gov/36138851/","Yogurt and other fermented foods as sources of health-promoting bacteria.; Microbiota Transplantation in Individuals with Type 2 Diabetes and a High Degree of Insulin Resistance.; Precision Probiotic Medicine to Improve ICB Immunotherapy.; Probiotic growth in skin-like conditions.; IL-22 and Lactobacillus delbrueckii mitigate alcohol-induced exacerbation of DSS-induced colitis.; Probiotic Adhesion to Skin Keratinocytes and Underlying Mechanisms.","2018;2024;2022;2022;2022;2022","30452699;39458486;35491646;36694578;35916052;36138851"
"Lactobacillus amylovorus subsp. animalium DSM 16698","GCF_001437365.1","https://pubmed.ncbi.nlm.nih.gov/21741105/;https://pubmed.ncbi.nlm.nih.gov/23167835/;https://pubmed.ncbi.nlm.nih.gov/26615853/;https://pubmed.ncbi.nlm.nih.gov/25070625/","In vitro evaluation of gastrointestinal survival of Lactobacillus amylovorus DSM 16698 alone and combined with galactooligosaccharides, milk and/or Bifidobacterium animalis subsp. lactis Bb-12.; Effect of galactooligosaccharides and Bifidobacterium animalis Bb-12 on growth of Lactobacillus amylovorus DSM 16698, microbial community structure, and metabolite production in an in vitro colonic model set up with human or pig microbiota.; In vitro fermentation of prebiotic carbohydrates by intestinal microbiota in the presence of Lactobacillus amylovorus DSM 16998.; Functional characterization of probiotic surface layer protein-carrying Lactobacillus amylovorus strains.","2011;2013;2016;2014","21741105;23167835;26615853;25070625"
"Lactiplantibacillus plantarum","GCF_001444495.1","https://pubmed.ncbi.nlm.nih.gov/36677354/;https://pubmed.ncbi.nlm.nih.gov/37431006/","Lactiplantibacillus plantarum Strains Modulate Intestinal Innate Immune Response and Increase Resistance to Enterotoxigenic Escherichia coli Infection.; Lactiplantibacillus plantarum LOC1 Isolated from Fresh Tea Leaves Modulates Macrophage Response to TLR4 Activation.","2022;2022","36677354;37431006"
"Bifidobacterium longum subsp. longum","GCF_001446255.1","https://pubmed.ncbi.nlm.nih.gov/36973397/;https://pubmed.ncbi.nlm.nih.gov/38091982/;https://pubmed.ncbi.nlm.nih.gov/36216361/;https://pubmed.ncbi.nlm.nih.gov/28483500/;https://pubmed.ncbi.nlm.nih.gov/36615708/;https://pubmed.ncbi.nlm.nih.gov/18330633/;https://pubmed.ncbi.nlm.nih.gov/20071048/","Artificial-enzymes-armed Bifidobacterium longum probiotics for alleviating intestinal inflammation and microbiota dysbiosis.; Bifidobacterium longum promotes postoperative liver function recovery in patients with hepatocellular carcinoma.; Usefulness of Bifidobacterium longum BB536 in Elderly Individuals With Chronic Constipation: A Randomized Controlled Trial.; Probiotic Bifidobacterium longum NCC3001 Reduces Depression Scores and Alters Brain Activity: A Pilot Study in Patients With Irritable Bowel Syndrome.; Probiotic Bifidobacterium longum BB68S Improves Cognitive Functions in Healthy Older Adults: A Randomized, Double-Blind, Placebo-Controlled Trial.; Resistance to simulated gastrointestinal conditions and adhesion to mucus as probiotic criteria for Bifidobacterium longum strains.; Distinct Bifidobacterium strains drive different immune responses in vitro.","2023;2024;2023;2017;2022;2008;2010","36973397;38091982;36216361;28483500;36615708;18330633;20071048"
"Lactiplantibacillus plantarum","GCF_001469145.1","","","",""
"Lactiplantibacillus plantarum","GCF_001484005.1","https://pubmed.ncbi.nlm.nih.gov/28551266/","Characterization of extracellular vitamin B(12) producing Lactobacillus plantarum strains and assessment of the probiotic potentials.","2017","28551266"
"Levilactobacillus brevis","GCF_001541605.1","https://pubmed.ncbi.nlm.nih.gov/38742994/;https://pubmed.ncbi.nlm.nih.gov/39798036/;https://pubmed.ncbi.nlm.nih.gov/37447381/;https://pubmed.ncbi.nlm.nih.gov/38179912/;https://pubmed.ncbi.nlm.nih.gov/36673393/;https://pubmed.ncbi.nlm.nih.gov/36677321/","Supplementation with a Probiotic Formula Having β-Glucuronidase Activity Modulates Serum Estrogen Levels in Healthy Peri- and Postmenopausal Women.; Effect of Probiotics on the Symptomatology of Autism Spectrum Disorder and/or Attention Deficit/Hyperactivity Disorder in Children and Adolescents: Pilot Study.; Looking for the Ideal Probiotic Healing Regime.; Complete genome sequence of Levilactobacillus brevis NSMJ23, makgeolli isolate with antimicrobial activity.; Gamma-Aminobutyric Acid-Producing Levilactobacillus brevis Strains as Probiotics in Litchi Juice Fermentation.; Lactiplantibacillus plantarum A1, C1 and C10 Are Potential Probiotics Isolated from Pineapple Residual Silage.","2024;2025;2023;2024;2023;2022","38742994;39798036;37447381;38179912;36673393;36677321"
"Escherichia coli","GCF_001561375.1","https://pubmed.ncbi.nlm.nih.gov/35232591/;https://pubmed.ncbi.nlm.nih.gov/32752183/;https://pubmed.ncbi.nlm.nih.gov/41813901/;https://pubmed.ncbi.nlm.nih.gov/41017573/;https://pubmed.ncbi.nlm.nih.gov/39122688/;https://pubmed.ncbi.nlm.nih.gov/10196761/;https://pubmed.ncbi.nlm.nih.gov/12672593/;https://pubmed.ncbi.nlm.nih.gov/16076509/","Emerging strategies for engineering Escherichia coli Nissle 1917-based therapeutics.; Cranberry Polyphenols and Prevention against Urinary Tract Infections: Relevant Considerations.; Natural maternal immunity protects neonates from Escherichia coli sepsis.; An Inflammation-Targeting Engineered Probiotic Escherichia coli Nissle 1917 with High Anti-TNF-α Nanobody Secretion Efficacy Alleviates Ulcerative Colitis.; Engineered probiotic Escherichia coli elicits immediate and long-term protection against influenza A virus in mice.; Human ileostomy glycoproteins as a model for small intestinal mucus to investigate adhesion of probiotics.; Probiotic and milk technological properties of Lactobacillus brevis.; Identification of potential probiotic starter cultures for Scandinavian-type fermented sausages.","2022;2020;2026;2025;2024;1999;2003;2005","35232591;32752183;41813901;41017573;39122688;10196761;12672593;16076509"
"Pediococcus parvulus","GCF_001640785.1","https://pubmed.ncbi.nlm.nih.gov/30090096/;https://pubmed.ncbi.nlm.nih.gov/19465528/;https://pubmed.ncbi.nlm.nih.gov/23234432/;https://pubmed.ncbi.nlm.nih.gov/29259592/;https://pubmed.ncbi.nlm.nih.gov/20501049/","β-Glucan-Producing Pediococcus parvulus 2.6: Test of Probiotic and Immunomodulatory Properties in Zebrafish Models.; Probiotic properties of the 2-substituted (1,3)-beta-D-glucan-producing bacterium Pediococcus parvulus 2.6.; Effects of Pediococcus parvulus 2.6 and its exopolysaccharide on plasma cholesterol levels and inflammatory markers in mice.; Characterization of the Sorbitol Utilization Cluster of the Probiotic Pediococcus parvulus 2.6: Genetic, Functional and Complementation Studies in Heterologous Hosts.; Characterization of the properties of Pediococcus parvulus for probiotic or protective culture use.","2018;2009;2012;2017;2010","30090096;19465528;23234432;29259592;20501049"
"Lacticaseibacillus rhamnosus","GCF_001656685.1","https://pubmed.ncbi.nlm.nih.gov/23471038/","In vitro inhibition of Clostridium difficile and Clostridium perfringens by commercial probiotic strains.","2013","23471038"
"Lacticaseibacillus rhamnosus","GCF_001656975.1","https://pubmed.ncbi.nlm.nih.gov/28408278/","Study on the chemical and microbial composition and probiotic characteristics of dominant lactic acid bacteria in fermented poultry slaughterhouse waste.","2017","28408278"
"Lacticaseibacillus rhamnosus","GCF_001657165.1","","","",""
"Limosilactobacillus reuteri","GCF_001657495.1","https://pubmed.ncbi.nlm.nih.gov/16730163/","Effect of bile acid on the cell membrane functionality of lactic acid bacteria for oral administration.","2006","16730163"
"Lactiplantibacillus plantarum","GCF_001672035.1","","","",""
"Lactiplantibacillus plantarum","GCF_001675425.1","https://pubmed.ncbi.nlm.nih.gov/36677354/","Lactiplantibacillus plantarum Strains Modulate Intestinal Innate Immune Response and Increase Resistance to Enterotoxigenic Escherichia coli Infection.","2022","36677354"
"Lactobacillus gasseri","GCF_001676665.1","https://pubmed.ncbi.nlm.nih.gov/32008775/;https://pubmed.ncbi.nlm.nih.gov/32394142/;https://pubmed.ncbi.nlm.nih.gov/32663105/;https://pubmed.ncbi.nlm.nih.gov/37690713/","A synbiotic combination of Lactobacillus gasseri 505 and Cudrania tricuspidata leaf extract prevents hepatic toxicity induced by colorectal cancer in mice.; Synergistic effect of Lactobacillus gasseri and Cudrania tricuspidata on the modulation of body weight and gut microbiota structure in diet-induced obese mice.; Cancer-protective effect of a synbiotic combination between Lactobacillus gasseri 505 and a Cudrania tricuspidata leaf extract on colitis-associated colorectal cancer.; Preventive effect of peptides derived from fermented milk on chronic stress-induced brain damage and intestinal dysfunction in mice.","2020;2020;2020;2023","32008775;32394142;32663105;37690713"
"Bacillus velezensis","GCF_001692115.1","https://pubmed.ncbi.nlm.nih.gov/28074223/","Characterization and mechanism of anti-Aeromonas salmonicida activity of a marine probiotic strain, Bacillus velezensis V4.","2017","28074223"
"Streptococcus thermophilus","GCF_001705585.1","https://pubmed.ncbi.nlm.nih.gov/32647845/","Suppressive effects of Streptococcus thermophilus KLDS 3.1003 on some foodborne pathogens revealed through in vitro, in vivo and genomic insights.","2020","32647845"
"Bifidobacterium longum","GCF_001719085.1","https://pubmed.ncbi.nlm.nih.gov/33388801/;https://pubmed.ncbi.nlm.nih.gov/38931319/;https://pubmed.ncbi.nlm.nih.gov/35317278/;https://pubmed.ncbi.nlm.nih.gov/38158905/;https://pubmed.ncbi.nlm.nih.gov/37702965/","An Exopolysaccharide Produced by Bifidobacterium longum 35624® Inhibits Osteoclast Formation via a TLR2-Dependent Mechanism.; Effects of Bifidobacterium longum 35624 in Children and Adolescents with Irritable Bowel Syndrome.; Effect of Bifidobacterium longum 35624 on disease severity and quality of life in patients with irritable bowel syndrome.; [Long-term probiotic administration for irritable bowel syndrome: a legal need].; An 8-Week Course of Bifidobacterium longum 35624® Is Associated with a Reduction in the Symptoms of Irritable Bowel Syndrome.","2021;2024;2022;2023;2025","33388801;38931319;35317278;38158905;37702965"
"Lactiplantibacillus plantarum","GCF_001720285.1","https://pubmed.ncbi.nlm.nih.gov/25639720/","Protective Effects of a Novel Probiotic Strain of Lactobacillus plantarum JSA22 from Traditional Fermented Soybean Food Against Infection by Salmonella enterica Serovar Typhimurium.","2015","25639720"
"Lacticaseibacillus rhamnosus","GCF_001721925.1","https://pubmed.ncbi.nlm.nih.gov/23471038/;https://pubmed.ncbi.nlm.nih.gov/35478049/","In vitro inhibition of Clostridium difficile and Clostridium perfringens by commercial probiotic strains.; Adhesion and aggregation properties of Lactobacillaceae strains as protection ways against enteropathogenic bacteria.","2013;2022","23471038;35478049"
"Corynebacterium amycolatum","GCF_001722255.1","https://pubmed.ncbi.nlm.nih.gov/34807410/;https://pubmed.ncbi.nlm.nih.gov/37004579/","Probiotic Potential, Safety Properties, and Antifungal Activities of Corynebacterium amycolatum ICIS 9 and Corynebacterium amycolatum ICIS 53 Strains.; Antibiofilm activity of cell-free supernatants of vaginal isolates of Corynebacterium amycolatum against Pseudomonas aeruginosa and Klebsiella pneumoniae.","2023;2023","34807410;37004579"
"Ligilactobacillus salivarius","GCF_001723525.1","https://pubmed.ncbi.nlm.nih.gov/25046742/","In vitro evaluation of the probiotic and functional potential of Lactobacillus strains isolated from fermented food and human intestine.","2014","25046742"
"Bifidobacterium longum subsp. longum","GCF_001725985.1","https://pubmed.ncbi.nlm.nih.gov/36973397/;https://pubmed.ncbi.nlm.nih.gov/38091982/;https://pubmed.ncbi.nlm.nih.gov/36216361/;https://pubmed.ncbi.nlm.nih.gov/28483500/;https://pubmed.ncbi.nlm.nih.gov/36615708/","Artificial-enzymes-armed Bifidobacterium longum probiotics for alleviating intestinal inflammation and microbiota dysbiosis.; Bifidobacterium longum promotes postoperative liver function recovery in patients with hepatocellular carcinoma.; Usefulness of Bifidobacterium longum BB536 in Elderly Individuals With Chronic Constipation: A Randomized Controlled Trial.; Probiotic Bifidobacterium longum NCC3001 Reduces Depression Scores and Alters Brain Activity: A Pilot Study in Patients With Irritable Bowel Syndrome.; Probiotic Bifidobacterium longum BB68S Improves Cognitive Functions in Healthy Older Adults: A Randomized, Double-Blind, Placebo-Controlled Trial.","2023;2024;2023;2017;2022","36973397;38091982;36216361;28483500;36615708"
"Lactobacillus jensenii","GCF_001742045.1","https://pubmed.ncbi.nlm.nih.gov/24459463/;https://pubmed.ncbi.nlm.nih.gov/27824278/;https://pubmed.ncbi.nlm.nih.gov/33042131/;https://pubmed.ncbi.nlm.nih.gov/27342653/","Modulation of Intestinal TLR4-Inflammatory Signaling Pathways by Probiotic Microorganisms: Lessons Learned from Lactobacillus jensenii TL2937.; Modulation of porcine intestinal epitheliocytes immunetranscriptome response by Lactobacillus jensenii TL2937.; Immunobiotic Lactobacillus jensenii TL2937 Alleviates Dextran Sodium Sulfate-Induced Colitis by Differentially Modulating the Transcriptomic Response of Intestinal Epithelial Cells.; Immunoregulatory effects triggered by immunobiotic Lactobacillus jensenii TL2937 strain involve efficient phagocytosis in porcine antigen presenting cells.","2014;2016;2020;2016","24459463;27824278;33042131;27342653"
"Pediococcus pentosaceus","GCF_001748065.1","https://pubmed.ncbi.nlm.nih.gov/26956126/;https://pubmed.ncbi.nlm.nih.gov/28955833/;https://pubmed.ncbi.nlm.nih.gov/39461594/","Antiobesity effect of Pediococcus pentosaceus LP28 on overweight subjects: a randomized, double-blind, placebo-controlled clinical trial.; Characterization of the LP28 strain-specific exopolysaccharide biosynthetic gene cluster found in the whole circular genome of Pediococcus pentosaceus.; The anti-obesity effects of postbiotics: A systematic review of pre-clinical and clinical studies.","2016;2016;2024","26956126;28955833;39461594"
"Lactobacillus acidophilus","GCF_001868765.1","https://pubmed.ncbi.nlm.nih.gov/31998245/","Screening for Potential Novel Probiotics With Dipeptidyl Peptidase IV-Inhibiting Activity for Type 2 Diabetes Attenuation in vitro and in vivo.","2019","31998245"
"Lactiplantibacillus plantarum","GCF_001880185.2","https://pubmed.ncbi.nlm.nih.gov/16076509/;https://pubmed.ncbi.nlm.nih.gov/22177712/;https://pubmed.ncbi.nlm.nih.gov/25331988/","Identification of potential probiotic starter cultures for Scandinavian-type fermented sausages.; In vitro testing of commercial and potential probiotic lactic acid bacteria.; Immunomodulation of monocytes by probiotic and selected lactic Acid bacteria.","2005;2012;2015","16076509;22177712;25331988"
"Lactiplantibacillus plantarum","GCF_001888525.1","https://pubmed.ncbi.nlm.nih.gov/31861080/;https://pubmed.ncbi.nlm.nih.gov/34600098/;https://pubmed.ncbi.nlm.nih.gov/37394217/","Fermented Seeds (""Zgougou"") from Aleppo Pine as a Novel Source of Potentially Probiotic Lactic Acid Bacteria.; Probiotic potential of Lactobacillus isolated from horses and its therapeutic effect on DSS-induced colitis in mice.; Enhancement of gum Arabic/casein microencapsulation on the survival of Lactiplantibacillus plantarum in the stimulated gastrointestinal conditions.","2019;2022;2023","31861080;34600098;37394217"
"Lactiplantibacillus plantarum","GCF_001888575.1","https://pubmed.ncbi.nlm.nih.gov/26301060/","Antagonistic Characteristics Against Food-borne Pathogenic Bacteria of Lactic Acid Bacteria and Bifidobacteria Isolated from Feces of Healthy Thai Infants.","2015","26301060"
"Lactiplantibacillus plantarum","GCF_001888585.1","https://pubmed.ncbi.nlm.nih.gov/26301060/","Antagonistic Characteristics Against Food-borne Pathogenic Bacteria of Lactic Acid Bacteria and Bifidobacteria Isolated from Feces of Healthy Thai Infants.","2015","26301060"
"Lactiplantibacillus plantarum","GCF_001888595.1","https://pubmed.ncbi.nlm.nih.gov/26301060/","Antagonistic Characteristics Against Food-borne Pathogenic Bacteria of Lactic Acid Bacteria and Bifidobacteria Isolated from Feces of Healthy Thai Infants.","2015","26301060"
"Lactiplantibacillus plantarum","GCF_001888645.1","https://pubmed.ncbi.nlm.nih.gov/26301060/","Antagonistic Characteristics Against Food-borne Pathogenic Bacteria of Lactic Acid Bacteria and Bifidobacteria Isolated from Feces of Healthy Thai Infants.","2015","26301060"
"Lactiplantibacillus plantarum","GCF_001888675.1","https://pubmed.ncbi.nlm.nih.gov/26301060/","Antagonistic Characteristics Against Food-borne Pathogenic Bacteria of Lactic Acid Bacteria and Bifidobacteria Isolated from Feces of Healthy Thai Infants.","2015","26301060"
"Lactiplantibacillus plantarum","GCF_001888735.1","https://pubmed.ncbi.nlm.nih.gov/34365915/;https://pubmed.ncbi.nlm.nih.gov/37110370/;https://pubmed.ncbi.nlm.nih.gov/37754363/;https://pubmed.ncbi.nlm.nih.gov/38138886/;https://pubmed.ncbi.nlm.nih.gov/42631188/;https://pubmed.ncbi.nlm.nih.gov/10198338/;https://pubmed.ncbi.nlm.nih.gov/12352526/;https://pubmed.ncbi.nlm.nih.gov/16696680/;https://pubmed.ncbi.nlm.nih.gov/17934835/;https://pubmed.ncbi.nlm.nih.gov/18175177/;https://pubmed.ncbi.nlm.nih.gov/18974977/;https://pubmed.ncbi.nlm.nih.gov/19309013/;https://pubmed.ncbi.nlm.nih.gov/20498715/;https://pubmed.ncbi.nlm.nih.gov/20680581/;https://pubmed.ncbi.nlm.nih.gov/20835828/;https://pubmed.ncbi.nlm.nih.gov/21306197/;https://pubmed.ncbi.nlm.nih.gov/21447177/;https://pubmed.ncbi.nlm.nih.gov/21652104/;https://pubmed.ncbi.nlm.nih.gov/21889358/;https://pubmed.ncbi.nlm.nih.gov/22177712/;https://pubmed.ncbi.nlm.nih.gov/22188552/;https://pubmed.ncbi.nlm.nih.gov/23395591/;https://pubmed.ncbi.nlm.nih.gov/25690572/;https://pubmed.ncbi.nlm.nih.gov/30580660/;https://pubmed.ncbi.nlm.nih.gov/34453308/;https://pubmed.ncbi.nlm.nih.gov/34681324/;https://pubmed.ncbi.nlm.nih.gov/35794494/;https://pubmed.ncbi.nlm.nih.gov/36365011/;https://pubmed.ncbi.nlm.nih.gov/36553762/","Lactiplantibacillus plantarum 299v (LP299V®): three decades of research.; Microencapsulation and Application of Probiotic Bacteria Lactiplantibacillus plantarum 299v Strain.; Protective Effect of Alginate Microcapsules with Different Rheological Behavior on Lactiplantibacillus plantarum 299v.; Assessment of the Impact of Nutritional Intervention with the Probiotic Lactiplantibacillus plantarum 299v on Nutritional Status and Quality of Life of Hashimoto's Thyroiditis Patients-A Randomized Double-Blind Study Protocol.; Probiotics and iron bioavailability: mechanisms, clinical evidence, and translational applications-a comprehensive review of the probiotic strain Lactiplantibacillus plantarum 299v (LP299V®).; Probiotics inhibit enteropathogenic E. coli adherence in vitro by inducing intestinal mucin gene expression.; Lactobacillus plantarum reduces the in vitro secretory response of intestinal epithelial cells to enteropathogenic Escherichia coli infection.; Antagonistic activity of probiotic lactobacilli and bifidobacteria against entero- and uropathogens.; The safety of two Bacillus probiotic strains for human use.; Functional properties of Lactobacillus plantarum strains isolated from Maasai traditional fermented milk products in Kenya.; Adhesion properties of Lactobacillus casei strains to resected intestinal fragments and components of the extracellular matrix.; 2-DE and MS analysis of key proteins in the adhesion of Lactobacillus plantarum, a first step toward early selection of probiotics based on bacterial biomarkers.; Identification of genetic loci in Lactobacillus plantarum that modulate the immune response of dendritic cells using comparative genome hybridization.; Microbial products from probiotic bacteria inhibit Salmonella enteritidis 857-induced IL-8 synthesis in Caco-2 cells.; Probiotic lactobacilli interfere with Streptococcus mutans biofilm formation in vitro.; Co-aggregation and growth inhibition of probiotic lactobacilli and clinical isolates of mutans streptococci: an in vitro study.; Comparative proteomic analysis of Lactobacillus plantarum for the identification of key proteins in bile tolerance.; Evaluation of probiotic characteristics of newly isolated Lactobacillus spp.: immune modulation and longevity.; Lactobacilli and bifidobacteria induce differential interferon-β profiles in dendritic cells.; In vitro testing of commercial and potential probiotic lactic acid bacteria.; Probiotic properties of Lactobacillus plantarum CECT 7315 and CECT 7316 isolated from faeces of healthy children.; Anchorless surface associated glycolytic enzymes from Lactobacillus plantarum 299v bind to epithelial cells and extracellular matrix proteins.; Probiotic Properties of Leuconostoc mesenteroides Isolated from Aguamiel of Agave salmiana.; A novel probiotic, Lactobacillus johnsonii 456, resists acid and can persist in the human gut beyond the initial ingestion period.; ""Masato de Yuca"" and ""Chicha de Siete Semillas"" Two Traditional Vegetable Fermented Beverages from Peru as Source for the Isolation of Potential Probiotic Bacteria.; Probiotic Properties, Prebiotic Fermentability, and GABA-Producing Capacity of Microorganisms Isolated from Mexican Milk Kefir Grains: A Clustering Evaluation for Functional Dairy Food Applications.; Effect of probiotic bacteria on porcine rotavirus OSU infection of porcine intestinal epithelial IPEC-J2 cells.; The Influence of the Degree of Thermal Inactivation of Probiotic Lactic Acid Bacteria and Their Postbiotics on Aggregation and Adhesion Inhibition of Selected Pathogens.; Assessment of Potential Probiotic and Synbiotic Properties of Lactic Acid Bacteria Grown In Vitro with Starch-Based Soluble Corn Fiber or Inulin.","2021;2023;2023;2023;2026;1999;2002;2006;2008;2008;2009;2009;2010;2010;2011;2011;2011;2011;2011;2012;2012;2013;2015;2019;2023;2021;2022;2022;2022","34365915;37110370;37754363;38138886;42631188;10198338;12352526;16696680;17934835;18175177;18974977;19309013;20498715;20680581;20835828;21306197;21447177;21652104;21889358;22177712;22188552;23395591;25690572;30580660;34453308;34681324;35794494;36365011;36553762"
"Weissella cibaria","GCF_001932695.1","https://pubmed.ncbi.nlm.nih.gov/16288835/","Coaggregation ability of Weissella cibaria isolates with Fusobacterium nucleatum and their adhesiveness to epithelial cells.","2005","16288835"
"Bifidobacterium longum subsp. longum","GCF_001940535.1","https://pubmed.ncbi.nlm.nih.gov/28280022/;https://pubmed.ncbi.nlm.nih.gov/33745570/;https://pubmed.ncbi.nlm.nih.gov/29278212/;https://pubmed.ncbi.nlm.nih.gov/40463977/;https://pubmed.ncbi.nlm.nih.gov/31646852/;https://pubmed.ncbi.nlm.nih.gov/18330633/","Complete Genome Sequence of Bifidobacterium longum W11 (LMG P-21586), Used as a Probiotic Strain.; Bifidobacterium longum W11: Uniqueness and individual or combined clinical use in association with rifaximin.; Immunomodulatory Effects of Bifidobacterium longum W11 Produced Exopolysaccharide on Cytokine Production.; Targeted probiotic therapy in irritable bowel syndrome: a clinical evaluation on Clostridium butyricum CBM588 and Bifidobacterium longum W11.; Effects of rifaximin-resistant Bifidobacterium longum W11 in subjects with symptomatic uncomplicated diverticular disease treated with rifaximin.; Resistance to simulated gastrointestinal conditions and adhesion to mucus as probiotic criteria for Bifidobacterium longum strains.","2017;2021;2017;2025;2019;2008","28280022;33745570;29278212;40463977;31646852;18330633"
"Weissella cibaria","GCF_001951075.2","https://pubmed.ncbi.nlm.nih.gov/36733919/;https://pubmed.ncbi.nlm.nih.gov/40007939/;https://pubmed.ncbi.nlm.nih.gov/32878603/;https://pubmed.ncbi.nlm.nih.gov/16288835/;https://pubmed.ncbi.nlm.nih.gov/27999400/;https://pubmed.ncbi.nlm.nih.gov/33000248/;https://pubmed.ncbi.nlm.nih.gov/34946084/;https://pubmed.ncbi.nlm.nih.gov/37110385/","Improvement of halitosis by probiotic bacterium Weissella cibaria CMU: A randomized controlled trial.; Preventive effects of Weissella cibaria CMU on the progression of periodontitis in a rat model.; Effects of probiotic bacterium Weissella cibaria CMU on periodontal health and microbiota: a randomised, double-blind, placebo-controlled trial.; Coaggregation ability of Weissella cibaria isolates with Fusobacterium nucleatum and their adhesiveness to epithelial cells.; Comparative Study on the Characteristics of Weissella cibaria CMU and Probiotic Strains for Oral Care.; Weissella cibaria CMU exerts an anti‑inflammatory effect by inhibiting Aggregatibacter actinomycetemcomitans‑induced NF‑κB activation in macrophages.; In Vitro Evaluation of the Effect of Oral Probiotic Weissella cibaria on the Formation of Multi-Species Oral Biofilms on Dental Implant Surfaces.; In Vitro Preventive Effect and Mechanism of Action of Weissella cibaria CMU against Streptococcus mutans Biofilm Formation and Periodontal Pathogens.","2023;2025;2020;2005;2016;2020;2021;2023","36733919;40007939;32878603;16288835;27999400;33000248;34946084;37110385"
"Weissella cibaria","GCF_001951095.1","https://pubmed.ncbi.nlm.nih.gov/16288835/","Coaggregation ability of Weissella cibaria isolates with Fusobacterium nucleatum and their adhesiveness to epithelial cells.","2005","16288835"
"Corynebacterium amycolatum","GCF_001975925.1","https://pubmed.ncbi.nlm.nih.gov/35352202/;https://pubmed.ncbi.nlm.nih.gov/28912325/;https://pubmed.ncbi.nlm.nih.gov/34807410/;https://pubmed.ncbi.nlm.nih.gov/37004579/","Genome sequence of Corynebacterium amycolatum ICIS 99 isolated from human vagina reveals safety and beneficial properties.; Draft Genome Sequence of the Vaginal Isolate Corynebacterium amycolatum ICIS 9.; Probiotic Potential, Safety Properties, and Antifungal Activities of Corynebacterium amycolatum ICIS 9 and Corynebacterium amycolatum ICIS 53 Strains.; Antibiofilm activity of cell-free supernatants of vaginal isolates of Corynebacterium amycolatum against Pseudomonas aeruginosa and Klebsiella pneumoniae.","2022;2017;2023;2023","35352202;28912325;34807410;37004579"
"Bifidobacterium breve","GCF_001990225.1","https://pubmed.ncbi.nlm.nih.gov/21192703/","Production of conjugated linoleic acid (CLA) by Bifidobacterium breve LMC520 and its compatibility with CLA-producing rumen bacteria.","2011","21192703"
"Lacticaseibacillus rhamnosus","GCF_001991035.1","https://pubmed.ncbi.nlm.nih.gov/41981058/;https://pubmed.ncbi.nlm.nih.gov/28579977/","Effects of Lacticaseibacillus rhamnosus L156.4 and Lactococcus lactis NCDO 2118 strains on reducing alcohol intake and preference in an animal model of high alcohol consumption and preference.; In silico Prediction, in vitro Antibacterial Spectrum, and Physicochemical Properties of a Putative Bacteriocin Produced by Lactobacillus rhamnosus Strain L156.4.","2026;2017","41981058;28579977"
"Bacteroides fragilis","GCF_001997325.1","","","",""
"Bifidobacterium breve","GCF_002027265.1","https://pubmed.ncbi.nlm.nih.gov/28473392/;https://pubmed.ncbi.nlm.nih.gov/41310220/;https://pubmed.ncbi.nlm.nih.gov/33350361/;https://pubmed.ncbi.nlm.nih.gov/31630683/","Resequencing the Genome of Bifidobacterium breve Strain CECT7263.; L.Fermentum CECT5716 and B.Breve CECT7263 on premature infants morbidities: a randomized clinical trial.; Efficacy of Bifidobacterium breve CECT7263 for infantile colic treatment: an open-label, parallel, randomised, controlled trial.; Evaluation of the safety, tolerance and efficacy of 1-year consumption of infant formula supplemented with Lactobacillus fermentum CECT5716 Lc40 or Bifidobacterium breve CECT7263: a randomized controlled trial.","2017;2025;2021;2019","28473392;41310220;33350361;31630683"
"Lactobacillus amylolyticus","GCF_002075105.1","https://pubmed.ncbi.nlm.nih.gov/35592287/;https://pubmed.ncbi.nlm.nih.gov/36777030/","Adaptive mechanism of Lactobacillus amylolyticus L6 in soymilk environment based on metabolism of nutrients and related gene-expression profiles.; Lacticaseibacillus rhamnosus C1 effectively inhibits Penicillium roqueforti: Effects of antimycotic culture supernatant on toxin synthesis and corresponding gene expression.","2022;2022","35592287;36777030"
"Ligilactobacillus salivarius","GCF_002079325.1","https://pubmed.ncbi.nlm.nih.gov/19590072/","Screening of lactic acid bacteria toward their selection as a source of chicken probiotic.","2009","19590072"
"Ligilactobacillus salivarius","GCF_002079335.1","https://pubmed.ncbi.nlm.nih.gov/19590072/","Screening of lactic acid bacteria toward their selection as a source of chicken probiotic.","2009","19590072"
"Ligilactobacillus salivarius","GCF_002079365.1","https://pubmed.ncbi.nlm.nih.gov/19590072/","Screening of lactic acid bacteria toward their selection as a source of chicken probiotic.","2009","19590072"
"Ligilactobacillus salivarius","GCF_002079385.1","https://pubmed.ncbi.nlm.nih.gov/19590072/","Screening of lactic acid bacteria toward their selection as a source of chicken probiotic.","2009","19590072"
"Ligilactobacillus salivarius","GCF_002079405.1","https://pubmed.ncbi.nlm.nih.gov/19590072/","Screening of lactic acid bacteria toward their selection as a source of chicken probiotic.","2009","19590072"
"Ligilactobacillus salivarius","GCF_002079435.1","https://pubmed.ncbi.nlm.nih.gov/35727573/;https://pubmed.ncbi.nlm.nih.gov/41775257/;https://pubmed.ncbi.nlm.nih.gov/39545778/;https://pubmed.ncbi.nlm.nih.gov/19590072/;https://pubmed.ncbi.nlm.nih.gov/30833631/","Multispecies Probiotic for the Prevention of Antibiotic-Associated Diarrhea in Children: A Randomized Clinical Trial.; Targeting microbiota-generated acetaldehyde to prevent progression of metabolic dysfunction-associated steatotic liver disease.; Synergistic effects of Ligilactobacillus salivarius Li01 and psyllium husk prevent mice from developing loperamide-induced constipation.; Screening of lactic acid bacteria toward their selection as a source of chicken probiotic.; Detection of vaginal lactobacilli as probiotic candidates.","2022;2026;2024;2009;2019","35727573;41775257;39545778;19590072;30833631"
"Ligilactobacillus salivarius","GCF_002079585.1","https://pubmed.ncbi.nlm.nih.gov/19590072/","Screening of lactic acid bacteria toward their selection as a source of chicken probiotic.","2009","19590072"
"Ligilactobacillus salivarius","GCF_002079595.1","https://pubmed.ncbi.nlm.nih.gov/19590072/","Screening of lactic acid bacteria toward their selection as a source of chicken probiotic.","2009","19590072"
"Ligilactobacillus salivarius","GCF_002079625.1","https://pubmed.ncbi.nlm.nih.gov/19590072/","Screening of lactic acid bacteria toward their selection as a source of chicken probiotic.","2009","19590072"
"Ligilactobacillus salivarius","GCF_002079645.1","https://pubmed.ncbi.nlm.nih.gov/19590072/","Screening of lactic acid bacteria toward their selection as a source of chicken probiotic.","2009","19590072"
"Ligilactobacillus salivarius","GCF_002079655.1","https://pubmed.ncbi.nlm.nih.gov/19590072/","Screening of lactic acid bacteria toward their selection as a source of chicken probiotic.","2009","19590072"
"Ligilactobacillus salivarius","GCF_002079685.1","https://pubmed.ncbi.nlm.nih.gov/19590072/","Screening of lactic acid bacteria toward their selection as a source of chicken probiotic.","2009","19590072"
"Ligilactobacillus salivarius","GCF_002079705.1","https://pubmed.ncbi.nlm.nih.gov/19590072/","Screening of lactic acid bacteria toward their selection as a source of chicken probiotic.","2009","19590072"
"Ligilactobacillus salivarius","GCF_002079715.1","https://pubmed.ncbi.nlm.nih.gov/19590072/","Screening of lactic acid bacteria toward their selection as a source of chicken probiotic.","2009","19590072"
"Ligilactobacillus salivarius","GCF_002079845.1","https://pubmed.ncbi.nlm.nih.gov/19590072/","Screening of lactic acid bacteria toward their selection as a source of chicken probiotic.","2009","19590072"
"Ligilactobacillus salivarius","GCF_002079905.1","https://pubmed.ncbi.nlm.nih.gov/19590072/","Screening of lactic acid bacteria toward their selection as a source of chicken probiotic.","2009","19590072"
"Ligilactobacillus salivarius","GCF_002079925.1","https://pubmed.ncbi.nlm.nih.gov/19590072/","Screening of lactic acid bacteria toward their selection as a source of chicken probiotic.","2009","19590072"
"Bacillus subtilis","GCF_002093785.1","https://pubmed.ncbi.nlm.nih.gov/34200435/;https://pubmed.ncbi.nlm.nih.gov/39151920/;https://pubmed.ncbi.nlm.nih.gov/27825987/;https://pubmed.ncbi.nlm.nih.gov/30042756/;https://pubmed.ncbi.nlm.nih.gov/25090957/","Probiotics for the Prevention of Acute Respiratory-Tract Infections in Older People: Systematic Review.; The probiotic strain Bacillus subtilis CU1 primes antimicrobial innate immune response and reduces low-grade inflammation: a clinical study.; Safety assessment of Bacillus subtilis CU1 for use as a probiotic in humans.; Antidiarrheal Action of Bacillus subtilis CU1 CNCM I-2745 and Lactobacillus plantarum CNCM I-4547 in Mice.; Characterization of lipoteichoic acid structures from three probiotic Bacillus strains: involvement of D-alanine in their biological activity.","2021;2024;2017;2018;2014","34200435;39151920;27825987;30042756;25090957"
"Lactiplantibacillus plantarum","GCF_002109425.1","https://pubmed.ncbi.nlm.nih.gov/36571922/;https://pubmed.ncbi.nlm.nih.gov/40749709/;https://pubmed.ncbi.nlm.nih.gov/40269965/;https://pubmed.ncbi.nlm.nih.gov/38841895/;https://pubmed.ncbi.nlm.nih.gov/40114208/;https://pubmed.ncbi.nlm.nih.gov/23613101/;https://pubmed.ncbi.nlm.nih.gov/28155128/;https://pubmed.ncbi.nlm.nih.gov/37202651/","A novel approach to Lactiplantibacillus plantarum: From probiotic properties to the omics insights.; Harnessing Lactiplantibacillus plantarum EP21 and its membrane vesicles to inhibit myopia development.; Lactiplantibacillus plantarum -derived extracellular vesicles alleviate acute lung injury by inhibiting ferroptosis of macrophages.; Enhancing social behavior in an autism spectrum disorder mouse model: investigating the underlying mechanisms of Lactiplantibacillus plantarum intervention.; Reducing severity of inflammatory bowel disease through colonization of Lactiplantibacillus plantarum and its extracellular vesicles release.; Preliminary evaluation of probiotic potential of Lactobacillus plantarum strains isolated from Italian food products.; Lactobacillus plantarum as a Probiotic Potential from Kouzeh Cheese (Traditional Iranian Cheese) and Its Antimicrobial Activity.; Immunomodulatory Activity on Human Macrophages by Cell-Free Supernatants to Explore the Probiotic and Postbiotic Potential of Lactiplantibacillus plantarum Strains of Plant Origin.","2023;2025;2025;2024;2025;2013;2017;2024","36571922;40749709;40269965;38841895;40114208;23613101;28155128;37202651"
"Limosilactobacillus reuteri","GCF_002112225.1","https://pubmed.ncbi.nlm.nih.gov/11821231/","Inhibition of binding of Helicobacter pylori to the glycolipid receptors by probiotic Lactobacillus reuteri.","2002","11821231"
"Limosilactobacillus fermentum","GCF_002119645.1","","","",""
"Enterococcus faecalis","GCF_002140075.1","https://pubmed.ncbi.nlm.nih.gov/25883590/","Probiotic potential of Enterococcus faecalis strains isolated from meconium.","2015","25883590"
"Lacticaseibacillus rhamnosus","GCF_002158925.1","","","",""
"Escherichia coli","GCF_002190355.1","https://pubmed.ncbi.nlm.nih.gov/35057528/","Modulation of Dendritic Cells by Microbiota Extracellular Vesicles Influences the Cytokine Profile and Exosome Cargo.","2022","35057528"
"Lacticaseibacillus casei","GCF_002192215.1","https://pubmed.ncbi.nlm.nih.gov/40515809/;https://pubmed.ncbi.nlm.nih.gov/37447381/;https://pubmed.ncbi.nlm.nih.gov/41024441/;https://pubmed.ncbi.nlm.nih.gov/41120928/;https://pubmed.ncbi.nlm.nih.gov/41471871/","Probiotic-induced enrichment of Adlercreutzia equolifaciens increases gut microbiome wellness index and maps to lower host blood glucose levels.; Looking for the Ideal Probiotic Healing Regime.; Probiotic Supplementation Enhances Functional Recovery and Modulates the Serum Metabolome in Mice.; A novel synbiotic formulation prevents calcium oxalate stones by restoring gut microbiota homeostasis.; Lacticaseibacillus casei Combats Biofilm Formation and Exhibits Antibacterial Activity Against Clinical Isolates of Staphylococcus aureus, Salmonella enterica, and Escherichia coli.","2025;2023;2025;2025;2025","40515809;37447381;41024441;41120928;41471871"
"Lactiplantibacillus pentosus","GCF_002211885.1","https://pubmed.ncbi.nlm.nih.gov/37722330/;https://pubmed.ncbi.nlm.nih.gov/36411410/","Chemical changes of potential probiotic Lactiplantibacillus plantarum and Lactobacillus pentosus starter cultures in natural Gemlik type black olive fermentation.; Anti-Helicobacter pylori activity of potential probiotic Lactiplantibacillus pentosus SLC13.","2024;2022","37722330;36411410"
"Weissella cibaria","GCF_002243305.1","https://pubmed.ncbi.nlm.nih.gov/34946084/;https://pubmed.ncbi.nlm.nih.gov/35536505/;https://pubmed.ncbi.nlm.nih.gov/37110385/","In Vitro Evaluation of the Effect of Oral Probiotic Weissella cibaria on the Formation of Multi-Species Oral Biofilms on Dental Implant Surfaces.; In Vitro Inactivation of Respiratory Viruses and Rotavirus by the Oral Probiotic Strain Weissella cibaria CMS1.; In Vitro Preventive Effect and Mechanism of Action of Weissella cibaria CMU against Streptococcus mutans Biofilm Formation and Periodontal Pathogens.","2021;2022;2023","34946084;35536505;37110385"
"Lactobacillus delbrueckii subsp. lactis DSM 20072","GCF_002278095.1","https://pubmed.ncbi.nlm.nih.gov/30452699/;https://pubmed.ncbi.nlm.nih.gov/39458486/;https://pubmed.ncbi.nlm.nih.gov/35491646/;https://pubmed.ncbi.nlm.nih.gov/36694578/;https://pubmed.ncbi.nlm.nih.gov/35916052/;https://pubmed.ncbi.nlm.nih.gov/21318359/","Yogurt and other fermented foods as sources of health-promoting bacteria.; Microbiota Transplantation in Individuals with Type 2 Diabetes and a High Degree of Insulin Resistance.; Precision Probiotic Medicine to Improve ICB Immunotherapy.; Probiotic growth in skin-like conditions.; IL-22 and Lactobacillus delbrueckii mitigate alcohol-induced exacerbation of DSS-induced colitis.; An in vitro protocol for direct isolation of potential probiotic lactobacilli from raw bovine milk and traditional fermented milks.","2018;2024;2022;2022;2022;2011","30452699;39458486;35491646;36694578;35916052;21318359"
"Bifidobacterium pseudolongum","GCF_002282915.1","https://pubmed.ncbi.nlm.nih.gov/36658194/","Strain-specific alterations in gut microbiome and host immune responses elicited by tolerogenic Bifidobacterium pseudolongum.","2023","36658194"
"Streptococcus thermophilus","GCF_002286255.1","https://pubmed.ncbi.nlm.nih.gov/32920015/;https://pubmed.ncbi.nlm.nih.gov/30452699/;https://pubmed.ncbi.nlm.nih.gov/41334956/;https://pubmed.ncbi.nlm.nih.gov/19007054/;https://pubmed.ncbi.nlm.nih.gov/36904230/;https://pubmed.ncbi.nlm.nih.gov/31832842/;https://pubmed.ncbi.nlm.nih.gov/32539956/","Streptococcus thermophilus Inhibits Colorectal Tumorigenesis Through Secreting β-Galactosidase.; Yogurt and other fermented foods as sources of health-promoting bacteria.; An update on probiotics in paediatrics.; Probiotics.; Pre-, pro-, syn-, and Postbiotics in Infant Formulas: What Are the Immune Benefits for Infants?; First Insight into the Probiotic Properties of Ten Streptococcus thermophilus Strains Based on In Vitro Conditions.; A potential flavor culture: Lactobacillus harbinensis M1 improves the organoleptic quality of fermented soymilk by high production of 2,3-butanedione and acetoin.","2021;2018;2026;2008;2023;2020;2020","32920015;30452699;41334956;19007054;36904230;31832842;32539956"
"Lactiplantibacillus plantarum","GCF_002286275.1","https://pubmed.ncbi.nlm.nih.gov/36571922/;https://pubmed.ncbi.nlm.nih.gov/40749709/;https://pubmed.ncbi.nlm.nih.gov/40269965/;https://pubmed.ncbi.nlm.nih.gov/38841895/;https://pubmed.ncbi.nlm.nih.gov/40114208/;https://pubmed.ncbi.nlm.nih.gov/23613101/;https://pubmed.ncbi.nlm.nih.gov/28155128/;https://pubmed.ncbi.nlm.nih.gov/37202651/","A novel approach to Lactiplantibacillus plantarum: From probiotic properties to the omics insights.; Harnessing Lactiplantibacillus plantarum EP21 and its membrane vesicles to inhibit myopia development.; Lactiplantibacillus plantarum -derived extracellular vesicles alleviate acute lung injury by inhibiting ferroptosis of macrophages.; Enhancing social behavior in an autism spectrum disorder mouse model: investigating the underlying mechanisms of Lactiplantibacillus plantarum intervention.; Reducing severity of inflammatory bowel disease through colonization of Lactiplantibacillus plantarum and its extracellular vesicles release.; Preliminary evaluation of probiotic potential of Lactobacillus plantarum strains isolated from Italian food products.; Lactobacillus plantarum as a Probiotic Potential from Kouzeh Cheese (Traditional Iranian Cheese) and Its Antimicrobial Activity.; Immunomodulatory Activity on Human Macrophages by Cell-Free Supernatants to Explore the Probiotic and Postbiotic Potential of Lactiplantibacillus plantarum Strains of Plant Origin.","2023;2025;2025;2024;2025;2013;2017;2024","36571922;40749709;40269965;38841895;40114208;23613101;28155128;37202651"
"Lactobacillus gasseri DSM 14869","GCF_002287905.1","https://pubmed.ncbi.nlm.nih.gov/31420338/;https://pubmed.ncbi.nlm.nih.gov/28942850/;https://pubmed.ncbi.nlm.nih.gov/31533663/","Putative Adhesion Factors in Vaginal Lactobacillus gasseri DSM 14869: Functional Characterization.; Characterization and complete genome sequences of L. rhamnosus DSM 14870 and L. gasseri DSM 14869 contained in the EcoVag® probiotic vaginal capsules.; An exploratory pilot study evaluating the supplementation of standard antibiotic therapy with probiotic lactobacilli in south African women with bacterial vaginosis.","2019;2017;2019","31420338;28942850;31533663"
"Lacticaseibacillus rhamnosus DSM 14870","GCF_002287945.1","","","",""
"Lactiplantibacillus plantarum","GCF_002532115.1","https://pubmed.ncbi.nlm.nih.gov/36571922/;https://pubmed.ncbi.nlm.nih.gov/40749709/;https://pubmed.ncbi.nlm.nih.gov/40269965/;https://pubmed.ncbi.nlm.nih.gov/38841895/;https://pubmed.ncbi.nlm.nih.gov/40114208/","A novel approach to Lactiplantibacillus plantarum: From probiotic properties to the omics insights.; Harnessing Lactiplantibacillus plantarum EP21 and its membrane vesicles to inhibit myopia development.; Lactiplantibacillus plantarum -derived extracellular vesicles alleviate acute lung injury by inhibiting ferroptosis of macrophages.; Enhancing social behavior in an autism spectrum disorder mouse model: investigating the underlying mechanisms of Lactiplantibacillus plantarum intervention.; Reducing severity of inflammatory bowel disease through colonization of Lactiplantibacillus plantarum and its extracellular vesicles release.","2023;2025;2025;2024;2025","36571922;40749709;40269965;38841895;40114208"
"Faecalibacterium langellae","GCF_002549755.1","https://pubmed.ncbi.nlm.nih.gov/31296969/;https://pubmed.ncbi.nlm.nih.gov/37451743/;https://pubmed.ncbi.nlm.nih.gov/31901868/;https://pubmed.ncbi.nlm.nih.gov/37794596/;https://pubmed.ncbi.nlm.nih.gov/38619680/;https://pubmed.ncbi.nlm.nih.gov/28713353/","Probiotics and prebiotics in intestinal health and disease: from biology to the clinic.; Faecalibacterium: a bacterial genus with promising human health applications.; Role of gut microbiota in type 2 diabetes pathophysiology.; Microbiota-gut-brain axis drives overeating disorders.; Next-generation probiotics: the upcoming biotherapeutics.; Functional Characterization of Novel Faecalibacterium prausnitzii Strains Isolated from Healthy Volunteers: A Step Forward in the Use of F. prausnitzii as a Next-Generation Probiotic.","2019;2023;2020;2023;2024;2017","31296969;37451743;31901868;37794596;38619680;28713353"
"Faecalibacterium langellae","GCF_002549775.1","https://pubmed.ncbi.nlm.nih.gov/31296969/;https://pubmed.ncbi.nlm.nih.gov/37451743/;https://pubmed.ncbi.nlm.nih.gov/31901868/;https://pubmed.ncbi.nlm.nih.gov/37794596/;https://pubmed.ncbi.nlm.nih.gov/38619680/;https://pubmed.ncbi.nlm.nih.gov/28713353/","Probiotics and prebiotics in intestinal health and disease: from biology to the clinic.; Faecalibacterium: a bacterial genus with promising human health applications.; Role of gut microbiota in type 2 diabetes pathophysiology.; Microbiota-gut-brain axis drives overeating disorders.; Next-generation probiotics: the upcoming biotherapeutics.; Functional Characterization of Novel Faecalibacterium prausnitzii Strains Isolated from Healthy Volunteers: A Step Forward in the Use of F. prausnitzii as a Next-Generation Probiotic.","2019;2023;2020;2023;2024;2017","31296969;37451743;31901868;37794596;38619680;28713353"
"Faecalibacterium prausnitzii","GCF_002549855.1","https://pubmed.ncbi.nlm.nih.gov/28713353/","Functional Characterization of Novel Faecalibacterium prausnitzii Strains Isolated from Healthy Volunteers: A Step Forward in the Use of F. prausnitzii as a Next-Generation Probiotic.","2017","28713353"
"Faecalibacterium prausnitzii","GCF_002549895.2","https://pubmed.ncbi.nlm.nih.gov/28713353/","Functional Characterization of Novel Faecalibacterium prausnitzii Strains Isolated from Healthy Volunteers: A Step Forward in the Use of F. prausnitzii as a Next-Generation Probiotic.","2017","28713353"
"Faecalibacterium prausnitzii","GCF_002549905.1","https://pubmed.ncbi.nlm.nih.gov/28713353/","Functional Characterization of Novel Faecalibacterium prausnitzii Strains Isolated from Healthy Volunteers: A Step Forward in the Use of F. prausnitzii as a Next-Generation Probiotic.","2017","28713353"
"Faecalibacterium prausnitzii","GCF_002549935.1","https://pubmed.ncbi.nlm.nih.gov/28713353/","Functional Characterization of Novel Faecalibacterium prausnitzii Strains Isolated from Healthy Volunteers: A Step Forward in the Use of F. prausnitzii as a Next-Generation Probiotic.","2017","28713353"
"Faecalibacterium prausnitzii","GCF_002549945.1","https://pubmed.ncbi.nlm.nih.gov/28713353/","Functional Characterization of Novel Faecalibacterium prausnitzii Strains Isolated from Healthy Volunteers: A Step Forward in the Use of F. prausnitzii as a Next-Generation Probiotic.","2017","28713353"
"Faecalibacterium prausnitzii","GCF_002549975.1","https://pubmed.ncbi.nlm.nih.gov/28713353/","Functional Characterization of Novel Faecalibacterium prausnitzii Strains Isolated from Healthy Volunteers: A Step Forward in the Use of F. prausnitzii as a Next-Generation Probiotic.","2017","28713353"
"Faecalibacterium prausnitzii","GCF_002549985.1","https://pubmed.ncbi.nlm.nih.gov/28713353/","Functional Characterization of Novel Faecalibacterium prausnitzii Strains Isolated from Healthy Volunteers: A Step Forward in the Use of F. prausnitzii as a Next-Generation Probiotic.","2017","28713353"
"Faecalibacterium prausnitzii","GCF_002550015.1","https://pubmed.ncbi.nlm.nih.gov/28713353/","Functional Characterization of Novel Faecalibacterium prausnitzii Strains Isolated from Healthy Volunteers: A Step Forward in the Use of F. prausnitzii as a Next-Generation Probiotic.","2017","28713353"
"Lactococcus lactis","GCF_002563535.1","https://pubmed.ncbi.nlm.nih.gov/27466284/;https://pubmed.ncbi.nlm.nih.gov/38599786/;https://pubmed.ncbi.nlm.nih.gov/29899025/;https://pubmed.ncbi.nlm.nih.gov/41486553/;https://pubmed.ncbi.nlm.nih.gov/39738244/;https://pubmed.ncbi.nlm.nih.gov/34445321/","Stress Physiology of Lactic Acid Bacteria.; Lactococcus lactis HkyuLL 10 suppresses colorectal tumourigenesis and restores gut microbiota through its generated alpha-mannosidase.; Curbing cholera.; Lactococcus lactis subsp. Cremoris reprograms systemic metabolism and protects against myocardial injury.; Lactococcus lactis and Bifidobacterium bifidum alleviate postmenopausal symptoms by suppressing NF-κB signaling and microbiota dysbiosis.; Identification of Potential Probiotics Producing Bacteriocins Active against Listeria monocytogenes by a Combination of Screening Tools.","2016;2024;2018;2026;2024;2021","27466284;38599786;29899025;41486553;39738244;34445321"
"Lactococcus lactis","GCF_002563575.1","https://pubmed.ncbi.nlm.nih.gov/27466284/;https://pubmed.ncbi.nlm.nih.gov/29899025/;https://pubmed.ncbi.nlm.nih.gov/41486553/;https://pubmed.ncbi.nlm.nih.gov/39738244/","Stress Physiology of Lactic Acid Bacteria.; Curbing cholera.; Lactococcus lactis subsp. Cremoris reprograms systemic metabolism and protects against myocardial injury.; Lactococcus lactis and Bifidobacterium bifidum alleviate postmenopausal symptoms by suppressing NF-κB signaling and microbiota dysbiosis.","2016;2018;2026;2024","27466284;29899025;41486553;39738244"
"Xenorhabdus budapestensis","GCF_002632465.1","","","",""
"Xenorhabdus innexi","GCF_002632485.1","https://pubmed.ncbi.nlm.nih.gov/37760758/","Antimicrobial Peptides (AMP) in the Cell-Free Culture Media of Xenorhabdus budapestensis and X. szentirmaii Exert Anti-Protist Activity against Eukaryotic Vertebrate Pathogens including Histomonas meleagridis and Leishmania donovani Species.","2023","37760758"
"Xenorhabdus szentirmaii DSM 16338","GCF_002632585.1","","","",""
"Lactobacillus amylovorus DSM 20531","GCF_002706375.1","https://pubmed.ncbi.nlm.nih.gov/39529091/;https://pubmed.ncbi.nlm.nih.gov/34489041/;https://pubmed.ncbi.nlm.nih.gov/16269808/;https://pubmed.ncbi.nlm.nih.gov/18537838/;https://pubmed.ncbi.nlm.nih.gov/25070625/","Probiotic-derived extracellular vesicles alleviate AFB1-induced intestinal injury by modulating the gut microbiota and AHR activation.; Lactobacillus amylovorus derived lipase-mediated silver derivatization over poly(ε-caprolactone) towards antimicrobial coatings.; Representational difference analysis and real-time PCR for strain-specific quantification of Lactobacillus sobrius sp. nov.; Feeding of Lactobacillus sobrius reduces Escherichia coli F4 levels in the gut and promotes growth of infected piglets.; Functional characterization of probiotic surface layer protein-carrying Lactobacillus amylovorus strains.","2024;2021;2005;2008;2014","39529091;34489041;16269808;18537838;25070625"
"Streptococcus macedonicus","GCF_002735805.1","https://pubmed.ncbi.nlm.nih.gov/30621871/;https://pubmed.ncbi.nlm.nih.gov/32156379/","Characterization of folate production and probiotic potential of Streptococcus gallolyticus subsp. macedonicus CRL415.; Genomic and phenotypic assessments of safety and probiotic properties of Streptococcus macedonicus strains of dairy origin.","2019;2020","30621871;32156379"
"Streptococcus macedonicus","GCF_002735825.1","https://pubmed.ncbi.nlm.nih.gov/30621871/;https://pubmed.ncbi.nlm.nih.gov/32156379/","Characterization of folate production and probiotic potential of Streptococcus gallolyticus subsp. macedonicus CRL415.; Genomic and phenotypic assessments of safety and probiotic properties of Streptococcus macedonicus strains of dairy origin.","2019;2020","30621871;32156379"
"Streptococcus macedonicus","GCF_002735835.1","https://pubmed.ncbi.nlm.nih.gov/30621871/;https://pubmed.ncbi.nlm.nih.gov/32156379/","Characterization of folate production and probiotic potential of Streptococcus gallolyticus subsp. macedonicus CRL415.; Genomic and phenotypic assessments of safety and probiotic properties of Streptococcus macedonicus strains of dairy origin.","2019;2020","30621871;32156379"
"Lactiplantibacillus plantarum","GCF_002749655.1","https://pubmed.ncbi.nlm.nih.gov/33193143/;https://pubmed.ncbi.nlm.nih.gov/10196761/;https://pubmed.ncbi.nlm.nih.gov/16503361/;https://pubmed.ncbi.nlm.nih.gov/17265871/;https://pubmed.ncbi.nlm.nih.gov/17597654/;https://pubmed.ncbi.nlm.nih.gov/20070917/;https://pubmed.ncbi.nlm.nih.gov/21535686/;https://pubmed.ncbi.nlm.nih.gov/23663754/;https://pubmed.ncbi.nlm.nih.gov/27513424/;https://pubmed.ncbi.nlm.nih.gov/27833605/;https://pubmed.ncbi.nlm.nih.gov/30795551/;https://pubmed.ncbi.nlm.nih.gov/33266127/;https://pubmed.ncbi.nlm.nih.gov/35085717/;https://pubmed.ncbi.nlm.nih.gov/35615501/;https://pubmed.ncbi.nlm.nih.gov/36422618/","Lactic Acid Fermentation of Arthrospira platensis (Spirulina) in a Vegetal Soybean Drink for Developing New Functional Lactose-Free Beverages.; Human ileostomy glycoproteins as a model for small intestinal mucus to investigate adhesion of probiotics.; Lactobacillus spp. with in vitro probiotic properties from human faeces and traditional fermented products.; Adhesive and chemokine stimulatory properties of potentially probiotic Lactobacillus strains.; Secreted probiotic factors ameliorate enteropathogenic infection in zinc-deficient human Caco-2 and T84 cell lines.; Probiotic attributes of Lactobacillus strains isolated from food and of human origin.; Adherent properties and macrophage activation ability of 3 strains of lactic acid bacteria.; The expression of adhesin EF-Tu in response to mucin and its role in Lactobacillus adhesion and competitive inhibition of enteropathogens to mucin.; The inhibitory effect of bacteriocin produced by Lactobacillus acidophilusATCC 4356 and Lactobacillus plantarum ATCC 8014 on planktonic cells and biofilms of Serratia marcescens.; Lactobacillus fermentum ATCC 23271 Displays In vitro Inhibitory Activities against Candida spp.; In Vitro Antimicrobial Activity and Probiotic Potential of Bifidobacterium and Lactobacillus against Species of Clostridium.; Probiotic Properties of Lactiplantibacillus plantarum LB5 Isolated from Kimchi Based on Nitrate Reducing Capability.; Evaluation of three Bacillus spp. isolated from the gut of giant freshwater prawn as potential probiotics against pathogens causing Vibriosis and Aeromonosis.; Assessments of Probiotic Potentials of Lactiplantibacillus plantarum Strains Isolated From Chinese Traditional Fermented Food: Phenotypic and Genomic Analysis.; Antagonistic Activity of Potentially Probiotic Lactic Acid Bacteria against Honeybee (Apis mellifera L.) Pathogens.","2020;1999;2006;2007;2007;2010;2011;2013;2016;2016;2019;2020;2022;2022;2022","33193143;10196761;16503361;17265871;17597654;20070917;21535686;23663754;27513424;27833605;30795551;33266127;35085717;35615501;36422618"
"Lacticaseibacillus paracasei","GCF_002762235.1","https://pubmed.ncbi.nlm.nih.gov/35236257/;https://pubmed.ncbi.nlm.nih.gov/41002538/;https://pubmed.ncbi.nlm.nih.gov/37662485/;https://pubmed.ncbi.nlm.nih.gov/37621875/;https://pubmed.ncbi.nlm.nih.gov/39723031/;https://pubmed.ncbi.nlm.nih.gov/32392743/;https://pubmed.ncbi.nlm.nih.gov/36838294/;https://pubmed.ncbi.nlm.nih.gov/37374969/","Restorative effects of probiotics on memory impairment in sleep-deprived mice.; Beyond the oral niche: Lacticaseibacillus paracasei LPC-37 unlocks oral-gastric-intestinal crosstalk for butyric acid-dependent oral inflammation alleviation.; Efficacy and safety of Lacticaseibacillus paracasei Lpc-37® in students facing examination stress: A randomized, triple-blind, placebo-controlled clinical trial (the ChillEx study).; Lactobacillus acidophilus NCFM and Lactiplantibacillus plantarum Lp-115 inhibit Helicobacter pylori colonization and gastric inflammation in a murine model.; Effects of Moderate Consumption of a Probiotic-Fermented Sour Beer on the Inflammatory, Immunity, Lipid Profile, and Gut Microbiome of Healthy Men in a Participant-Blinded, Randomized-Controlled Within-Subject Crossover Study.; Technological Characterisation of Probiotic Lactic Acid Bacteria as Starter Cultures for Dry Fermented Sausages.; In Vitro Screen of Lactobacilli Strains for Gastrointestinal and Vaginal Benefits.; Effects of Bacterial Lysates and Metabolites on Collagen Homeostasis in TNF-α-Challenged Human Dermal Fibroblasts.","2023;2025;2023;2023;2024;2020;2023;2023","35236257;41002538;37662485;37621875;39723031;32392743;36838294;37374969"
"Limosilactobacillus reuteri","GCF_002762415.1","https://pubmed.ncbi.nlm.nih.gov/17234391/;https://pubmed.ncbi.nlm.nih.gov/19703242/;https://pubmed.ncbi.nlm.nih.gov/21385950/;https://pubmed.ncbi.nlm.nih.gov/22715972/;https://pubmed.ncbi.nlm.nih.gov/25688886/;https://pubmed.ncbi.nlm.nih.gov/26028405/;https://pubmed.ncbi.nlm.nih.gov/31834968/;https://pubmed.ncbi.nlm.nih.gov/36959635/","Effect of Lactobacillus challenge on Gardnerella vaginalis biofilms.; Effect of Lactobacillus rhamnosus GR-1 and Lactobacillus reuteri RC-14 on the ability of Candida albicans to infect cells and induce inflammation.; The anti-inflammatory role of granulocyte colony-stimulating factor in macrophage-dendritic cell crosstalk after Lactobacillus rhamnosus GR-1 exposure.; Probiotic lactobacillus and estrogen effects on vaginal epithelial gene expression responses to Candida albicans.; Probiotic Lactobacillus rhamnosus GR-1 and Lactobacillus reuteri RC-14 exhibit strong antifungal effects against vulvovaginal candidiasis-causing Candida glabrata isolates.; In vitro modulation of probiotic bacteria on the biofilm of Candida glabrata.; Impact of Acerola (Malpighia emarginata DC) Byproduct and Probiotic Strains on Technological and Sensory Features of Fermented Soy Beverages.; Antimicrobial and immunoregulatory effects of Lactobacillus delbrueckii 45E against genitourinary pathogens.","2007;2009;2011;2012;2015;2015;2019;2023","17234391;19703242;21385950;22715972;25688886;26028405;31834968;36959635"
"Heyndrickxia coagulans","GCF_002786555.1","","","",""
"Streptococcus thermophilus","GCF_002796625.1","https://pubmed.ncbi.nlm.nih.gov/32920015/;https://pubmed.ncbi.nlm.nih.gov/30452699/;https://pubmed.ncbi.nlm.nih.gov/41334956/;https://pubmed.ncbi.nlm.nih.gov/19007054/;https://pubmed.ncbi.nlm.nih.gov/36904230/;https://pubmed.ncbi.nlm.nih.gov/31832842/","Streptococcus thermophilus Inhibits Colorectal Tumorigenesis Through Secreting β-Galactosidase.; Yogurt and other fermented foods as sources of health-promoting bacteria.; An update on probiotics in paediatrics.; Probiotics.; Pre-, pro-, syn-, and Postbiotics in Infant Formulas: What Are the Immune Benefits for Infants?; First Insight into the Probiotic Properties of Ten Streptococcus thermophilus Strains Based on In Vitro Conditions.","2021;2018;2026;2008;2023;2020","32920015;30452699;41334956;19007054;36904230;31832842"
"Streptococcus thermophilus","GCF_002796635.1","https://pubmed.ncbi.nlm.nih.gov/32920015/;https://pubmed.ncbi.nlm.nih.gov/30452699/;https://pubmed.ncbi.nlm.nih.gov/41334956/;https://pubmed.ncbi.nlm.nih.gov/19007054/;https://pubmed.ncbi.nlm.nih.gov/36904230/;https://pubmed.ncbi.nlm.nih.gov/31832842/","Streptococcus thermophilus Inhibits Colorectal Tumorigenesis Through Secreting β-Galactosidase.; Yogurt and other fermented foods as sources of health-promoting bacteria.; An update on probiotics in paediatrics.; Probiotics.; Pre-, pro-, syn-, and Postbiotics in Infant Formulas: What Are the Immune Benefits for Infants?; First Insight into the Probiotic Properties of Ten Streptococcus thermophilus Strains Based on In Vitro Conditions.","2021;2018;2026;2008;2023;2020","32920015;30452699;41334956;19007054;36904230;31832842"
"Streptococcus thermophilus","GCF_002796655.1","https://pubmed.ncbi.nlm.nih.gov/32920015/;https://pubmed.ncbi.nlm.nih.gov/30452699/;https://pubmed.ncbi.nlm.nih.gov/41334956/;https://pubmed.ncbi.nlm.nih.gov/19007054/;https://pubmed.ncbi.nlm.nih.gov/31832842/","Streptococcus thermophilus Inhibits Colorectal Tumorigenesis Through Secreting β-Galactosidase.; Yogurt and other fermented foods as sources of health-promoting bacteria.; An update on probiotics in paediatrics.; Probiotics.; First Insight into the Probiotic Properties of Ten Streptococcus thermophilus Strains Based on In Vitro Conditions.","2021;2018;2026;2008;2020","32920015;30452699;41334956;19007054;31832842"
"Streptococcus thermophilus","GCF_002796705.1","https://pubmed.ncbi.nlm.nih.gov/32920015/;https://pubmed.ncbi.nlm.nih.gov/30452699/;https://pubmed.ncbi.nlm.nih.gov/41334956/;https://pubmed.ncbi.nlm.nih.gov/19007054/;https://pubmed.ncbi.nlm.nih.gov/36904230/;https://pubmed.ncbi.nlm.nih.gov/31832842/","Streptococcus thermophilus Inhibits Colorectal Tumorigenesis Through Secreting β-Galactosidase.; Yogurt and other fermented foods as sources of health-promoting bacteria.; An update on probiotics in paediatrics.; Probiotics.; Pre-, pro-, syn-, and Postbiotics in Infant Formulas: What Are the Immune Benefits for Infants?; First Insight into the Probiotic Properties of Ten Streptococcus thermophilus Strains Based on In Vitro Conditions.","2021;2018;2026;2008;2023;2020","32920015;30452699;41334956;19007054;36904230;31832842"
"Limosilactobacillus fermentum","GCF_002798075.1","https://pubmed.ncbi.nlm.nih.gov/38382627/","Pre-clinical safety and toxicity assessment of Limosilactobacillus fermentum NCDC 400 in murine model.","2024","38382627"
"Enterococcus faecium","GCF_002850515.1","https://pubmed.ncbi.nlm.nih.gov/29935822/;https://pubmed.ncbi.nlm.nih.gov/41376047/;https://pubmed.ncbi.nlm.nih.gov/28041735/;https://pubmed.ncbi.nlm.nih.gov/36757840/;https://pubmed.ncbi.nlm.nih.gov/30395485/","Enterococcus faecium WEFA23 from infants lessens high-fat-diet-induced hyperlipidemia via cholesterol 7-alpha-hydroxylase gene by altering the composition of gut microbiota in rats.; Enterococcus faecium WEFA23-Derived Surface Layer Protein OTC Prevents Listeria monocytogenes Invasion by Strengthening Intestinal Barrier Function and Modulating Immune Responses.; Beneﬁcial effects of probiotic cholesterol-lowering strain of Enterococcus faecium WEFA23 from infants on diet-induced metabolic syndrome in rats.; Anti-tumor effect of infant-derived Enterococcus via the inhibition of proliferation and inflammation as well as the promotion of apoptosis.; Anti-adhesion of probiotic Enterococcus faecium WEFA23 against five pathogens and the beneficial effect of its S-layer proteins against Listeria monocytogenes.","2018;2025;2017;2023;2019","29935822;41376047;28041735;36757840;30395485"
"Lactiplantibacillus plantarum","GCF_002868755.1","https://pubmed.ncbi.nlm.nih.gov/36415573/;https://pubmed.ncbi.nlm.nih.gov/38999876/;https://pubmed.ncbi.nlm.nih.gov/35354761/","Probiotic Property and Anti-Obesity Effect of Lactiplantibacillus plantarum KC3.; Effect of a Combination of Lactiplantibacillus plantarum KC3 and Leonurus japonicus Extracts in Respiratory Discomfort: A Randomized, Double-Blind, Placebo-Controlled Trial.; Immunostimulatory Effect of Heat-Killed Probiotics on RAW264.7 Macrophages.","2022;2024;2022","36415573;38999876;35354761"
"Lactococcus lactis subsp. lactis","GCF_002895225.1","https://pubmed.ncbi.nlm.nih.gov/27466284/;https://pubmed.ncbi.nlm.nih.gov/38599786/;https://pubmed.ncbi.nlm.nih.gov/29899025/;https://pubmed.ncbi.nlm.nih.gov/41486553/;https://pubmed.ncbi.nlm.nih.gov/39738244/;https://pubmed.ncbi.nlm.nih.gov/14978331/;https://pubmed.ncbi.nlm.nih.gov/18939765/;https://pubmed.ncbi.nlm.nih.gov/20810182/","Stress Physiology of Lactic Acid Bacteria.; Lactococcus lactis HkyuLL 10 suppresses colorectal tumourigenesis and restores gut microbiota through its generated alpha-mannosidase.; Curbing cholera.; Lactococcus lactis subsp. Cremoris reprograms systemic metabolism and protects against myocardial injury.; Lactococcus lactis and Bifidobacterium bifidum alleviate postmenopausal symptoms by suppressing NF-κB signaling and microbiota dysbiosis.; New Lactococcus strain with immunomodulatory activity: enhancement of Th1-type immune response.; Different growth media alter the induction of interleukin 12 by a Lactococcus lactis strain.; Survival of a Lactococcus lactis strain varies with its carbohydrate preference under in vitro conditions simulated gastrointestinal tract.","2016;2024;2018;2026;2024;2004;2008;2010","27466284;38599786;29899025;41486553;39738244;14978331;18939765;20810182"
"Limosilactobacillus fermentum","GCF_002899655.1","https://pubmed.ncbi.nlm.nih.gov/36144334/;https://pubmed.ncbi.nlm.nih.gov/36091951/;https://pubmed.ncbi.nlm.nih.gov/34568404/;https://pubmed.ncbi.nlm.nih.gov/36084351/","Ferulic Acid Esterase Producing Lactobacillus johnsonii from Goat Feces as Corn Silage Inoculants.; Characterization of autochthonous lactobacilli from goat dairy products with probiotic potential for metabolic diseases.; Lactic Acid Bacteria Strains Differently Modulate Gut Microbiota and Metabolic and Immunological Parameters in High-Fat Diet-Fed Mice.; Characterization and potential oral probiotic properties of Lactobacillus plantarum FT 12 and Lactobacillus brevis FT 6 isolated from Malaysian fermented food.","2022;2022;2021;2022","36144334;36091951;34568404;36084351"
"Lacticaseibacillus paracasei subsp. paracasei","GCF_002901165.2","https://pubmed.ncbi.nlm.nih.gov/41538653/;https://pubmed.ncbi.nlm.nih.gov/36136562/;https://pubmed.ncbi.nlm.nih.gov/21560134/","Fermented Lacticaseibacillus Paracasei Cultures Ameliorate Colitis by Modulating Microbiota-Derived Tryptophan Metabolism and Macrophage Polarization.; Postbiotics and Kidney Disease.; Immunomodulatory and antioxidant potential of Lactobacillus exopolysaccharides.","2026;2022;2011","41538653;36136562;21560134"
"Bifidobacterium breve","GCF_002914865.1","","","",""
"Lacticaseibacillus paracasei","GCF_002914885.1","","","",""
"Streptococcus thermophilus","GCF_002914925.1","","","",""
"Lactobacillus acidophilus","GCF_002914945.1","","","",""
"Lactiplantibacillus plantarum","GCF_002914965.1","","","",""
"Lactobacillus helveticus","GCF_002914985.1","","","",""
"Bacillus subtilis","GCF_002925885.1","https://pubmed.ncbi.nlm.nih.gov/30913972/;https://pubmed.ncbi.nlm.nih.gov/30269855/","Probiotics to prevent Staphylococcus aureus disease?; The first report of antifungal lipopeptide production by a Bacillus subtilis subsp. inaquosorum strain.","2020;2018","30913972;30269855"
"Lactiplantibacillus plantarum","GCF_002948215.1","https://pubmed.ncbi.nlm.nih.gov/33188637/","Modulation of the Gut Microbiome and Obesity Biomarkers by Lactobacillus Plantarum KC28 in a Diet-Induced Obesity Murine Model.","2021","33188637"
"Lactiplantibacillus plantarum","GCF_003020005.1","https://pubmed.ncbi.nlm.nih.gov/37455721/;https://pubmed.ncbi.nlm.nih.gov/38613617/;https://pubmed.ncbi.nlm.nih.gov/32775416/","Comparative genomics of food-derived probiotic Lactiplantibacillus plantarum K25 reveals its hidden potential, compactness, and efficiency.; Genotypic Profiling, Functional Analysis, Cholesterol-Lowering Ability, and Angiotensin I-Converting Enzyme (ACE) Inhibitory Activity of Probiotic Lactiplantibacillus plantarum K25 via Different Approaches.; Isolation and Characterization of Probiotic LAB from Kimchi and Spontaneously Fermented Teff (Eragrostis tef (Zucc.) Trotter) Batter: Their Effects on Phenolic Content of Teff during Fermentation.","2023;2025;2020","37455721;38613617;32775416"
"Lactiplantibacillus plantarum","GCF_003045665.1","https://pubmed.ncbi.nlm.nih.gov/36571922/;https://pubmed.ncbi.nlm.nih.gov/40749709/;https://pubmed.ncbi.nlm.nih.gov/40269965/;https://pubmed.ncbi.nlm.nih.gov/38841895/;https://pubmed.ncbi.nlm.nih.gov/40114208/;https://pubmed.ncbi.nlm.nih.gov/30902731/","A novel approach to Lactiplantibacillus plantarum: From probiotic properties to the omics insights.; Harnessing Lactiplantibacillus plantarum EP21 and its membrane vesicles to inhibit myopia development.; Lactiplantibacillus plantarum -derived extracellular vesicles alleviate acute lung injury by inhibiting ferroptosis of macrophages.; Enhancing social behavior in an autism spectrum disorder mouse model: investigating the underlying mechanisms of Lactiplantibacillus plantarum intervention.; Reducing severity of inflammatory bowel disease through colonization of Lactiplantibacillus plantarum and its extracellular vesicles release.; Functional probiotic attributes and gene encoding plantaracin among variant Lactobacillus Plantarum strains.","2023;2025;2025;2024;2025;2019","36571922;40749709;40269965;38841895;40114208;30902731"
"Lactiplantibacillus plantarum","GCF_003045705.1","https://pubmed.ncbi.nlm.nih.gov/36571922/;https://pubmed.ncbi.nlm.nih.gov/40749709/;https://pubmed.ncbi.nlm.nih.gov/40269965/;https://pubmed.ncbi.nlm.nih.gov/38841895/;https://pubmed.ncbi.nlm.nih.gov/40114208/;https://pubmed.ncbi.nlm.nih.gov/30902731/","A novel approach to Lactiplantibacillus plantarum: From probiotic properties to the omics insights.; Harnessing Lactiplantibacillus plantarum EP21 and its membrane vesicles to inhibit myopia development.; Lactiplantibacillus plantarum -derived extracellular vesicles alleviate acute lung injury by inhibiting ferroptosis of macrophages.; Enhancing social behavior in an autism spectrum disorder mouse model: investigating the underlying mechanisms of Lactiplantibacillus plantarum intervention.; Reducing severity of inflammatory bowel disease through colonization of Lactiplantibacillus plantarum and its extracellular vesicles release.; Functional probiotic attributes and gene encoding plantaracin among variant Lactobacillus Plantarum strains.","2023;2025;2025;2024;2025;2019","36571922;40749709;40269965;38841895;40114208;30902731"
"Lactiplantibacillus plantarum","GCF_003045725.1","https://pubmed.ncbi.nlm.nih.gov/36571922/;https://pubmed.ncbi.nlm.nih.gov/40749709/;https://pubmed.ncbi.nlm.nih.gov/40269965/;https://pubmed.ncbi.nlm.nih.gov/38841895/;https://pubmed.ncbi.nlm.nih.gov/40114208/;https://pubmed.ncbi.nlm.nih.gov/30902731/","A novel approach to Lactiplantibacillus plantarum: From probiotic properties to the omics insights.; Harnessing Lactiplantibacillus plantarum EP21 and its membrane vesicles to inhibit myopia development.; Lactiplantibacillus plantarum -derived extracellular vesicles alleviate acute lung injury by inhibiting ferroptosis of macrophages.; Enhancing social behavior in an autism spectrum disorder mouse model: investigating the underlying mechanisms of Lactiplantibacillus plantarum intervention.; Reducing severity of inflammatory bowel disease through colonization of Lactiplantibacillus plantarum and its extracellular vesicles release.; Functional probiotic attributes and gene encoding plantaracin among variant Lactobacillus Plantarum strains.","2023;2025;2025;2024;2025;2019","36571922;40749709;40269965;38841895;40114208;30902731"
"Lactiplantibacillus plantarum","GCF_003046075.1","https://pubmed.ncbi.nlm.nih.gov/32698491/","Potential Health Benefits of Ropy Exopolysaccharides Produced by Lactobacillus plantarum.","2020","32698491"
"Lactobacillus acidophilus","GCF_003047065.1","https://pubmed.ncbi.nlm.nih.gov/38628191/;https://pubmed.ncbi.nlm.nih.gov/17256151/;https://pubmed.ncbi.nlm.nih.gov/21342140/;https://pubmed.ncbi.nlm.nih.gov/40814222/;https://pubmed.ncbi.nlm.nih.gov/35954089/;https://pubmed.ncbi.nlm.nih.gov/36476746/;https://pubmed.ncbi.nlm.nih.gov/36838329/","The effects of blueberry (Vaccinium corymbosum L.) and jujube fruit (Ziziphus jujube) on physicochemical, functional, and sensorial properties, and probiotic (Lactobacillus acidophilusDSM 20079) viability of probiotic ice cream.; Mode of action of acidocin D20079, a bacteriocin produced by the potential probiotic strain, Lactobacillus acidophilus DSM 20079.; The effect of a probiotic strain (Lactobacillus acidophilus) on the plaque formation of oral Streptococci.; Probiotic stability and bioactive enhancement in black chokeberry (Aronia melanocarpa) juice: a functional beverage study.; Technological Properties and Composition of Enzymatically Modified Cranberry Pomace.; Different probiotic strains alter human cord blood monocyte responses.; Inhibition of Listeria monocytogenes Growth, Adherence and Invasion in Caco-2 Cells by Potential Probiotic Lactic Acid Bacteria Isolated from Fecal Samples of Healthy Neonates.","2024;2007;2011;2025;2022;2023;2023","38628191;17256151;21342140;40814222;35954089;36476746;36838329"
"Lactiplantibacillus plantarum","GCF_003143915.1","","","",""
"Limosilactobacillus reuteri","GCF_003174865.1","https://pubmed.ncbi.nlm.nih.gov/39468026/;https://pubmed.ncbi.nlm.nih.gov/39825615/;https://pubmed.ncbi.nlm.nih.gov/41334956/;https://pubmed.ncbi.nlm.nih.gov/39235661/;https://pubmed.ncbi.nlm.nih.gov/39891249/;https://pubmed.ncbi.nlm.nih.gov/28377765/","Galactooligosaccharides and Limosilactobacillus reuteri synergistically alleviate gut inflammation and barrier dysfunction by enriching Bacteroides acidifaciens for pentadecanoic acid biosynthesis.; Limosilactobacillus reuteri - a probiotic gut commensal with contextual impact on immunity.; An update on probiotics in paediatrics.; Intestinal Dysbiosis: Exploring Definition, Associated Symptoms, and Perspectives for a Comprehensive Understanding - a Scoping Review.; Real-world of Limosilactobacillus reuteri in mitigation of acute experimental colitis.; Antagonistic Activity of Lactobacillus reuteri Strains on the Adhesion Characteristics of Selected Pathogens.","2024;2025;2026;2025;2025;2017","39468026;39825615;41334956;39235661;39891249;28377765"
"Limosilactobacillus reuteri","GCF_003174995.1","https://pubmed.ncbi.nlm.nih.gov/28377765/","Antagonistic Activity of Lactobacillus reuteri Strains on the Adhesion Characteristics of Selected Pathogens.","2017","28377765"
"Limosilactobacillus reuteri","GCF_003175025.1","https://pubmed.ncbi.nlm.nih.gov/28377765/","Antagonistic Activity of Lactobacillus reuteri Strains on the Adhesion Characteristics of Selected Pathogens.","2017","28377765"
"Limosilactobacillus reuteri","GCF_003175035.1","https://pubmed.ncbi.nlm.nih.gov/32977600/","Probiotic and Antioxidant Potential of Lactobacillus reuteriLR12 and Lactobacillus lactisLL10 Isolated from Pineapple Puree and Quality Analysis of Pineapple-Flavored Goat Milk Yoghurt during Storage.","2020","32977600"
"Limosilactobacillus reuteri","GCF_003175115.1","https://pubmed.ncbi.nlm.nih.gov/39468026/;https://pubmed.ncbi.nlm.nih.gov/39825615/;https://pubmed.ncbi.nlm.nih.gov/41334956/;https://pubmed.ncbi.nlm.nih.gov/39235661/;https://pubmed.ncbi.nlm.nih.gov/39891249/;https://pubmed.ncbi.nlm.nih.gov/28377765/","Galactooligosaccharides and Limosilactobacillus reuteri synergistically alleviate gut inflammation and barrier dysfunction by enriching Bacteroides acidifaciens for pentadecanoic acid biosynthesis.; Limosilactobacillus reuteri - a probiotic gut commensal with contextual impact on immunity.; An update on probiotics in paediatrics.; Intestinal Dysbiosis: Exploring Definition, Associated Symptoms, and Perspectives for a Comprehensive Understanding - a Scoping Review.; Real-world of Limosilactobacillus reuteri in mitigation of acute experimental colitis.; Antagonistic Activity of Lactobacillus reuteri Strains on the Adhesion Characteristics of Selected Pathogens.","2024;2025;2026;2025;2025;2017","39468026;39825615;41334956;39235661;39891249;28377765"
"Limosilactobacillus reuteri","GCF_003175125.1","https://pubmed.ncbi.nlm.nih.gov/34681658/","Exoproteome Analysis of Antagonistic Interactions between the Probiotic Bacteria Limosilactobacillus reuteri LR1 and Lacticaseibacillus rhamnosus F and Multidrug Resistant Strain of Klebsiella pneumonia.","2021","34681658"
"Lactobacillus gasseri","GCF_003307315.1","","","",""
"Lactiplantibacillus plantarum","GCF_003325395.1","https://pubmed.ncbi.nlm.nih.gov/38732587/","Effect of Heat-Treated Lactiplantibacillus plantarum nF1 on the Immune System Including Natural Killer Cell Activity: A Randomized, Placebo-Controlled, Double-Blind Study.","2024","38732587"
"Lactiplantibacillus plantarum","GCF_003325775.1","https://pubmed.ncbi.nlm.nih.gov/36677354/","Lactiplantibacillus plantarum Strains Modulate Intestinal Innate Immune Response and Increase Resistance to Enterotoxigenic Escherichia coli Infection.","2022","36677354"
"Bifidobacterium longum subsp. longum","GCF_003342655.1","https://pubmed.ncbi.nlm.nih.gov/37150125/;https://pubmed.ncbi.nlm.nih.gov/35278878/;https://pubmed.ncbi.nlm.nih.gov/29747442/;https://pubmed.ncbi.nlm.nih.gov/34421576/","Gut microbiota indole-3-propionic acid mediates neuroprotective effect of probiotic consumption in healthy elderly: A randomized, double-blind, placebo-controlled, multicenter trial and in vitro study.; Bifidobacterium bifidum BGN4 and Bifidobacterium longum BORI promotes neuronal rejuvenation in aged mice.; Safety Evaluations of Bifidobacterium bifidum BGN4 and Bifidobacterium longum BORI.; Administration of Bifidobacterium bifidum BGN4 and Bifidobacterium longum BORI Improves Cognitive and Memory Function in the Mouse Model of Alzheimer's Disease.","2023;2022;2018;2021","37150125;35278878;29747442;34421576"
"Lactiplantibacillus plantarum","GCF_003347445.1","https://pubmed.ncbi.nlm.nih.gov/36571922/;https://pubmed.ncbi.nlm.nih.gov/40269965/;https://pubmed.ncbi.nlm.nih.gov/38841895/;https://pubmed.ncbi.nlm.nih.gov/40114208/;https://pubmed.ncbi.nlm.nih.gov/27625647/","A novel approach to Lactiplantibacillus plantarum: From probiotic properties to the omics insights.; Lactiplantibacillus plantarum -derived extracellular vesicles alleviate acute lung injury by inhibiting ferroptosis of macrophages.; Enhancing social behavior in an autism spectrum disorder mouse model: investigating the underlying mechanisms of Lactiplantibacillus plantarum intervention.; Reducing severity of inflammatory bowel disease through colonization of Lactiplantibacillus plantarum and its extracellular vesicles release.; Identification of Lactic Acid Bacteria in Fruit Pulp Processing Byproducts and Potential Probiotic Properties of Selected Lactobacillus Strains.","2023;2025;2024;2025;2016","36571922;40269965;38841895;40114208;27625647"
"Lacticaseibacillus rhamnosus GG","GCF_003353455.1","https://pubmed.ncbi.nlm.nih.gov/38706757/;https://pubmed.ncbi.nlm.nih.gov/41334956/;https://pubmed.ncbi.nlm.nih.gov/41390683/;https://pubmed.ncbi.nlm.nih.gov/36003050/;https://pubmed.ncbi.nlm.nih.gov/10196761/;https://pubmed.ncbi.nlm.nih.gov/10198338/;https://pubmed.ncbi.nlm.nih.gov/10436921/;https://pubmed.ncbi.nlm.nih.gov/10543777/;https://pubmed.ncbi.nlm.nih.gov/10886621/;https://pubmed.ncbi.nlm.nih.gov/11014524/;https://pubmed.ncbi.nlm.nih.gov/11164299/;https://pubmed.ncbi.nlm.nih.gov/11252493/;https://pubmed.ncbi.nlm.nih.gov/11518430/;https://pubmed.ncbi.nlm.nih.gov/12488075/;https://pubmed.ncbi.nlm.nih.gov/12672593/;https://pubmed.ncbi.nlm.nih.gov/12969498/;https://pubmed.ncbi.nlm.nih.gov/15590097/;https://pubmed.ncbi.nlm.nih.gov/15681631/;https://pubmed.ncbi.nlm.nih.gov/15727832/;https://pubmed.ncbi.nlm.nih.gov/15748990/;https://pubmed.ncbi.nlm.nih.gov/15933002/;https://pubmed.ncbi.nlm.nih.gov/15948242/;https://pubmed.ncbi.nlm.nih.gov/15987860/;https://pubmed.ncbi.nlm.nih.gov/16076509/;https://pubmed.ncbi.nlm.nih.gov/16125909/;https://pubmed.ncbi.nlm.nih.gov/16204515/;https://pubmed.ncbi.nlm.nih.gov/16266797/;https://pubmed.ncbi.nlm.nih.gov/16306130/;https://pubmed.ncbi.nlm.nih.gov/16684107/;https://pubmed.ncbi.nlm.nih.gov/16696680/;https://pubmed.ncbi.nlm.nih.gov/16768842/;https://pubmed.ncbi.nlm.nih.gov/16772550/;https://pubmed.ncbi.nlm.nih.gov/16922933/;https://pubmed.ncbi.nlm.nih.gov/16924934/;https://pubmed.ncbi.nlm.nih.gov/17009396/;https://pubmed.ncbi.nlm.nih.gov/17136367/;https://pubmed.ncbi.nlm.nih.gov/17185558/;https://pubmed.ncbi.nlm.nih.gov/17234293/;https://pubmed.ncbi.nlm.nih.gov/17265871/;https://pubmed.ncbi.nlm.nih.gov/17434999/;https://pubmed.ncbi.nlm.nih.gov/17597654/;https://pubmed.ncbi.nlm.nih.gov/17657533/;https://pubmed.ncbi.nlm.nih.gov/17714399/;https://pubmed.ncbi.nlm.nih.gov/17714400/;https://pubmed.ncbi.nlm.nih.gov/17922827/;https://pubmed.ncbi.nlm.nih.gov/17995611/;https://pubmed.ncbi.nlm.nih.gov/18074177/;https://pubmed.ncbi.nlm.nih.gov/18248372/;https://pubmed.ncbi.nlm.nih.gov/18300344/;https://pubmed.ncbi.nlm.nih.gov/18539797/;https://pubmed.ncbi.nlm.nih.gov/18582334/;https://pubmed.ncbi.nlm.nih.gov/18625909/;https://pubmed.ncbi.nlm.nih.gov/18641972/;https://pubmed.ncbi.nlm.nih.gov/18810777/;https://pubmed.ncbi.nlm.nih.gov/19187508/;https://pubmed.ncbi.nlm.nih.gov/19281529/;https://pubmed.ncbi.nlm.nih.gov/19309013/;https://pubmed.ncbi.nlm.nih.gov/19346339/;https://pubmed.ncbi.nlm.nih.gov/19365593/;https://pubmed.ncbi.nlm.nih.gov/19589170/;https://pubmed.ncbi.nlm.nih.gov/19725886/;https://pubmed.ncbi.nlm.nih.gov/19748697/;https://pubmed.ncbi.nlm.nih.gov/19756155/;https://pubmed.ncbi.nlm.nih.gov/19805152/;https://pubmed.ncbi.nlm.nih.gov/19949794/;https://pubmed.ncbi.nlm.nih.gov/20016677/;https://pubmed.ncbi.nlm.nih.gov/20059670/;https://pubmed.ncbi.nlm.nih.gov/20070917/;https://pubmed.ncbi.nlm.nih.gov/20106541/;https://pubmed.ncbi.nlm.nih.gov/20373994/;https://pubmed.ncbi.nlm.nih.gov/20482623/;https://pubmed.ncbi.nlm.nih.gov/20600855/;https://pubmed.ncbi.nlm.nih.gov/20622495/;https://pubmed.ncbi.nlm.nih.gov/20656777/;https://pubmed.ncbi.nlm.nih.gov/20696472/;https://pubmed.ncbi.nlm.nih.gov/20810182/;https://pubmed.ncbi.nlm.nih.gov/20835828/;https://pubmed.ncbi.nlm.nih.gov/21169430/;https://pubmed.ncbi.nlm.nih.gov/21215484/;https://pubmed.ncbi.nlm.nih.gov/21251174/;https://pubmed.ncbi.nlm.nih.gov/21276627/;https://pubmed.ncbi.nlm.nih.gov/21306197/;https://pubmed.ncbi.nlm.nih.gov/21375696/;https://pubmed.ncbi.nlm.nih.gov/21385950/;https://pubmed.ncbi.nlm.nih.gov/21390145/;https://pubmed.ncbi.nlm.nih.gov/21466951/;https://pubmed.ncbi.nlm.nih.gov/21545585/;https://pubmed.ncbi.nlm.nih.gov/21652104/;https://pubmed.ncbi.nlm.nih.gov/21858054/;https://pubmed.ncbi.nlm.nih.gov/21889358/;https://pubmed.ncbi.nlm.nih.gov/22003027/;https://pubmed.ncbi.nlm.nih.gov/22020518/;https://pubmed.ncbi.nlm.nih.gov/22054064/;https://pubmed.ncbi.nlm.nih.gov/22177712/;https://pubmed.ncbi.nlm.nih.gov/22188552/;https://pubmed.ncbi.nlm.nih.gov/22200451/;https://pubmed.ncbi.nlm.nih.gov/22526145/;https://pubmed.ncbi.nlm.nih.gov/23361971/;https://pubmed.ncbi.nlm.nih.gov/23443951/;https://pubmed.ncbi.nlm.nih.gov/23531039/;https://pubmed.ncbi.nlm.nih.gov/23561014/;https://pubmed.ncbi.nlm.nih.gov/23586634/;https://pubmed.ncbi.nlm.nih.gov/23663754/;https://pubmed.ncbi.nlm.nih.gov/23664349/;https://pubmed.ncbi.nlm.nih.gov/23764216/;https://pubmed.ncbi.nlm.nih.gov/25046742/;https://pubmed.ncbi.nlm.nih.gov/25488261/;https://pubmed.ncbi.nlm.nih.gov/31832842/;https://pubmed.ncbi.nlm.nih.gov/31834968/;https://pubmed.ncbi.nlm.nih.gov/31906055/;https://pubmed.ncbi.nlm.nih.gov/31924618/;https://pubmed.ncbi.nlm.nih.gov/31998245/;https://pubmed.ncbi.nlm.nih.gov/32019075/;https://pubmed.ncbi.nlm.nih.gov/32113772/;https://pubmed.ncbi.nlm.nih.gov/32238771/;https://pubmed.ncbi.nlm.nih.gov/32403297/;https://pubmed.ncbi.nlm.nih.gov/32439543/;https://pubmed.ncbi.nlm.nih.gov/32753308/;https://pubmed.ncbi.nlm.nih.gov/32758520/;https://pubmed.ncbi.nlm.nih.gov/32779289/;https://pubmed.ncbi.nlm.nih.gov/32782740/;https://pubmed.ncbi.nlm.nih.gov/32808141/;https://pubmed.ncbi.nlm.nih.gov/32825754/;https://pubmed.ncbi.nlm.nih.gov/32831844/;https://pubmed.ncbi.nlm.nih.gov/32835777/;https://pubmed.ncbi.nlm.nih.gov/32850839/;https://pubmed.ncbi.nlm.nih.gov/32918643/;https://pubmed.ncbi.nlm.nih.gov/32988256/;https://pubmed.ncbi.nlm.nih.gov/33013748/;https://pubmed.ncbi.nlm.nih.gov/33084369/;https://pubmed.ncbi.nlm.nih.gov/33085038/;https://pubmed.ncbi.nlm.nih.gov/33113800/;https://pubmed.ncbi.nlm.nih.gov/33188637/;https://pubmed.ncbi.nlm.nih.gov/33193258/;https://pubmed.ncbi.nlm.nih.gov/33242049/;https://pubmed.ncbi.nlm.nih.gov/33282294/;https://pubmed.ncbi.nlm.nih.gov/33282440/;https://pubmed.ncbi.nlm.nih.gov/33450875/;https://pubmed.ncbi.nlm.nih.gov/33454530/;https://pubmed.ncbi.nlm.nih.gov/33552621/;https://pubmed.ncbi.nlm.nih.gov/33924561/;https://pubmed.ncbi.nlm.nih.gov/33961206/;https://pubmed.ncbi.nlm.nih.gov/34365895/;https://pubmed.ncbi.nlm.nih.gov/34401061/;https://pubmed.ncbi.nlm.nih.gov/34458959/;https://pubmed.ncbi.nlm.nih.gov/34581832/;https://pubmed.ncbi.nlm.nih.gov/34613788/;https://pubmed.ncbi.nlm.nih.gov/34659181/;https://pubmed.ncbi.nlm.nih.gov/34664577/;https://pubmed.ncbi.nlm.nih.gov/34665429/;https://pubmed.ncbi.nlm.nih.gov/34668141/;https://pubmed.ncbi.nlm.nih.gov/34675145/;https://pubmed.ncbi.nlm.nih.gov/34681324/;https://pubmed.ncbi.nlm.nih.gov/34683462/;https://pubmed.ncbi.nlm.nih.gov/34750285/;https://pubmed.ncbi.nlm.nih.gov/34764945/;https://pubmed.ncbi.nlm.nih.gov/34829947/;https://pubmed.ncbi.nlm.nih.gov/34835374/;https://pubmed.ncbi.nlm.nih.gov/34835416/;https://pubmed.ncbi.nlm.nih.gov/34899643/;https://pubmed.ncbi.nlm.nih.gov/34965174/;https://pubmed.ncbi.nlm.nih.gov/34970251/;https://pubmed.ncbi.nlm.nih.gov/34975786/;https://pubmed.ncbi.nlm.nih.gov/35000110/;https://pubmed.ncbi.nlm.nih.gov/35031967/;https://pubmed.ncbi.nlm.nih.gov/35069490/;https://pubmed.ncbi.nlm.nih.gov/35095783/;https://pubmed.ncbi.nlm.nih.gov/35121802/;https://pubmed.ncbi.nlm.nih.gov/35794494/;https://pubmed.ncbi.nlm.nih.gov/35876583/;https://pubmed.ncbi.nlm.nih.gov/36178579/;https://pubmed.ncbi.nlm.nih.gov/36411410/;https://pubmed.ncbi.nlm.nih.gov/36415573/;https://pubmed.ncbi.nlm.nih.gov/36553762/;https://pubmed.ncbi.nlm.nih.gov/36558073/;https://pubmed.ncbi.nlm.nih.gov/36587177/;https://pubmed.ncbi.nlm.nih.gov/36605406/;https://pubmed.ncbi.nlm.nih.gov/36677432/;https://pubmed.ncbi.nlm.nih.gov/36681674/;https://pubmed.ncbi.nlm.nih.gov/36713219/;https://pubmed.ncbi.nlm.nih.gov/36749534/;https://pubmed.ncbi.nlm.nih.gov/36754424/;https://pubmed.ncbi.nlm.nih.gov/36838294/;https://pubmed.ncbi.nlm.nih.gov/36838329/;https://pubmed.ncbi.nlm.nih.gov/36847557/;https://pubmed.ncbi.nlm.nih.gov/36911323/;https://pubmed.ncbi.nlm.nih.gov/36914312/;https://pubmed.ncbi.nlm.nih.gov/36969318/;https://pubmed.ncbi.nlm.nih.gov/36985169/;https://pubmed.ncbi.nlm.nih.gov/37107423/;https://pubmed.ncbi.nlm.nih.gov/37113219/;https://pubmed.ncbi.nlm.nih.gov/37172659/;https://pubmed.ncbi.nlm.nih.gov/37174356/;https://pubmed.ncbi.nlm.nih.gov/37217116/;https://pubmed.ncbi.nlm.nih.gov/37269431/;https://pubmed.ncbi.nlm.nih.gov/37275132/;https://pubmed.ncbi.nlm.nih.gov/37293224/;https://pubmed.ncbi.nlm.nih.gov/37317238/;https://pubmed.ncbi.nlm.nih.gov/37375122/;https://pubmed.ncbi.nlm.nih.gov/37408693/;https://pubmed.ncbi.nlm.nih.gov/37500806/;https://pubmed.ncbi.nlm.nih.gov/37512890/","World Allergy Organization (WAO) Diagnosis and Rationale for Action against Cow's Milk Allergy (DRACMA) guideline update - XII - Recommendations on milk formula supplements with and without probiotics for infants and toddlers with CMA.; An update on probiotics in paediatrics.; Nano-functionalized probiotic treats atherosclerosis via inhibiting intestinal microbiota-TMA-TMAO axis.; Therapeutic effects elicited by the probiotic Lacticaseibacillus rhamnosus GG in children with atopic dermatitis. The results of the ProPAD trial.; Human ileostomy glycoproteins as a model for small intestinal mucus to investigate adhesion of probiotics.; Probiotics inhibit enteropathogenic E. coli adherence in vitro by inducing intestinal mucin gene expression.; The normal faecal microflora does not affect the adhesion of probiotic bacteria in vitro.; Antiproliferative effects of homogenates derived from five strains of candidate probiotic bacteria.; Adhesion of inactivated probiotic strains to intestinal mucus.; Chemical, physical and enzymatic pre-treatments of probiotic lactobacilli alter their adhesion to human intestinal mucus glycoproteins.; The influence of polyunsaturated fatty acids on probiotic growth and adhesion.; Assessment of adhesion properties of novel probiotic strains to human intestinal mucus.; In vitro adherence properties of Lactobacillus rhamnosus DR20 and Bifidobacterium lactis DR10 strains and their antagonistic activity against an enterotoxigenic Escherichia coli.; Interaction between probiotic lactic acid bacteria and canine enteric pathogens: a risk factor for intestinal Enterococcus faecium colonization?; Probiotic and milk technological properties of Lactobacillus brevis.; Binding of extracellular matrix molecules by probiotic bacteria.; Measurement of bacterial adhesion-in vitro evaluation of different methods.; Probiotic potential of 3 Lactobacilli strains isolated from breast milk.; Bile salt and acid tolerance of Lactobacillus rhamnosus strains isolated from Parmigiano Reggiano cheese.; Adhesion of bacteria to resected human colonic tissue: quantitative analysis of bacterial adhesion and viability.; Survival of probiotic lactobacilli in acidic environments is enhanced in the presence of metabolizable sugars.; Different cytokine response of primary colonic epithelial cells to commensal bacteria.; Alive and dead Lactobacillus rhamnosus GG decrease tumor necrosis factor-alpha-induced interleukin-8 production in Caco-2 cells.; Identification of potential probiotic starter cultures for Scandinavian-type fermented sausages.; Small surface-associated factors mediate adhesion of a food-isolated strain of Lactobacillus fermentum to Caco-2 cells.; pH-, Lactic acid-, and non-lactic acid-dependent activities of probiotic Lactobacilli against Salmonella enterica Serovar Typhimurium.; Kinetic analysis of the antibacterial activity of probiotic lactobacilli towards Salmonella enterica serovar Typhimurium reveals a role for lactic acid and other inhibitory compounds.; Soluble factors from Lactobacillus GG activate MAPKs and induce cytoprotective heat shock proteins in intestinal epithelial cells.; Strong antimicrobial activity of Lactobacillus rhamnosus GG against Salmonella typhimurium is due to accumulation of lactic acid.; Antagonistic activity of probiotic lactobacilli and bifidobacteria against entero- and uropathogens.; Probiotic bacteria Bifidobacterium animalis MB5 and Lactobacillus rhamnosus GG protect intestinal Caco-2 cells from the inflammation-associated response induced by enterotoxigenic Escherichia coli K88.; Short communication: effect of exopolysaccharide isolated from ""viili"" on the adhesion of probiotics and pathogens to intestinal mucus.; Oral adhesion and survival of probiotic and other lactobacilli and bifidobacteria in vitro.; Exopolysaccharides produced by probiotic strains modify the adhesion of probiotics and enteropathogens to human intestinal mucus.; Lactobacilli, bifidobacteria and E. coli nissle induce pro- and anti-inflammatory cytokines in peripheral blood mononuclear cells.; Probiotic properties of Lactobacillus and Bifidobacterium strains isolated from porcine gastrointestinal tract.; Growth of probiotic lactobacilli in the presence of oleic acid enhances subsequent survival in gastric juice.; The effect of calcium ions on adhesion and competitive exclusion of Lactobacillus ssp. and E. coli O138.; Adhesive and chemokine stimulatory properties of potentially probiotic Lactobacillus strains.; Functional analysis of D-alanylation of lipoteichoic acid in the probiotic strain Lactobacillus rhamnosus GG.; Secreted probiotic factors ameliorate enteropathogenic infection in zinc-deficient human Caco-2 and T84 cell lines.; Probiotic strains and their combination inhibit in vitro adhesion of pathogens to pig intestinal mucosa.; The Lactobacillus plantarum strain ACA-DC287 isolated from a Greek cheese demonstrates antagonistic activity in vitro and in vivo against Salmonella enterica serovar Typhimurium.; Identification and characterization of starter lactic acid bacteria and probiotics from Columbian dairy products.; Boza, a natural source of probiotic lactic acid bacteria.; Subtractive screening for probiotic properties of lactobacillus species from the human gastrointestinal tract in the search for new probiotics.; Antagonistic activity of potential probiotic Lactobacilli against the ureolytic pathogen Yersinia enterocolitica.; In vitro evaluation of the probiotic properties of human intestinal Bifidobacterium species and selection of new probiotic candidates.; Probiotic Leuconostoc mesenteroides ssp. cremoris and Streptococcus thermophilus induce IL-12 and IFN-gamma production.; Impact of luxS and suppressor mutations on the gastrointestinal transit of Lactobacillus rhamnosus GG.; Probiotic bacteria affect the composition of salivary pellicle and streptococcal adhesion in vitro.; Live Lactobacillus rhamnosus and Streptococcus pyogenes differentially regulate Toll-like receptor (TLR) gene expression in human primary macrophages.; Adhesion of the probiotic strains Enterococcus mundtii ST4SA and Lactobacillus plantarum 423 to Caco-2 cells under conditions simulating the intestinal tract, and in the presence of antibiotics and anti-inflammatory medicaments.; Potentially probiotic bacteria induce efficient maturation but differential cytokine production in human monocyte-derived dendritic cells.; Lactobacillus rhamnosus GG inhibits invasion of cultured human respiratory cells by prtF1-positive macrolide-resistant group A streptococci.; Effect of Vibrio cholerae on chemokine gene expression in HT29 cells and its modulation by Lactobacillus GG.; 2-DE and MS analysis of key proteins in the adhesion of Lactobacillus plantarum, a first step toward early selection of probiotics based on bacterial biomarkers.; Identification of a Gene Cluster for the Biosynthesis of a Long, Galactose-Rich Exopolysaccharide in Lactobacillus rhamnosus GG and Functional Analysis of the Priming Glycosyltransferase.; Probiotic properties of Lactobacillus rhamnosus and Lactobacillus paracasei isolated from human faeces.; Salmonella enterica serovar Typhimurium adhesion and cytotoxicity during epithelial cell stress is reduced by Lactobacillus rhamnosus GG.; Assessment of cell surface properties and adhesion potential of selected probiotic strains.; AI-2 signalling is induced by acidic shock in probiotic strains of Lactobacillus spp.; Comparison of the immunomodulatory properties of three probiotic strains of Lactobacilli using complex culture systems: prediction for in vivo efficacy.; Comparative genomic analysis of Lactobacillus rhamnosus GG reveals pili containing a human- mucus binding protein.; An in vitro study on bacterial growth interactions and intestinal epithelial cell adhesion characteristics of probiotic combinations.; Lactobacillus rhamnosus GG Suppresses Meningitic E. coli K1 Penetration across Human Intestinal Epithelial Cells In Vitro and Protects Neonatal Rats against Experimental Hematogenous Meningitis.; Lactobacilli prevent hydroxy radical production and inhibit Escherichia coli and Enterococcus growth in system mimicking colon fermentation.; Probiotic attributes of Lactobacillus strains isolated from food and of human origin.; Lactic acid bacteria efficiently protect human and animal intestinal epithelial and immune cells from enteric virus infection.; Porcine small intestinal epithelial cell line (IPEC-J2) of rotavirus infection as a new model for the study of innate immune responses to rotaviruses and probiotics.; Characterization of MabA, a modulator of Lactobacillus rhamnosus GG adhesion and biofilm formation.; Evaluation of antimicrobial activity of probiotic bacteria against Salmonella enterica subsp. enterica serovar typhimurium 1344 in a common medium under different environmental conditions.; Adhesive properties, extracellular protein production, and metabolism in the Lactobacillus rhamnosus GG strain when grown in the presence of mucin.; Lactobacillus rhamnosus GG attenuates interferon-{gamma} and tumour necrosis factor-alpha-induced barrier dysfunction and pro-inflammatory signalling.; Heat-killed Lactobacillus rhamnosus GG modulates urocortin and cytokine release in primary trophoblast cells.; Survival of a Lactococcus lactis strain varies with its carbohydrate preference under in vitro conditions simulated gastrointestinal tract.; Probiotic lactobacilli interfere with Streptococcus mutans biofilm formation in vitro.; Novel probiotic Bifidobacterium bifidum CECT 7366 strain active against the pathogenic bacterium Helicobacter pylori.; Functional properties of Lactobacillus strains isolated from kimchi.; Potential beneficial properties of bacteriocin-producing lactic acid bacteria isolated from smoked salmon.; Survivability of probiotics encapsulated in alginate gel microbeads using a novel impinging aerosols method.; Co-aggregation and growth inhibition of probiotic lactobacilli and clinical isolates of mutans streptococci: an in vitro study.; Exopolysaccharides of Lactobacillus rhamnosus GG form a protective shield against innate immune factors in the intestine.; The anti-inflammatory role of granulocyte colony-stimulating factor in macrophage-dendritic cell crosstalk after Lactobacillus rhamnosus GR-1 exposure.; Probiotic Lactobacillus rhamnosus downregulates FCER1 and HRH4 expression in human mast cells.; Antimicrobial activity against Shigella sonnei and probiotic properties of wild lactobacilli from fermented food.; Lactobacillus rhamnosus GG and Streptococcus thermophilus induce suppressor of cytokine signalling 3 (SOCS3) gene expression directly and indirectly via interleukin-10 in human primary macrophages.; Evaluation of probiotic characteristics of newly isolated Lactobacillus spp.: immune modulation and longevity.; Probiotic-derived polyphosphate enhances the epithelial barrier function and maintains intestinal homeostasis through integrin-p38 MAPK pathway.; Lactobacilli and bifidobacteria induce differential interferon-β profiles in dendritic cells.; Novel probiotic Bifidobacterium longum subsp. infantis CECT 7210 strain active against rotavirus infections.; Functional analysis of Lactobacillus rhamnosus GG pili in relation to adhesion and immunomodulatory interactions with intestinal epithelial cells.; Comparative effects of six probiotic strains on immune function in vitro.; In vitro testing of commercial and potential probiotic lactic acid bacteria.; Probiotic properties of Lactobacillus plantarum CECT 7315 and CECT 7316 isolated from faeces of healthy children.; Probiotic properties of Weissella strains isolated from human faeces.; Probiotic factors partially prevent changes to caspases 3 and 7 activation and transepithelial electrical resistance in a model of 5-fluorouracil-induced epithelial cell damage.; Lactobacillus rhamnosus GG antagonizes Giardia intestinalis induced oxidative stress and intestinal disaccharidases: an experimental study.; Immune signalling responses in intestinal epithelial cells exposed to pathogenic Escherichia coli and lactic acid-producing probiotics.; Adhesion and nanomechanics of pili from the probiotic Lactobacillus rhamnosus GG.; Inhibition of Streptococcus pneumoniae adherence to human epithelial cells in vitro by the probiotic Lactobacillus rhamnosus GG.; Lactobacillus plantarum CS24.2 prevents Escherichia coli adhesion to HT-29 cells and also down-regulates enteropathogen-induced tumor necrosis factor-α and interleukin-8 expression.; The expression of adhesin EF-Tu in response to mucin and its role in Lactobacillus adhesion and competitive inhibition of enteropathogens to mucin.; Aggregation and adhesion properties of 22 Lactobacillus strains.; Strain-specific probiotics properties of Lactobacillus fermentum, Lactobacillus plantarum and Lactobacillus brevis isolates from Brazilian food products.; In vitro evaluation of the probiotic and functional potential of Lactobacillus strains isolated from fermented food and human intestine.; Potentially probiotic and bioprotective lactic acid bacteria starter cultures antagonise the Listeria monocytogenes adhesion to HT29 colonocyte-like cells.; First Insight into the Probiotic Properties of Ten Streptococcus thermophilus Strains Based on In Vitro Conditions.; Impact of Acerola (Malpighia emarginata DC) Byproduct and Probiotic Strains on Technological and Sensory Features of Fermented Soy Beverages.; Probiotic Properties of Bacillus Strains Isolated from Stingless Bee (Heterotrigona itama) Honey Collected across Malaysia.; Lactobacillus rhamnosus GG Genomic and Phenotypic Stability in an Industrial Production Process.; Screening for Potential Novel Probiotics With Dipeptidyl Peptidase IV-Inhibiting Activity for Type 2 Diabetes Attenuation in vitro and in vivo.; Preliminary Evaluation of the Safety and Probiotic Potential of Akkermansia muciniphila DSM 22959 in Comparison with Lactobacillus rhamnosus GG.; Characterization of potentially probiotic lactic acid bacteria and bifidobacteria isolated from human colostrum.; Antioxidant and Anti-Inflammatory Effect of Probiotic Lactobacillus plantarum KU15149 Derived from Korean Homemade Diced-Radish Kimchi.; In-Vitro Growth Inhibition of Bacterial Pathogens by Probiotics and a Synbiotic: Product Composition Matters.; Isolation and identification of potential probiotic Lactobacillus species from feces of infants in southwest Iran.; Probiotic characterization of Pediococcus strains isolated from Iranian cereal-dairy fermented product: Interaction with pathogenic bacteria and the enteric cell line Caco-2.; Probiotic Lactobacillus fermentum KU200060 isolated from watery kimchi and its application in probiotic yogurt for oral health.; Lactobacillus rhamnosus GG promotes M1 polarization in murine bone marrow-derived macrophages by activating TLR2/MyD88/MAPK signaling pathway.; Some probiotic properties of Lactobacillus species isolated from honey and their antimicrobial activity against foodborne pathogens.; Characterization of Riboflavin-Producing Strains of Lactobacillus plantarum as Potential Probiotic Candidate through in vitro Assessment and Principal Component Analysis.; Probiotic Properties and Antioxidant Activities of Pediococcus pentosaceus SC28 and Levilactobacillus brevis KU15151 in Fermented Black Gamju.; Probiotic Potential of Lactic Acid Starter Cultures Isolated from a Traditional Fermented Sorghum-Millet Beverage.; Antimicrobial and antiadhesive effects of Lactobacillus isolates of healthy human gut origin on Enterotoxigenic Escherichia coli (ETEC) and Enteroaggregative Escherichia coli (EAEC).; Modulation of Macrophage Function by Lactobacillus-Conditioned Medium.; Lactobacillus gastricus BTM 7 prevents intestinal colonization by biofilm forming Cronobacter sakazakii in Caenorhabditis elegans model host.; Beneficial effect of probiotics on Pseudomonas aeruginosa-infected intestinal epithelial cells through inflammatory IL-8 and antimicrobial peptide human beta-defensin-2 modulation.; Weissella cibaria Attenuated LPS-Induced Dysfunction of Intestinal Epithelial Barrier in a Caco-2 Cell Monolayer Model.; Lacticaseibacillus rhamnosus GG inhibits infection of human keratinocytes by Staphylococcus aureus through mechanisms involving cell surface molecules and pH reduction.; Integrated Phenotypic-Genotypic Analysis of Candidate Probiotic Weissella Cibaria Strains Isolated from Dairy Cows in Kuwait.; Potential Application of Apilactobacillus kunkeei for Human Use: Evaluation of Probiotic and Functional Properties.; Modulation of the Gut Microbiome and Obesity Biomarkers by Lactobacillus Plantarum KC28 in a Diet-Induced Obesity Murine Model.; The Ability of Riboflavin-Overproducing Lactiplantibacillus plantarum Strains to Survive Under Gastrointestinal Conditions.; Lactobacillus pentosus SMB718 as a probiotic starter producing allyl mercaptan in garlic and onion-enriched fermentation.; Porphyromonas gingivalis and Lactobacillus rhamnosus GG regulate the Th17/Treg balance in colitis via TLR4 and TLR2.; Potential neuroprotective effects of heat-killed Lactococcus lactis KC24 using SH-SY5Y cells against oxidative stress induced by hydrogen peroxide.; Lactobacillus rhamnosus AD3 as a Promising Alternative for Probiotic Products.; Konjac glucomannan with probiotics acts as a combination laxative to relieve constipation in mice by increasing short-chain fatty acid metabolism and 5-hydroxytryptamine hormone release.; Antimicrobial and anti-biofilm effects of probiotic Lactobacillus plantarum KU200656 isolated from kimchi.; Probiotic Properties and Immunomodulatory Activity of Lactobacillus Strains Isolated from Dairy Products.; Selection and Characterization of Probiotic Bacteria Exhibiting Antiadipogenic Potential in 3T3-L1 Preadipocytes.; Lacticaseibacillus paracasei DG enhances the lactoferrin anti-SARS-CoV-2 response in Caco-2 cells.; Safety, probiotic properties, antimicrobial activity, and technological performance of Lactobacillus strains isolated from Iranian raw milk cheeses.; In Vitro and In Vivo Evaluation of Lacticaseibacillus rhamnosus GG and Bifidobacterium lactis Bb12 Against Avian Pathogenic Escherichia coli and Identification of Novel Probiotic-Derived Bioactive Peptides.; Assessment of probiotic adhesion and inhibitory effect on Escherichia coli and Salmonella adhesion.; Genomic Stability and Phenotypic Characteristics of Industrially Produced Lacticaseibacillus rhamnosus GG in a Yogurt Matrix.; Limosilactobacillus fermentum MG7011: An Amylase and Phytase Producing Starter for the Preparation of Rice-Based Probiotic Beverages.; Exopolysaccharides produced by Lactobacillus rhamnosus GG alleviate hydrogen peroxide-induced intestinal oxidative damage and apoptosis through the Keap1/Nrf2 and Bax/Bcl-2 pathways in vitro.; Evaluation of Potential Probiotic Properties of Lactobacillus and Bacillus Strains Derived from Various Sources for Their Potential Use in Swine Feeding.; Genomic and Phenotypic Evaluation of Potential Probiotic Pediococcus Strains with Hypocholesterolemic Effect Isolated from Traditional Fermented Food.; Antibacterial and Antibiofilm Effect of Cell-Free Supernatant of Lactobacillus brevis KCCM 202399 Isolated from Korean Fermented Food against Streptococcus mutans KCTC 5458.; Probiotic Properties, Prebiotic Fermentability, and GABA-Producing Capacity of Microorganisms Isolated from Mexican Milk Kefir Grains: A Clustering Evaluation for Functional Dairy Food Applications.; In-Vitro Characterization of Growth Inhibition against the Gut Pathogen of Potentially Probiotic Lactic Acid Bacteria Strains Isolated from Fermented Products.; Protective Effects of a Novel Lactobacillus brevis Strain with Probiotic Characteristics against Staphylococcus aureus Lipoteichoic Acid-Induced Intestinal Inflammatory Response.; Whole-Genome Sequencing, Phylogenetic and Genomic Analysis of Lactiplantibacillus pentosus L33, a Potential Probiotic Strain Isolated From Fermented Sausages.; Genomic and Phylogenetic Analysis of Lactiplantibacillus plantarum L125, and Evaluation of Its Anti-Proliferative and Cytotoxic Activity in Cancer Cells.; Probiotic Properties of Lactic Acid Bacteria with High Conjugated Linoleic Acid Converting Activity Isolated from Jeot-Gal, High-Salt Fermented Seafood.; Leuconostoc mesenteroides Strains Isolated from Carrots Show Probiotic Features.; Development of Anti-inflammatory Probiotic Limosilactobacillus reuteri EFEL6901 as Kimchi Starter: in vitro and In vivo Evidence.; Novel strain of Pseudoruminococcus massiliensis possesses traits important in gut adaptation and host-microbe interactions.; Probiotic Potential Analysis and Safety Evaluation of Enterococcus durans A8-1 Isolated From a Healthy Chinese Infant.; A Rapid Screening Method of Candidate Probiotics for Inflammatory Bowel Diseases and the Anti-inflammatory Effect of the Selected Strain Bacillus smithii XY1.; Multi-functional Potential of Five Lactic Acid Bacteria Strains Derived from Giant Panda (Ailuropoda melanoleuca).; Effects of the Probiotic Lactiplantibacillus plantarum KU15120 Derived from Korean Homemade Diced-Radish Kimchi Against Oxidation and Adipogenesis.; Complete Genome Sequencing and Comparative Genomics of Three Potential Probiotic Strains, Lacticaseibacillus casei FBL6, Lacticaseibacillus chiayiensis FBL7, and Lacticaseibacillus zeae FBL8.; Probiotic Properties of Bifidobacterium longum KABP042 and Pediococcus pentosaceus KABP041 Show Potential to Counteract Functional Gastrointestinal Disorders in an Observational Pilot Trial in Infants.; Isolation, characterization and comparative genomics of potentially probiotic Lactiplantibacillus plantarum strains from Indian foods.; Effect of probiotic bacteria on porcine rotavirus OSU infection of porcine intestinal epithelial IPEC-J2 cells.; Optimizing Conditions in the Acid Tolerance Test for Potential Probiotics Using Response Surface Methodology.; Immune-Enhancing Effect of Heat-Treated Levilactobacillus brevis KU15159 in RAW 264.7 Cells.; Anti-Helicobacter pylori activity of potential probiotic Lactiplantibacillus pentosus SLC13.; Probiotic Property and Anti-Obesity Effect of Lactiplantibacillus plantarum KC3.; Assessment of Potential Probiotic and Synbiotic Properties of Lactic Acid Bacteria Grown In Vitro with Starch-Based Soluble Corn Fiber or Inulin.; Adhesion and Anti-Adhesion Abilities of Potentially Probiotic Lactic Acid Bacteria and Biofilm Eradication of Honeybee (Apis mellifera L.) Pathogens.; Live probiotic bacteria administered in a pathomimetic Leaky Gut Chip ameliorate impaired epithelial barrier and mucosal inflammation.; Potential oral probiotic Lactobacillus pentosus MJM60383 inhibits Streptococcus mutans biofilm formation by inhibiting sucrose decomposition.; Assessing the Safety and Probiotic Characteristics of Lacticaseibacillus rhamnosus X253 via Complete Genome and Phenotype Analysis.; Antimicrobial potential of known and novel probiotics on in vitro periodontitis biofilms.; In vitro and in silico assessment of probiotic and functional properties of Bacillus subtilis DE111(®).; Techno-functional characterization of fecal lactobacilli isolates of Bos indicus calves for probiotic properties.; Characterization of Lactic Acid Bacteria from Fermented Fish (pla-paeng-daeng) and Their Cholesterol-lowering and Immunomodulatory Effects.; In Vitro Screen of Lactobacilli Strains for Gastrointestinal and Vaginal Benefits.; Inhibition of Listeria monocytogenes Growth, Adherence and Invasion in Caco-2 Cells by Potential Probiotic Lactic Acid Bacteria Isolated from Fecal Samples of Healthy Neonates.; Probiotic Potential and Safety Assessment of Type Strains of Weissella and Periweissella Species.; Probiotic and antioxidant properties of C(30) carotenoid-producing Lactiplantibacillus plantarum isolated from kimchi.; Development of innovative fermented products by exploiting the diversity of immunomodulatory properties and fermentative activity of lactic and propionic acid bacteria.; Characterization of adhesion, anti-adhesion, co-aggregation, and hydrophobicity of Helicobacter pylori and probiotic strains.; Fish Probiotics: Cell Surface Properties of Fish Intestinal Lactobacilli and Escherichia coli.; Screening, Identification and Physiological Characteristics of Lactobacillus rhamnosus M3 (1) against Intestinal Inflammation.; Bacillus megaterium Renuspore(®) as a potential probiotic for gut health and detoxification of unwanted dietary contaminants.; Probiotic Weissella cibaria displays antibacterial and anti-biofilm effect against cavity-causing Streptococcus mutans.; High Antioxidant Capacity of Lacticaseibacillus paracasei TDM-2 and Pediococcus pentosaceus TCM-3 from Qinghai Tibetan Plateau and Their Function towards Gut Modulation.; In-vitro determination of inhibitory effects of probiotic strains on Clostridioides difficile.; In vitro adhesion and anti-inflammatory properties of Limosilactobacillus fermentum FS-10 isolated from infant fecal sample.; Assessing the efficacy of probiotics in augmenting bovine reproductive health: an integrated in vitro, in silico, and in vivo study.; Lactic acid bacteria with a strong antioxidant function isolated from ""Jiangshui,"" pickles, and feces.; Probiotic Properties and Antioxidant Activity In Vitro of Lactic Acid Bacteria.; Genome Sequence and Evaluation of Safety and Probiotic Potential of Lactiplantibacillus plantarum LPJZ-658.; Limosilactobacillus reuteri inhibits the acid tolerance response in oral bacteria.; Draft genome sequence and probiotic functional property analysis of Lactobacillus gasseri LM1065 for food industry applications.; Immunostimulatory Activity of Lactococcus lactis subsp. lactis CAB701 Isolated from Jeju Cabbage.","2024;2026;2025;2022;1999;1999;1999;1999;2000;2000;2001;2001;2001;2003;2003;2003;2005;2005;2005;2005;2005;2005;2005;2005;2005;2005;2006;2006;2006;2006;2006;2006;2006;2006;2006;2007;2007;2007;2007;2007;2007;2007;2007;2007;2008;2007;2008;2008;2008;2008;2008;2008;2008;2008;2009;2009;2009;2009;2009;2009;2009;2009;2009;2009;2010;2009;2010;2010;2010;2010;2010;2010;2010;2010;2010;2010;2011;2011;2011;2011;2011;2011;2011;2011;2011;2011;2011;2011;2011;2011;2011;2012;2012;2012;2012;2012;2012;2013;2013;2013;2013;2013;2013;2013;2013;2014;2015;2020;2019;2019;2020;2019;2020;2020;2020;2020;2020;2020;2020;2020;2020;2021;2020;2020;2020;2020;2020;2020;2020;2020;2021;2020;2021;2020;2020;2020;2020;2021;2021;2021;2021;2022;2021;2021;2022;2021;2021;2021;2021;2023;2022;2022;2021;2021;2022;2021;2021;2021;2021;2021;2022;2021;2021;2023;2023;2021;2021;2022;2022;2022;2023;2022;2022;2022;2022;2022;2023;2023;2023;2022;2023;2023;2023;2023;2023;2023;2023;2023;2023;2023;2023;2023;2023;2023;2024;2023;2023;2023;2023;2023;2023;2023","38706757;41334956;41390683;36003050;10196761;10198338;10436921;10543777;10886621;11014524;11164299;11252493;11518430;12488075;12672593;12969498;15590097;15681631;15727832;15748990;15933002;15948242;15987860;16076509;16125909;16204515;16266797;16306130;16684107;16696680;16768842;16772550;16922933;16924934;17009396;17136367;17185558;17234293;17265871;17434999;17597654;17657533;17714399;17714400;17922827;17995611;18074177;18248372;18300344;18539797;18582334;18625909;18641972;18810777;19187508;19281529;19309013;19346339;19365593;19589170;19725886;19748697;19756155;19805152;19949794;20016677;20059670;20070917;20106541;20373994;20482623;20600855;20622495;20656777;20696472;20810182;20835828;21169430;21215484;21251174;21276627;21306197;21375696;21385950;21390145;21466951;21545585;21652104;21858054;21889358;22003027;22020518;22054064;22177712;22188552;22200451;22526145;23361971;23443951;23531039;23561014;23586634;23663754;23664349;23764216;25046742;25488261;31832842;31834968;31906055;31924618;31998245;32019075;32113772;32238771;32403297;32439543;32753308;32758520;32779289;32782740;32808141;32825754;32831844;32835777;32850839;32918643;32988256;33013748;33084369;33085038;33113800;33188637;33193258;33242049;33282294;33282440;33450875;33454530;33552621;33924561;33961206;34365895;34401061;34458959;34581832;34613788;34659181;34664577;34665429;34668141;34675145;34681324;34683462;34750285;34764945;34829947;34835374;34835416;34899643;34965174;34970251;34975786;35000110;35031967;35069490;35095783;35121802;35794494;35876583;36178579;36411410;36415573;36553762;36558073;36587177;36605406;36677432;36681674;36713219;36749534;36754424;36838294;36838329;36847557;36911323;36914312;36969318;36985169;37107423;37113219;37172659;37174356;37217116;37269431;37275132;37293224;37317238;37375122;37408693;37500806;37512890"
"Streptococcus thermophilus","GCF_003402855.1","https://pubmed.ncbi.nlm.nih.gov/30564999/","Thermophilin 109 is a naturally produced broad spectrum bacteriocin encoded within the blp gene cluster of Streptococcus thermophilus.","2019","30564999"
"Bifidobacterium animalis subsp. lactis","GCF_003428375.1","https://pubmed.ncbi.nlm.nih.gov/37962097/;https://pubmed.ncbi.nlm.nih.gov/37051343/","Probiotics for infantile colic: Is there evidence beyond doubt? A meta-analysis and systematic review.; Potential of Bifidobacterium lactis IDCC 4301 isolated from breast milk-fed infant feces as a probiotic and functional ingredient.","2024;2023","37962097;37051343"
"Lactobacillus johnsonii","GCF_003428395.1","https://pubmed.ncbi.nlm.nih.gov/35821151/","Safety evaluation and anti-inflammatory activity of Lactobacillus johnsonii IDCC 9203 isolated from feces of breast-fed infants.","2022","35821151"
"Lactobacillus gasseri","GCF_003437055.1","https://pubmed.ncbi.nlm.nih.gov/41183487/","Lactobacillus gasseri TF08-1 ameliorates high-fat diet induced nonalcoholic fatty liver disease and regulates gut microbiota in mice.","2025","41183487"
"Lactiplantibacillus plantarum","GCF_003577505.1","https://pubmed.ncbi.nlm.nih.gov/42388456/","Comprehensive safety evaluation of DW2009, a complex of Lactiplantibacillus C29 and fermented soybean powder.","2026","42388456"
"Lactobacillus paragasseri","GCF_003584685.1","https://pubmed.ncbi.nlm.nih.gov/35733973/","Bile Salt Hydrolase Degrades β-Lactam Antibiotics and Confers Antibiotic Resistance on Lactobacillus paragasseri.","2022","35733973"
"Lactiplantibacillus plantarum","GCF_003586485.1","https://pubmed.ncbi.nlm.nih.gov/36571922/;https://pubmed.ncbi.nlm.nih.gov/40749709/;https://pubmed.ncbi.nlm.nih.gov/40269965/;https://pubmed.ncbi.nlm.nih.gov/38841895/;https://pubmed.ncbi.nlm.nih.gov/40114208/","A novel approach to Lactiplantibacillus plantarum: From probiotic properties to the omics insights.; Harnessing Lactiplantibacillus plantarum EP21 and its membrane vesicles to inhibit myopia development.; Lactiplantibacillus plantarum -derived extracellular vesicles alleviate acute lung injury by inhibiting ferroptosis of macrophages.; Enhancing social behavior in an autism spectrum disorder mouse model: investigating the underlying mechanisms of Lactiplantibacillus plantarum intervention.; Reducing severity of inflammatory bowel disease through colonization of Lactiplantibacillus plantarum and its extracellular vesicles release.","2023;2025;2025;2024;2025","36571922;40749709;40269965;38841895;40114208"
"Lactiplantibacillus plantarum","GCF_003597595.1","https://pubmed.ncbi.nlm.nih.gov/30894844/","Whole Genome Analysis of Lactobacillus plantarum Strains Isolated From Kimchi and Determination of Probiotic Properties to Treat Mucosal Infections by Candida albicans and Gardnerella vaginalis.","2019","30894844"
"Lactiplantibacillus plantarum","GCF_003597615.1","https://pubmed.ncbi.nlm.nih.gov/30894844/","Whole Genome Analysis of Lactobacillus plantarum Strains Isolated From Kimchi and Determination of Probiotic Properties to Treat Mucosal Infections by Candida albicans and Gardnerella vaginalis.","2019","30894844"
"Lactiplantibacillus plantarum","GCF_003597635.1","https://pubmed.ncbi.nlm.nih.gov/34884471/;https://pubmed.ncbi.nlm.nih.gov/30894844/","Lactiplantibacillusplantarum ATG-K2 Exerts an Anti-Obesity Effect in High-Fat Diet-Induced Obese Mice by Modulating the Gut Microbiome.; Whole Genome Analysis of Lactobacillus plantarum Strains Isolated From Kimchi and Determination of Probiotic Properties to Treat Mucosal Infections by Candida albicans and Gardnerella vaginalis.","2021;2019","34884471;30894844"
"Lactobacillus delbrueckii subsp. bulgaricus","GCF_003597655.1","https://pubmed.ncbi.nlm.nih.gov/39458486/;https://pubmed.ncbi.nlm.nih.gov/35916052/;https://pubmed.ncbi.nlm.nih.gov/33072056/","Microbiota Transplantation in Individuals with Type 2 Diabetes and a High Degree of Insulin Resistance.; IL-22 and Lactobacillus delbrueckii mitigate alcohol-induced exacerbation of DSS-induced colitis.; Lactobacillus delbrueckii subsp. bulgaricus KLDS 1.0207 Exerts Antimicrobial and Cytotoxic Effects in vitro and Improves Blood Biochemical Parameters in vivo Against Notable Foodborne Pathogens.","2024;2022;2020","39458486;35916052;33072056"
"Bifidobacterium animalis subsp. lactis","GCF_003606305.1","https://pubmed.ncbi.nlm.nih.gov/37962097/;https://pubmed.ncbi.nlm.nih.gov/29227175/;https://pubmed.ncbi.nlm.nih.gov/37512817/","Probiotics for infantile colic: Is there evidence beyond doubt? A meta-analysis and systematic review.; Effects of 28-day Bifidobacterium animalis subsp. lactis HN019 supplementation on colonic transit time and gastrointestinal symptoms in adults with functional constipation: A double-blind, randomized, placebo-controlled, and dose-ranging trial.; Production of Reactive Oxygen (ROS) and Nitrogen (RNS) Species in Macrophages J774A.1 Activated by the Interaction between Two Escherichia coli Pathotypes and Two Probiotic Commercial Strains.","2024;2018;2023","37962097;29227175;37512817"
"Bacillus velezensis","GCF_003612755.1","https://pubmed.ncbi.nlm.nih.gov/32399381/","Complete genome sequence and antimicrobial activity of Bacillus velezensis JT3-1, a microbial germicide isolated from yak feces.","2020","32399381"
"Lacticaseibacillus paracasei","GCF_003627255.1","https://pubmed.ncbi.nlm.nih.gov/32119175/","Whole genome sequence analysis and in vitro probiotic characteristics of a Lactobacillus strain Lactobacillus paracasei ZFM54.","2020","32119175"
"Lactiplantibacillus pentosus","GCF_003627375.1","https://pubmed.ncbi.nlm.nih.gov/32450257/","Complete genome sequence analysis of a strain Lactobacillus pentosus ZFM94 and its probiotic characteristics.","2020","32450257"
"Latilactobacillus sakei","GCF_003627875.1","https://pubmed.ncbi.nlm.nih.gov/39152663/;https://pubmed.ncbi.nlm.nih.gov/35053965/","Effects of Latilactobacillus sakei LZ217 on Gastric Mucosal Colonization, Metabolic Interference, and Urease Expression in Helicobacter pylori Infection.; Probiotic Potential of a Folate-Producing Strain Latilactobacillus sakei LZ217 and Its Modulation Effects on Human Gut Microbiota.","2024;2022","39152663;35053965"
"Lactiplantibacillus plantarum","GCF_003692725.1","https://pubmed.ncbi.nlm.nih.gov/33694215/;https://pubmed.ncbi.nlm.nih.gov/33761096/","In vitro evaluation of anticancer effects of different probiotic strains on HCT-116 cell line.; In Vitro Evaluation of Probiotic Properties of Lactobacillus plantarum UBLP40 Isolated from Traditional Indigenous Fermented Food.","2021;2021","33694215;33761096"
"Enterococcus faecalis","GCF_003711705.1","https://pubmed.ncbi.nlm.nih.gov/31718570/;https://pubmed.ncbi.nlm.nih.gov/38702495/;https://pubmed.ncbi.nlm.nih.gov/37237745/;https://pubmed.ncbi.nlm.nih.gov/39162453/;https://pubmed.ncbi.nlm.nih.gov/36922364/;https://pubmed.ncbi.nlm.nih.gov/31861080/","Isolation, characterization, and assessment of lactic acid bacteria toward their selection as poultry probiotics.; Enterococcus faecalis: implications for host health.; Enterococcal Phages: Food and Health Applications.; Whole-genome sequencing of Enterococcus faecalis probiotic strains isolated from raw milk of healthy cows.; Probiotic treatment (Enterococcus faecalis) improves symptoms of seasonal allergic rhinitis: A randomized controlled trial.; Fermented Seeds (""Zgougou"") from Aleppo Pine as a Novel Source of Potentially Probiotic Lactic Acid Bacteria.","2019;2024;2023;2024;2023;2019","31718570;38702495;37237745;39162453;36922364;31861080"
"Limosilactobacillus reuteri","GCF_003719715.1","https://pubmed.ncbi.nlm.nih.gov/33694215/","In vitro evaluation of anticancer effects of different probiotic strains on HCT-116 cell line.","2021","33694215"
"Lactococcus lactis","GCF_003722275.1","https://pubmed.ncbi.nlm.nih.gov/17185558/;https://pubmed.ncbi.nlm.nih.gov/36838212/;https://pubmed.ncbi.nlm.nih.gov/37183191/","Growth of probiotic lactobacilli in the presence of oleic acid enhances subsequent survival in gastric juice.; Uptake of Levilactobacillus brevis JCM 1059 by THP-1 Cells via Interaction between SlpB and CAP-1 Promotes Cytokine Production.; Probiotic properties and proteomics analysis of ethanol-induced Lactococcus lactis subsp. lactis IL1403.","2007;2023;2023","17185558;36838212;37183191"
"Lactiplantibacillus plantarum","GCF_003813125.1","","","",""
"Weissella viridescens","GCF_003862435.1","https://pubmed.ncbi.nlm.nih.gov/34361921/","Characterization of Weissella viridescens UCO-SMC3 as a Potential Probiotic for the Skin: Its Beneficial Role in the Pathogenesis of Acne Vulgaris.","2021","34361921"
"Lactiplantibacillus plantarum","GCF_004028335.1","","","",""
"Limosilactobacillus fermentum","GCF_004208815.1","https://pubmed.ncbi.nlm.nih.gov/35066819/;https://pubmed.ncbi.nlm.nih.gov/36626778/","Biofunctional Attributes of Surface Layer Protein and Cell-Bound Exopolysaccharide from Probiotic Limosilactobacillus fermentum (MTCC 5898).; Probiotic lactobacilli mediate their immunoregulatory functions in intestinal cells via modulation of H3 histone acetylation.","2022;2023","35066819;36626778"
"Lactiplantibacillus plantarum","GCF_004301235.1","https://pubmed.ncbi.nlm.nih.gov/36571922/;https://pubmed.ncbi.nlm.nih.gov/40749709/;https://pubmed.ncbi.nlm.nih.gov/40269965/;https://pubmed.ncbi.nlm.nih.gov/38841895/;https://pubmed.ncbi.nlm.nih.gov/40114208/;https://pubmed.ncbi.nlm.nih.gov/32095046/","A novel approach to Lactiplantibacillus plantarum: From probiotic properties to the omics insights.; Harnessing Lactiplantibacillus plantarum EP21 and its membrane vesicles to inhibit myopia development.; Lactiplantibacillus plantarum -derived extracellular vesicles alleviate acute lung injury by inhibiting ferroptosis of macrophages.; Enhancing social behavior in an autism spectrum disorder mouse model: investigating the underlying mechanisms of Lactiplantibacillus plantarum intervention.; Reducing severity of inflammatory bowel disease through colonization of Lactiplantibacillus plantarum and its extracellular vesicles release.; In vitro assessment of antibacterial activity from Lactobacillus spp. strains against virulent Salmonella species isolated from slaughter animals in Benin.","2023;2025;2025;2024;2025;2019","36571922;40749709;40269965;38841895;40114208;32095046"
"Lactiplantibacillus plantarum","GCF_004301325.1","https://pubmed.ncbi.nlm.nih.gov/36571922/;https://pubmed.ncbi.nlm.nih.gov/40749709/;https://pubmed.ncbi.nlm.nih.gov/40269965/;https://pubmed.ncbi.nlm.nih.gov/38841895/;https://pubmed.ncbi.nlm.nih.gov/40114208/;https://pubmed.ncbi.nlm.nih.gov/32095046/","A novel approach to Lactiplantibacillus plantarum: From probiotic properties to the omics insights.; Harnessing Lactiplantibacillus plantarum EP21 and its membrane vesicles to inhibit myopia development.; Lactiplantibacillus plantarum -derived extracellular vesicles alleviate acute lung injury by inhibiting ferroptosis of macrophages.; Enhancing social behavior in an autism spectrum disorder mouse model: investigating the underlying mechanisms of Lactiplantibacillus plantarum intervention.; Reducing severity of inflammatory bowel disease through colonization of Lactiplantibacillus plantarum and its extracellular vesicles release.; In vitro assessment of antibacterial activity from Lactobacillus spp. strains against virulent Salmonella species isolated from slaughter animals in Benin.","2023;2025;2025;2024;2025;2019","36571922;40749709;40269965;38841895;40114208;32095046"
"Lactiplantibacillus plantarum","GCF_004301435.1","https://pubmed.ncbi.nlm.nih.gov/36571922/;https://pubmed.ncbi.nlm.nih.gov/40749709/;https://pubmed.ncbi.nlm.nih.gov/40269965/;https://pubmed.ncbi.nlm.nih.gov/38841895/;https://pubmed.ncbi.nlm.nih.gov/40114208/","A novel approach to Lactiplantibacillus plantarum: From probiotic properties to the omics insights.; Harnessing Lactiplantibacillus plantarum EP21 and its membrane vesicles to inhibit myopia development.; Lactiplantibacillus plantarum -derived extracellular vesicles alleviate acute lung injury by inhibiting ferroptosis of macrophages.; Enhancing social behavior in an autism spectrum disorder mouse model: investigating the underlying mechanisms of Lactiplantibacillus plantarum intervention.; Reducing severity of inflammatory bowel disease through colonization of Lactiplantibacillus plantarum and its extracellular vesicles release.","2023;2025;2025;2024;2025","36571922;40749709;40269965;38841895;40114208"
"Enterococcus faecalis","GCF_004306085.1","https://pubmed.ncbi.nlm.nih.gov/25978357/","Immunostimulatory Effects Triggered by Enterococcus faecalis CECT7121 Probiotic Strain Involve Activation of Dendritic Cells and Interferon-Gamma Production.","2015","25978357"
"Bifidobacterium breve","GCF_004319685.1","https://pubmed.ncbi.nlm.nih.gov/27608474/;https://pubmed.ncbi.nlm.nih.gov/31097497/;https://pubmed.ncbi.nlm.nih.gov/34229263/;https://pubmed.ncbi.nlm.nih.gov/25291125/;https://pubmed.ncbi.nlm.nih.gov/22955353/","Probiotics and refractory chronic spontaneous urticaria.; Single-Scaffold Genome Sequence of Probiotic Strain Bifidobacterium breve BR03 (DSM 16604), Obtained by Combining Hybrid Sequencing and Optical Mapping.; Supplementation with Bifidobacterium breve BR03 and B632 strains improved insulin sensitivity in children and adolescents with obesity in a cross-over, randomized double-blind placebo-controlled trial.; Capability of the two microorganisms Bifidobacterium breve B632 and Bifidobacterium breve BR03 to colonize the intestinal microbiota of children.; Assessment of the in vitro inhibitory activity of specific probiotic bacteria against different Escherichia coli strains.","2016;2019;2021;2014;2012","27608474;31097497;34229263;25291125;22955353"
"Enterococcus durans","GCF_004330425.1","https://pubmed.ncbi.nlm.nih.gov/33362752/","Assessment of Safety and Probiotic Traits of Enterococcus durans OSY-EGY, Isolated From Egyptian Artisanal Cheese, Using Comparative Genomics and Phenotypic Analyses.","2020","33362752"
"Pediococcus pentosaceus","GCF_004353295.1","https://pubmed.ncbi.nlm.nih.gov/42539666/;https://pubmed.ncbi.nlm.nih.gov/30473681/;https://pubmed.ncbi.nlm.nih.gov/31023799/","Catecholamines modulate pathogen-probiotic-host interactions: insights from Pseudomonas aeruginosa and Pediococcus pentosaceus.; In vitro Assessment of the Probiotic Properties and Bacteriocinogenic Potential of Pediococcus pentosaceus MZF16 Isolated From Artisanal Tunisian Meat ""Dried Ossban"".; Draft Genome Sequence of Pediococcus pentosaceus MZF16, a Bacteriocinogenic Probiotic Strain Isolated from Dried Ossban in Tunisia.","2026;2018;2019","42539666;30473681;31023799"
"Lactococcus lactis subsp. lactis","GCF_004354485.1","https://pubmed.ncbi.nlm.nih.gov/27466284/;https://pubmed.ncbi.nlm.nih.gov/38599786/;https://pubmed.ncbi.nlm.nih.gov/29899025/;https://pubmed.ncbi.nlm.nih.gov/41486553/;https://pubmed.ncbi.nlm.nih.gov/39738244/;https://pubmed.ncbi.nlm.nih.gov/20810182/;https://pubmed.ncbi.nlm.nih.gov/22790540/;https://pubmed.ncbi.nlm.nih.gov/27435538/","Stress Physiology of Lactic Acid Bacteria.; Lactococcus lactis HkyuLL 10 suppresses colorectal tumourigenesis and restores gut microbiota through its generated alpha-mannosidase.; Curbing cholera.; Lactococcus lactis subsp. Cremoris reprograms systemic metabolism and protects against myocardial injury.; Lactococcus lactis and Bifidobacterium bifidum alleviate postmenopausal symptoms by suppressing NF-κB signaling and microbiota dysbiosis.; Survival of a Lactococcus lactis strain varies with its carbohydrate preference under in vitro conditions simulated gastrointestinal tract.; Antioxidant properties of potentially probiotic bacteria: in vitro and in vivo activities.; Inhibitory Effect of Lactococcus lactis HY 449 on Cariogenic Biofilm.","2016;2024;2018;2026;2024;2010;2013;2016","27466284;38599786;29899025;41486553;39738244;20810182;22790540;27435538"
"Lacticaseibacillus paracasei subsp. paracasei","GCF_004354655.1","https://pubmed.ncbi.nlm.nih.gov/41538653/;https://pubmed.ncbi.nlm.nih.gov/36136562/;https://pubmed.ncbi.nlm.nih.gov/23351891/","Fermented Lacticaseibacillus Paracasei Cultures Ameliorate Colitis by Modulating Microbiota-Derived Tryptophan Metabolism and Macrophage Polarization.; Postbiotics and Kidney Disease.; Inhibition of HIV and HSV infection by vaginal lactobacilli in vitro and in vivo.","2026;2022;2012","41538653;36136562;23351891"
"Lacticaseibacillus paracasei","GCF_004368425.1","https://pubmed.ncbi.nlm.nih.gov/22281320/","Survival of lactic acid bacteria from fermented milks in an in vitro digestion model exploiting sequential incubation in human gastric and duodenum juice.","2012","22281320"
"Lacticaseibacillus paracasei","GCF_004368495.1","https://pubmed.ncbi.nlm.nih.gov/22281320/","Survival of lactic acid bacteria from fermented milks in an in vitro digestion model exploiting sequential incubation in human gastric and duodenum juice.","2012","22281320"
"Pseudomonas aeruginosa","GCF_004370015.1","https://pubmed.ncbi.nlm.nih.gov/41362070/;https://pubmed.ncbi.nlm.nih.gov/26687205/;https://pubmed.ncbi.nlm.nih.gov/40619672/;https://pubmed.ncbi.nlm.nih.gov/41504155/;https://pubmed.ncbi.nlm.nih.gov/32692305/;https://pubmed.ncbi.nlm.nih.gov/34946156/","High-Yield Outer Membrane Vesicles Derived From Probiotics as a Nanoplatform for Precise Treatment and Prophylaxis of Pseudomonas aeruginosa Infection.; Antibiotic resistance in Pseudomonas aeruginosa and alternative therapeutic options.; Minimal logic gates for probiotic Escherichia coli Nissle 1917 sensing and treatment of dual-bacteria intestinal infection.; Gut Bacteria Improve Depressive Symptoms by Degrading Cortisol into Androgen.; Non-Melanoma Skin Cancer: news from microbiota research.; Isolation and Identification of Bacteria with Surface and Antibacterial Activity from the Gut of Mediterranean Grey Mullets.","2025;2016;2025;2026;2020;2021","41362070;26687205;40619672;41504155;32692305;34946156"
"Pseudomonas aeruginosa","GCF_004370095.1","https://pubmed.ncbi.nlm.nih.gov/34946156/","Isolation and Identification of Bacteria with Surface and Antibacterial Activity from the Gut of Mediterranean Grey Mullets.","2021","34946156"
"Pseudomonas aeruginosa","GCF_004370145.1","https://pubmed.ncbi.nlm.nih.gov/34946156/","Isolation and Identification of Bacteria with Surface and Antibacterial Activity from the Gut of Mediterranean Grey Mullets.","2021","34946156"
"Pseudomonas aeruginosa","GCF_004370205.1","https://pubmed.ncbi.nlm.nih.gov/34946156/","Isolation and Identification of Bacteria with Surface and Antibacterial Activity from the Gut of Mediterranean Grey Mullets.","2021","34946156"
"Ligilactobacillus salivarius","GCF_004405135.1","https://pubmed.ncbi.nlm.nih.gov/33363529/","Functional and Genomic Characterization of Ligilactobacillus salivarius TUCO-L2 Isolated From Lama glama Milk: A Promising Immunobiotic Strain to Combat Infections.","2020","33363529"
"Weissella cibaria","GCF_004521955.1","https://pubmed.ncbi.nlm.nih.gov/33085038/","Integrated Phenotypic-Genotypic Analysis of Candidate Probiotic Weissella Cibaria Strains Isolated from Dairy Cows in Kuwait.","2021","33085038"
"Weissella cibaria","GCF_004521965.1","https://pubmed.ncbi.nlm.nih.gov/40885496/;https://pubmed.ncbi.nlm.nih.gov/38958438/;https://pubmed.ncbi.nlm.nih.gov/40607831/;https://pubmed.ncbi.nlm.nih.gov/37172659/;https://pubmed.ncbi.nlm.nih.gov/36274712/;https://pubmed.ncbi.nlm.nih.gov/33085038/","Weissella cibaria SGW054 alleviates neurodegenerative progression in Proteus mirabilis- and 1-methyl-4-phenyl-1,2,3,6-tetrahydropyridine-induced Parkinson's disease mice by regulating gut microbiota dysbiosis.; Draft genome sequences of Weissella cibaria GM93m3, a promising probiotic strain from raw goat milk.; Weissella cibaria suppresses colitis-associated colorectal cancer by modulating the gut microbiota-bile acid-FXR axis.; Probiotic Weissella cibaria displays antibacterial and anti-biofilm effect against cavity-causing Streptococcus mutans.; Impact of Weissella cibaria BYL4.2 and its supernatants on Penicillium chrysogenum metabolism.; Integrated Phenotypic-Genotypic Analysis of Candidate Probiotic Weissella Cibaria Strains Isolated from Dairy Cows in Kuwait.","2025;2024;2025;2023;2022;2021","40885496;38958438;40607831;37172659;36274712;33085038"
"Bacillus licheniformis","GCF_004526275.1","https://pubmed.ncbi.nlm.nih.gov/34581975/;https://pubmed.ncbi.nlm.nih.gov/41889564/;https://pubmed.ncbi.nlm.nih.gov/35863717/;https://pubmed.ncbi.nlm.nih.gov/33772601/;https://pubmed.ncbi.nlm.nih.gov/26100933/","The Combined Effect of Potential Probiotic Bacillus licheniformis MCC 2514 and Bifidobacterium breve NCIM 5671 Towards Anti-inflammatory Activity on HT-29 Cell Lines.; Formulation and analysis of probiotic Bacillus licheniformis MCC 2514 infused osmo dried carrot.; Bacillus licheniformis MCC 2514 genome sequencing and functional annotation for providing genetic evidence for probiotic gut adhesion properties and its applicability as a bio-preservative agent.; In vitro validation studies for adhesion factor and adhesion efficiency of probiotic Bacillus licheniformis MCC 2514 and Bifidobacterium breve NCIM 5671 on HT-29 cell lines.; Diversity in the antibacterial potential of probiotic cultures Bacillus licheniformis MCC2514 and Bacillus licheniformis MCC2512.","2023;2026;2022;2021;2015","34581975;41889564;35863717;33772601;26100933"
"Lactococcus lactis","GCF_004795205.1","https://pubmed.ncbi.nlm.nih.gov/32728855/;https://pubmed.ncbi.nlm.nih.gov/23153191/","In Vitro Evaluation of Potential Probiotic Strain Lactococcus lactis Gh1 and Its Bacteriocin-Like Inhibitory Substances for Potential Use in the Food Industry.; Isolation of Pediococcus acidilactici Kp10 with ability to secrete bacteriocin-like inhibitory substance from milk products for applications in food industry.","2021;2012","32728855;23153191"
"Bifidobacterium longum","GCF_004936435.1","https://pubmed.ncbi.nlm.nih.gov/34558015/;https://pubmed.ncbi.nlm.nih.gov/23443950/;https://pubmed.ncbi.nlm.nih.gov/30284741/","Bifidobacterium longum subsp. longum 51A Attenuates Signs of Inflammation in a Murine Model of Food Allergy.; In vitro evaluation of Bifidobacterium strains of human origin for potential use in probiotic functional foods.; Probiotics alter the immune response of gingival epithelial cells challenged by Porphyromonas gingivalis.","2023;2013;2019","34558015;23443950;30284741"
"Enterococcus faecium","GCF_005166365.1","https://pubmed.ncbi.nlm.nih.gov/25130071/","Isolation of Enterococcus faecium NM113, Enterococcus faecium NM213 and Lactobacillus casei NM512 as novel probiotics with immunomodulatory properties.","2014","25130071"
"Lactiplantibacillus plantarum subsp. plantarum","GCF_005576935.1","https://pubmed.ncbi.nlm.nih.gov/36729332/;https://pubmed.ncbi.nlm.nih.gov/38674828/;https://pubmed.ncbi.nlm.nih.gov/41821702/","Anti-obesity effects of Lactiplantibacillus plantarum SKO-001 in high-fat diet-induced obese mice.; A 12-Week, Single-Centre, Randomised, Double-Blind, Placebo-Controlled, Parallel-Design Clinical Trial for the Evaluation of the Efficacy and Safety of Lactiplantibacillus plantarum SKO-001 in Reducing Body Fat.; Enhanced Longevity and Immunity in Caenorhabditis elegans through Ingestion of Lactiplantibacillus plantarum SKO-001: A Multi-Omics Study.","2023;2024;2025","36729332;38674828;41821702"
"Streptococcus shenyangsis","GCF_006385785.1","https://pubmed.ncbi.nlm.nih.gov/32920015/;https://pubmed.ncbi.nlm.nih.gov/29422458/;https://pubmed.ncbi.nlm.nih.gov/33938347/;https://pubmed.ncbi.nlm.nih.gov/19007054/;https://pubmed.ncbi.nlm.nih.gov/29316223/","Streptococcus thermophilus Inhibits Colorectal Tumorigenesis Through Secreting β-Galactosidase.; Probiotics in Caries Prevention.; Inhibition of Streptococcus mutans biofilm formation by strategies targeting the metabolism of exopolysaccharides.; Probiotics.; Probiotic Lactobacillus sp. inhibit growth, biofilm formation and gene expression of caries-inducing Streptococcus mutans.","2021;2018;2021;2008;2018","32920015;29422458;33938347;19007054;29316223"
"Latilactobacillus sakei","GCF_006538665.1","https://pubmed.ncbi.nlm.nih.gov/27438340/","Mature Biofilm Degradation by Potential Probiotics: Aggregatibacter actinomycetemcomitans versus Lactobacillus spp.","2016","27438340"
"Lactococcus lactis subsp. lactis","GCF_006538925.1","https://pubmed.ncbi.nlm.nih.gov/27466284/;https://pubmed.ncbi.nlm.nih.gov/38599786/;https://pubmed.ncbi.nlm.nih.gov/29899025/;https://pubmed.ncbi.nlm.nih.gov/41486553/;https://pubmed.ncbi.nlm.nih.gov/39738244/;https://pubmed.ncbi.nlm.nih.gov/27438340/","Stress Physiology of Lactic Acid Bacteria.; Lactococcus lactis HkyuLL 10 suppresses colorectal tumourigenesis and restores gut microbiota through its generated alpha-mannosidase.; Curbing cholera.; Lactococcus lactis subsp. Cremoris reprograms systemic metabolism and protects against myocardial injury.; Lactococcus lactis and Bifidobacterium bifidum alleviate postmenopausal symptoms by suppressing NF-κB signaling and microbiota dysbiosis.; Mature Biofilm Degradation by Potential Probiotics: Aggregatibacter actinomycetemcomitans versus Lactobacillus spp.","2016;2024;2018;2026;2024;2016","27466284;38599786;29899025;41486553;39738244;27438340"
"Enterococcus faecalis","GCF_006541705.1","https://pubmed.ncbi.nlm.nih.gov/31718570/;https://pubmed.ncbi.nlm.nih.gov/38702495/;https://pubmed.ncbi.nlm.nih.gov/37237745/;https://pubmed.ncbi.nlm.nih.gov/39162453/;https://pubmed.ncbi.nlm.nih.gov/36922364/;https://pubmed.ncbi.nlm.nih.gov/18634896/","Isolation, characterization, and assessment of lactic acid bacteria toward their selection as poultry probiotics.; Enterococcus faecalis: implications for host health.; Enterococcal Phages: Food and Health Applications.; Whole-genome sequencing of Enterococcus faecalis probiotic strains isolated from raw milk of healthy cows.; Probiotic treatment (Enterococcus faecalis) improves symptoms of seasonal allergic rhinitis: A randomized controlled trial.; Probiotic properties of lactic acid bacteria isolated from stool samples of longevous people in regions of Hotan, Xinjiang and Bama, Guangxi, China.","2019;2024;2023;2024;2023;2008","31718570;38702495;37237745;39162453;36922364;18634896"
"Propioniferax innocua","GCF_006716235.1","https://pubmed.ncbi.nlm.nih.gov/36138851/","Probiotic Adhesion to Skin Keratinocytes and Underlying Mechanisms.","2022","36138851"
"Lactobacillus crispatus","GCF_007713895.1","https://pubmed.ncbi.nlm.nih.gov/32038579/","Comparative Analysis of Lactobacillus gasseri and Lactobacillus crispatus Isolated From Human Urogenital and Gastrointestinal Tracts.","2019","32038579"
"Lactiplantibacillus plantarum","GCF_007833595.1","https://pubmed.ncbi.nlm.nih.gov/37632677/;https://pubmed.ncbi.nlm.nih.gov/30268622/","Changes in Intracellular and Extracellular Metabolites of Mixed Lactobacillus Strains Enhance Inhibition of Pathogenic Bacterial Growth and Lipopolysaccharide-Induced Alleviation of RAW264.7 Cellular Inflammation.; Assessing and comparing antioxidant activities of lactobacilli strains by using different chemical and cellular antioxidant methods.","2025;2018","37632677;30268622"
"Lactobacillus johnsonii","GCF_007876425.1","https://pubmed.ncbi.nlm.nih.gov/30580660/","A novel probiotic, Lactobacillus johnsonii 456, resists acid and can persist in the human gut beyond the initial ingestion period.","2019","30580660"
"Lactiplantibacillus plantarum subsp. plantarum","GCF_007989145.1","https://pubmed.ncbi.nlm.nih.gov/36571922/;https://pubmed.ncbi.nlm.nih.gov/40749709/;https://pubmed.ncbi.nlm.nih.gov/40269965/;https://pubmed.ncbi.nlm.nih.gov/38841895/;https://pubmed.ncbi.nlm.nih.gov/40114208/;https://pubmed.ncbi.nlm.nih.gov/27438340/;https://pubmed.ncbi.nlm.nih.gov/27943051/","A novel approach to Lactiplantibacillus plantarum: From probiotic properties to the omics insights.; Harnessing Lactiplantibacillus plantarum EP21 and its membrane vesicles to inhibit myopia development.; Lactiplantibacillus plantarum -derived extracellular vesicles alleviate acute lung injury by inhibiting ferroptosis of macrophages.; Enhancing social behavior in an autism spectrum disorder mouse model: investigating the underlying mechanisms of Lactiplantibacillus plantarum intervention.; Reducing severity of inflammatory bowel disease through colonization of Lactiplantibacillus plantarum and its extracellular vesicles release.; Mature Biofilm Degradation by Potential Probiotics: Aggregatibacter actinomycetemcomitans versus Lactobacillus spp.; Effect of Lactobacillus plantarum Tennozu-SU2 on Salmonella Typhimurium Infection in Human Enterocyte-Like HT-29-Luc Cells and BALB/c Mice.","2023;2025;2025;2024;2025;2016;2017","36571922;40749709;40269965;38841895;40114208;27438340;27943051"
"Latilactobacillus sakei subsp. sakei","GCF_007989165.1","https://pubmed.ncbi.nlm.nih.gov/40676109/;https://pubmed.ncbi.nlm.nih.gov/35997270/;https://pubmed.ncbi.nlm.nih.gov/40329628/;https://pubmed.ncbi.nlm.nih.gov/37997261/;https://pubmed.ncbi.nlm.nih.gov/37589784/;https://pubmed.ncbi.nlm.nih.gov/30705799/","Efficacy and safety of Latilactobacillus sakei LB-P12 in patients with knee osteoarthritis: an exploratory randomized, double-blind, placebo-controlled clinical trial.; Latilactobacillus sakei: a candidate probiotic with a key role in food fermentations and health promotion.; Latilactobacillus sakei LB-P12 Ameliorates Osteoarthritis by Reducing Cartilage Degradation and Inflammation via Regulation of NF-κB/HIF-2α Pathway.; Heat-Treated Paraprobiotic Latilactobacillus sakei KU15041 and Latilactobacillus curvatus KU15003 Show an Antioxidant and Immunostimulatory Effect.; Heat-Killed Latilactobacillus sakei CNSC001WB and Lactobacillus pentosus WB693 Have an Anti-inflammatory Effect on LPS-Stimulated RAW 264.7 Cells.; IgA-enhancing effects of membrane vesicles derived from Lactobacillus sakei subsp. sakei NBRC15893.","2025;2024;2025;2024;2024;2019","40676109;35997270;40329628;37997261;37589784;30705799"
"Akkermansia muciniphila","GCF_008000975.1","https://pubmed.ncbi.nlm.nih.gov/32019075/","Preliminary Evaluation of the Safety and Probiotic Potential of Akkermansia muciniphila DSM 22959 in Comparison with Lactobacillus rhamnosus GG.","2020","32019075"
"Lactiplantibacillus plantarum","GCF_008016925.1","https://pubmed.ncbi.nlm.nih.gov/36571922/;https://pubmed.ncbi.nlm.nih.gov/40749709/;https://pubmed.ncbi.nlm.nih.gov/40269965/;https://pubmed.ncbi.nlm.nih.gov/38841895/;https://pubmed.ncbi.nlm.nih.gov/40114208/;https://pubmed.ncbi.nlm.nih.gov/36112329/;https://pubmed.ncbi.nlm.nih.gov/36677321/","A novel approach to Lactiplantibacillus plantarum: From probiotic properties to the omics insights.; Harnessing Lactiplantibacillus plantarum EP21 and its membrane vesicles to inhibit myopia development.; Lactiplantibacillus plantarum -derived extracellular vesicles alleviate acute lung injury by inhibiting ferroptosis of macrophages.; Enhancing social behavior in an autism spectrum disorder mouse model: investigating the underlying mechanisms of Lactiplantibacillus plantarum intervention.; Reducing severity of inflammatory bowel disease through colonization of Lactiplantibacillus plantarum and its extracellular vesicles release.; A new probiotic Lactobacillus plantarum strain isolated from traditional dairy together with nanochitosan particles shows the synergistic effect on aflatoxin B1 detoxification.; Lactiplantibacillus plantarum A1, C1 and C10 Are Potential Probiotics Isolated from Pineapple Residual Silage.","2023;2025;2025;2024;2025;2022;2022","36571922;40749709;40269965;38841895;40114208;36112329;36677321"
"Streptococcus salivarius","GCF_008305695.1","https://pubmed.ncbi.nlm.nih.gov/37421828/","Antimicrobial activity of probiotic Streptococcus salivarius LAB813 on in vitro cariogenic biofilms.","2023","37421828"
"Schleiferilactobacillus harbinensis","GCF_009217765.1","https://pubmed.ncbi.nlm.nih.gov/32539956/","A potential flavor culture: Lactobacillus harbinensis M1 improves the organoleptic quality of fermented soymilk by high production of 2,3-butanedione and acetoin.","2020","32539956"
"Lactiplantibacillus plantarum","GCF_009295775.1","https://pubmed.ncbi.nlm.nih.gov/36571922/;https://pubmed.ncbi.nlm.nih.gov/40749709/;https://pubmed.ncbi.nlm.nih.gov/40269965/;https://pubmed.ncbi.nlm.nih.gov/38841895/;https://pubmed.ncbi.nlm.nih.gov/40114208/;https://pubmed.ncbi.nlm.nih.gov/35979483/","A novel approach to Lactiplantibacillus plantarum: From probiotic properties to the omics insights.; Harnessing Lactiplantibacillus plantarum EP21 and its membrane vesicles to inhibit myopia development.; Lactiplantibacillus plantarum -derived extracellular vesicles alleviate acute lung injury by inhibiting ferroptosis of macrophages.; Enhancing social behavior in an autism spectrum disorder mouse model: investigating the underlying mechanisms of Lactiplantibacillus plantarum intervention.; Reducing severity of inflammatory bowel disease through colonization of Lactiplantibacillus plantarum and its extracellular vesicles release.; Screening and evaluation of lactic acid bacteria with probiotic potential from local Holstein raw milk.","2023;2025;2025;2024;2025;2022","36571922;40749709;40269965;38841895;40114208;35979483"
"Bacillus subtilis","GCF_009497795.1","https://pubmed.ncbi.nlm.nih.gov/30913972/;https://pubmed.ncbi.nlm.nih.gov/28271385/","Probiotics to prevent Staphylococcus aureus disease?; Possible correlation between levansucrase production and probiotic activity of Bacillus sp. isolated from honey and honey bee.","2020;2017","30913972;28271385"
"Bacillus subtilis","GCF_009497815.1","https://pubmed.ncbi.nlm.nih.gov/32700263/;https://pubmed.ncbi.nlm.nih.gov/28271385/","Complete genome sequence and comparative analysis of two potential probiotics Bacillus subtilis isolated from honey and honeybee microbiomes.; Possible correlation between levansucrase production and probiotic activity of Bacillus sp. isolated from honey and honey bee.","2020;2017","32700263;28271385"
"Sporosarcina cascadiensis","GCF_009650995.1","https://pubmed.ncbi.nlm.nih.gov/38257897/","Phenotypic Characterization and Draft Genome Sequence Analyses of Two Novel Endospore-Forming Sporosarcina spp. Isolated from Canada Goose (Branta canadensis) Feces.","2023","38257897"
"Sporosarcina obsidiansis","GCF_009651005.1","https://pubmed.ncbi.nlm.nih.gov/38257897/","Phenotypic Characterization and Draft Genome Sequence Analyses of Two Novel Endospore-Forming Sporosarcina spp. Isolated from Canada Goose (Branta canadensis) Feces.","2023","38257897"
"Enterococcus faecalis","GCF_009659905.1","https://pubmed.ncbi.nlm.nih.gov/36626742/","Determination of safety status and probiotic properties of Enterococcus strains isolated from traditional cheeses in Turkey.","2023","36626742"
"Lactiplantibacillus plantarum","GCF_009720585.1","https://pubmed.ncbi.nlm.nih.gov/33148942/","4,4'-Diaponeurosporene from Lactobacillus plantarum subsp. plantarum KCCP11226: Low Temperature Stress-Induced Production Enhancement and In Vitro Antioxidant Activity.","2021","33148942"
"Enterococcus faecalis","GCF_009735255.1","https://pubmed.ncbi.nlm.nih.gov/31718570/;https://pubmed.ncbi.nlm.nih.gov/38702495/;https://pubmed.ncbi.nlm.nih.gov/37237745/;https://pubmed.ncbi.nlm.nih.gov/39162453/;https://pubmed.ncbi.nlm.nih.gov/36922364/;https://pubmed.ncbi.nlm.nih.gov/32026493/","Isolation, characterization, and assessment of lactic acid bacteria toward their selection as poultry probiotics.; Enterococcus faecalis: implications for host health.; Enterococcal Phages: Food and Health Applications.; Whole-genome sequencing of Enterococcus faecalis probiotic strains isolated from raw milk of healthy cows.; Probiotic treatment (Enterococcus faecalis) improves symptoms of seasonal allergic rhinitis: A randomized controlled trial.; Gut commensal bacteria show beneficial properties as wildlife probiotics.","2019;2024;2023;2024;2023;2020","31718570;38702495;37237745;39162453;36922364;32026493"
"Lactiplantibacillus plantarum","GCF_009762745.1","https://pubmed.ncbi.nlm.nih.gov/39400899/;https://pubmed.ncbi.nlm.nih.gov/35579444/;https://pubmed.ncbi.nlm.nih.gov/22146685/;https://pubmed.ncbi.nlm.nih.gov/33855669/;https://pubmed.ncbi.nlm.nih.gov/37317208/","Structure of Extracellular Vesicles and Their Effect on Bacterial Biofilms Change with the Development of Antibiotic Resistance in the Probiotic Strain Lactiplantibacillus plantarum 8p-a3.; Development of Resistance to Clarithromycin and Amoxicillin-Clavulanic Acid in Lactiplantibacillus plantarum In Vitro Is Followed by Genomic Rearrangements and Evolution of Virulence.; Structure of plantaricin locus of Lactobacillus plantarum 8P-A3.; A New Approach to Harness Probiotics Against Common Bacterial Skin Pathogens: Towards Living Antimicrobials.; Whole Genome Sequencing of the Novel Probiotic Strain Lactiplantibacillus plantarum FCa3L.","2024;2022;2011;2021;2023","39400899;35579444;22146685;33855669;37317208"
"Bifidobacterium animalis subsp. lactis","GCF_009834975.1","https://pubmed.ncbi.nlm.nih.gov/37962097/","Probiotics for infantile colic: Is there evidence beyond doubt? A meta-analysis and systematic review.","2024","37962097"
"Ligilactobacillus salivarius","GCF_009863365.1","https://pubmed.ncbi.nlm.nih.gov/34683359/","Comparative Genomic Analysis Determines the Functional Genes Related to Bile Salt Resistance in Lactobacillus salivarius.","2021","34683359"
"Ligilactobacillus salivarius","GCF_009863495.1","https://pubmed.ncbi.nlm.nih.gov/34683359/","Comparative Genomic Analysis Determines the Functional Genes Related to Bile Salt Resistance in Lactobacillus salivarius.","2021","34683359"
"Ligilactobacillus salivarius","GCF_009863515.1","https://pubmed.ncbi.nlm.nih.gov/34683359/","Comparative Genomic Analysis Determines the Functional Genes Related to Bile Salt Resistance in Lactobacillus salivarius.","2021","34683359"
"Ligilactobacillus salivarius","GCF_009863555.1","https://pubmed.ncbi.nlm.nih.gov/34683359/","Comparative Genomic Analysis Determines the Functional Genes Related to Bile Salt Resistance in Lactobacillus salivarius.","2021","34683359"
"Ligilactobacillus salivarius","GCF_009863585.1","https://pubmed.ncbi.nlm.nih.gov/34683359/","Comparative Genomic Analysis Determines the Functional Genes Related to Bile Salt Resistance in Lactobacillus salivarius.","2021","34683359"
"Ligilactobacillus salivarius","GCF_009863605.1","https://pubmed.ncbi.nlm.nih.gov/34683359/","Comparative Genomic Analysis Determines the Functional Genes Related to Bile Salt Resistance in Lactobacillus salivarius.","2021","34683359"
"Ligilactobacillus salivarius","GCF_009863625.1","https://pubmed.ncbi.nlm.nih.gov/34683359/","Comparative Genomic Analysis Determines the Functional Genes Related to Bile Salt Resistance in Lactobacillus salivarius.","2021","34683359"
"Ligilactobacillus salivarius","GCF_009863635.1","https://pubmed.ncbi.nlm.nih.gov/34683359/","Comparative Genomic Analysis Determines the Functional Genes Related to Bile Salt Resistance in Lactobacillus salivarius.","2021","34683359"
"Ligilactobacillus salivarius","GCF_009863685.1","https://pubmed.ncbi.nlm.nih.gov/34683359/","Comparative Genomic Analysis Determines the Functional Genes Related to Bile Salt Resistance in Lactobacillus salivarius.","2021","34683359"
"Ligilactobacillus salivarius","GCF_009863695.1","https://pubmed.ncbi.nlm.nih.gov/34683359/","Comparative Genomic Analysis Determines the Functional Genes Related to Bile Salt Resistance in Lactobacillus salivarius.","2021","34683359"
"Ligilactobacillus salivarius","GCF_009863715.1","https://pubmed.ncbi.nlm.nih.gov/34683359/","Comparative Genomic Analysis Determines the Functional Genes Related to Bile Salt Resistance in Lactobacillus salivarius.","2021","34683359"
"Ligilactobacillus salivarius","GCF_009863735.1","https://pubmed.ncbi.nlm.nih.gov/34683359/","Comparative Genomic Analysis Determines the Functional Genes Related to Bile Salt Resistance in Lactobacillus salivarius.","2021","34683359"
"Ligilactobacillus salivarius","GCF_009863815.1","https://pubmed.ncbi.nlm.nih.gov/34683359/","Comparative Genomic Analysis Determines the Functional Genes Related to Bile Salt Resistance in Lactobacillus salivarius.","2021","34683359"
"Ligilactobacillus salivarius","GCF_009865865.1","https://pubmed.ncbi.nlm.nih.gov/34683359/","Comparative Genomic Analysis Determines the Functional Genes Related to Bile Salt Resistance in Lactobacillus salivarius.","2021","34683359"
"Ligilactobacillus salivarius","GCF_009865895.1","https://pubmed.ncbi.nlm.nih.gov/34683359/","Comparative Genomic Analysis Determines the Functional Genes Related to Bile Salt Resistance in Lactobacillus salivarius.","2021","34683359"
"Ligilactobacillus salivarius","GCF_009865905.1","https://pubmed.ncbi.nlm.nih.gov/34683359/","Comparative Genomic Analysis Determines the Functional Genes Related to Bile Salt Resistance in Lactobacillus salivarius.","2021","34683359"
"Ligilactobacillus salivarius","GCF_009865965.1","","","",""
"Ligilactobacillus salivarius","GCF_009865995.1","https://pubmed.ncbi.nlm.nih.gov/34683359/","Comparative Genomic Analysis Determines the Functional Genes Related to Bile Salt Resistance in Lactobacillus salivarius.","2021","34683359"
"Ligilactobacillus salivarius","GCF_009866115.1","https://pubmed.ncbi.nlm.nih.gov/34683359/","Comparative Genomic Analysis Determines the Functional Genes Related to Bile Salt Resistance in Lactobacillus salivarius.","2021","34683359"
"Ligilactobacillus salivarius","GCF_009869985.1","https://pubmed.ncbi.nlm.nih.gov/34683359/","Comparative Genomic Analysis Determines the Functional Genes Related to Bile Salt Resistance in Lactobacillus salivarius.","2021","34683359"
"Ligilactobacillus salivarius","GCF_009870225.1","https://pubmed.ncbi.nlm.nih.gov/34683359/","Comparative Genomic Analysis Determines the Functional Genes Related to Bile Salt Resistance in Lactobacillus salivarius.","2021","34683359"
"Ligilactobacillus salivarius","GCF_009870255.1","https://pubmed.ncbi.nlm.nih.gov/34683359/","Comparative Genomic Analysis Determines the Functional Genes Related to Bile Salt Resistance in Lactobacillus salivarius.","2021","34683359"
"Ligilactobacillus salivarius","GCF_009870285.1","https://pubmed.ncbi.nlm.nih.gov/34683359/","Comparative Genomic Analysis Determines the Functional Genes Related to Bile Salt Resistance in Lactobacillus salivarius.","2021","34683359"
"Ligilactobacillus salivarius","GCF_009870355.1","https://pubmed.ncbi.nlm.nih.gov/34683359/","Comparative Genomic Analysis Determines the Functional Genes Related to Bile Salt Resistance in Lactobacillus salivarius.","2021","34683359"
"Lactococcus lactis subsp. lactis","GCF_009885055.1","https://pubmed.ncbi.nlm.nih.gov/24279824/;https://pubmed.ncbi.nlm.nih.gov/19426265/;https://pubmed.ncbi.nlm.nih.gov/23167818/;https://pubmed.ncbi.nlm.nih.gov/35889055/","Pediococcus acidilactici UL5 and Lactococcus lactis ATCC 11454 are able to survive and express their bacteriocin genes under simulated gastrointestinal conditions.; Molecular and probiotic characterization of bacteriocin-producing Enterococcus faecium strains isolated from nonfermented animal foods.; Growth, acid production and bacteriocin production by probiotic candidates under simulated colonic conditions.; Nisin and Nisin Probiotic Disrupt Oral Pathogenic Biofilms and Restore Their Microbiome Composition towards Healthy Control Levels in a Peri-Implantitis Setting.","2014;2009;2013;2022","24279824;19426265;23167818;35889055"
"Lactiplantibacillus plantarum","GCF_009914805.1","https://pubmed.ncbi.nlm.nih.gov/32430020/","The functional capacity of plantaricin-producing Lactobacillus plantarum SF9C and S-layer-carrying Lactobacillus brevis SF9B to withstand gastrointestinal transit.","2020","32430020"
"Bacillus velezensis","GCF_009996865.1","https://pubmed.ncbi.nlm.nih.gov/36724267/","Phenotypic characterization and genome analysis reveal the probiotic potential of a banyan endophyte Bacillus velezensis K1.","2023","36724267"
"Streptococcus thermophilus","GCF_010120595.1","https://pubmed.ncbi.nlm.nih.gov/42105976/;https://pubmed.ncbi.nlm.nih.gov/22790540/","Paraprobiotics attenuate oxidative stress, dopaminergic neuron loss, and gut microbiome imbalance in an intranasal MPTP rat model of Parkinson's disease.; Antioxidant properties of potentially probiotic bacteria: in vitro and in vivo activities.","2026;2013","42105976;22790540"
"Weissella paramesenteroides","GCF_011009575.1","https://pubmed.ncbi.nlm.nih.gov/37065164/;https://pubmed.ncbi.nlm.nih.gov/39633035/;https://pubmed.ncbi.nlm.nih.gov/31942681/;https://pubmed.ncbi.nlm.nih.gov/34956812/;https://pubmed.ncbi.nlm.nih.gov/42112552/;https://pubmed.ncbi.nlm.nih.gov/32026493/","Comparative genomics of 40 Weissella paramesenteroides strains.; Unlocking Probiotic Potential: Genomic Insights into Weissella paramesenteroides UFTM 2.6.1.; Evaluation of Probiotic Properties and Prebiotic Utilization Potential of Weissella paramesenteroides Isolated From Fruits.; Probiotic potential of Weissella paramesenteroides MYPS5.1 isolated from customary dairy products and its therapeutic application.; Safety Evaluation of Weissella paramesenteroides MW-142 Isolated From Traditional Fermented Mulberry Wine.; Gut commensal bacteria show beneficial properties as wildlife probiotics.","2023;2025;2020;2022;2026;2020","37065164;39633035;31942681;34956812;42112552;32026493"
"Pediococcus pentosaceus","GCF_011009615.1","https://pubmed.ncbi.nlm.nih.gov/42236946/;https://pubmed.ncbi.nlm.nih.gov/38068723/;https://pubmed.ncbi.nlm.nih.gov/38138034/;https://pubmed.ncbi.nlm.nih.gov/32026493/","Commensal-derived acetylcholine enhances mucosal immune education.; Probiotic Pediococcus pentosaceus Li05 Improves Cholestasis through the FXR-SHP and FXR-FGF15 Pathways.; Assessing the Probiotic Effects of Pediococcus pentosaceus CACC616 in Weaned Piglets.; Gut commensal bacteria show beneficial properties as wildlife probiotics.","2026;2023;2023;2020","42236946;38068723;38138034;32026493"
"Weissella paramesenteroides","GCF_011009625.1","https://pubmed.ncbi.nlm.nih.gov/37065164/;https://pubmed.ncbi.nlm.nih.gov/39633035/;https://pubmed.ncbi.nlm.nih.gov/31942681/;https://pubmed.ncbi.nlm.nih.gov/34956812/;https://pubmed.ncbi.nlm.nih.gov/42112552/;https://pubmed.ncbi.nlm.nih.gov/32026493/","Comparative genomics of 40 Weissella paramesenteroides strains.; Unlocking Probiotic Potential: Genomic Insights into Weissella paramesenteroides UFTM 2.6.1.; Evaluation of Probiotic Properties and Prebiotic Utilization Potential of Weissella paramesenteroides Isolated From Fruits.; Probiotic potential of Weissella paramesenteroides MYPS5.1 isolated from customary dairy products and its therapeutic application.; Safety Evaluation of Weissella paramesenteroides MW-142 Isolated From Traditional Fermented Mulberry Wine.; Gut commensal bacteria show beneficial properties as wildlife probiotics.","2023;2025;2020;2022;2026;2020","37065164;39633035;31942681;34956812;42112552;32026493"
"Weissella cibaria","GCF_011009635.1","https://pubmed.ncbi.nlm.nih.gov/40885496/;https://pubmed.ncbi.nlm.nih.gov/38958438/;https://pubmed.ncbi.nlm.nih.gov/40607831/;https://pubmed.ncbi.nlm.nih.gov/37172659/;https://pubmed.ncbi.nlm.nih.gov/36274712/;https://pubmed.ncbi.nlm.nih.gov/32026493/","Weissella cibaria SGW054 alleviates neurodegenerative progression in Proteus mirabilis- and 1-methyl-4-phenyl-1,2,3,6-tetrahydropyridine-induced Parkinson's disease mice by regulating gut microbiota dysbiosis.; Draft genome sequences of Weissella cibaria GM93m3, a promising probiotic strain from raw goat milk.; Weissella cibaria suppresses colitis-associated colorectal cancer by modulating the gut microbiota-bile acid-FXR axis.; Probiotic Weissella cibaria displays antibacterial and anti-biofilm effect against cavity-causing Streptococcus mutans.; Impact of Weissella cibaria BYL4.2 and its supernatants on Penicillium chrysogenum metabolism.; Gut commensal bacteria show beneficial properties as wildlife probiotics.","2025;2024;2025;2023;2022;2020","40885496;38958438;40607831;37172659;36274712;32026493"
"Pediococcus acidilactici","GCF_011009675.1","https://pubmed.ncbi.nlm.nih.gov/41239394/;https://pubmed.ncbi.nlm.nih.gov/35618633/;https://pubmed.ncbi.nlm.nih.gov/31718570/;https://pubmed.ncbi.nlm.nih.gov/40849527/;https://pubmed.ncbi.nlm.nih.gov/37584728/;https://pubmed.ncbi.nlm.nih.gov/32026493/","Pediococcus acidilactici attenuates chronic stress-induced depression via generating metabolite indole-3-lactic acid and downregulating neuroinflammation.; Multi-Probiotics ameliorate Major depressive disorder and accompanying gastrointestinal syndromes via serotonergic system regulation.; Isolation, characterization, and assessment of lactic acid bacteria toward their selection as poultry probiotics.; Pediococcus acidilactici GR-5 alleviates hyperuricemia by degrading purine nucleosides and improving gut microbiota metabolism.; Glucose-lowering effects of a synbiotic combination containing Pediococcus acidilactici in C. elegans and mice.; Gut commensal bacteria show beneficial properties as wildlife probiotics.","2025;2023;2019;2025;2023;2020","41239394;35618633;31718570;40849527;37584728;32026493"
"Pediococcus acidilactici","GCF_011009695.1","https://pubmed.ncbi.nlm.nih.gov/41239394/;https://pubmed.ncbi.nlm.nih.gov/35618633/;https://pubmed.ncbi.nlm.nih.gov/31718570/;https://pubmed.ncbi.nlm.nih.gov/40849527/;https://pubmed.ncbi.nlm.nih.gov/37584728/;https://pubmed.ncbi.nlm.nih.gov/32026493/","Pediococcus acidilactici attenuates chronic stress-induced depression via generating metabolite indole-3-lactic acid and downregulating neuroinflammation.; Multi-Probiotics ameliorate Major depressive disorder and accompanying gastrointestinal syndromes via serotonergic system regulation.; Isolation, characterization, and assessment of lactic acid bacteria toward their selection as poultry probiotics.; Pediococcus acidilactici GR-5 alleviates hyperuricemia by degrading purine nucleosides and improving gut microbiota metabolism.; Glucose-lowering effects of a synbiotic combination containing Pediococcus acidilactici in C. elegans and mice.; Gut commensal bacteria show beneficial properties as wildlife probiotics.","2025;2023;2019;2025;2023;2020","41239394;35618633;31718570;40849527;37584728;32026493"
"Pediococcus acidilactici","GCF_011009715.1","https://pubmed.ncbi.nlm.nih.gov/41239394/;https://pubmed.ncbi.nlm.nih.gov/35618633/;https://pubmed.ncbi.nlm.nih.gov/31718570/;https://pubmed.ncbi.nlm.nih.gov/40849527/;https://pubmed.ncbi.nlm.nih.gov/37584728/","Pediococcus acidilactici attenuates chronic stress-induced depression via generating metabolite indole-3-lactic acid and downregulating neuroinflammation.; Multi-Probiotics ameliorate Major depressive disorder and accompanying gastrointestinal syndromes via serotonergic system regulation.; Isolation, characterization, and assessment of lactic acid bacteria toward their selection as poultry probiotics.; Pediococcus acidilactici GR-5 alleviates hyperuricemia by degrading purine nucleosides and improving gut microbiota metabolism.; Glucose-lowering effects of a synbiotic combination containing Pediococcus acidilactici in C. elegans and mice.","2025;2023;2019;2025;2023","41239394;35618633;31718570;40849527;37584728"
"Lactiplantibacillus plantarum","GCF_011009755.1","https://pubmed.ncbi.nlm.nih.gov/36571922/;https://pubmed.ncbi.nlm.nih.gov/40749709/;https://pubmed.ncbi.nlm.nih.gov/40269965/;https://pubmed.ncbi.nlm.nih.gov/38841895/;https://pubmed.ncbi.nlm.nih.gov/40114208/;https://pubmed.ncbi.nlm.nih.gov/32026493/","A novel approach to Lactiplantibacillus plantarum: From probiotic properties to the omics insights.; Harnessing Lactiplantibacillus plantarum EP21 and its membrane vesicles to inhibit myopia development.; Lactiplantibacillus plantarum -derived extracellular vesicles alleviate acute lung injury by inhibiting ferroptosis of macrophages.; Enhancing social behavior in an autism spectrum disorder mouse model: investigating the underlying mechanisms of Lactiplantibacillus plantarum intervention.; Reducing severity of inflammatory bowel disease through colonization of Lactiplantibacillus plantarum and its extracellular vesicles release.; Gut commensal bacteria show beneficial properties as wildlife probiotics.","2023;2025;2025;2024;2025;2020","36571922;40749709;40269965;38841895;40114208;32026493"
"Limosilactobacillus reuteri","GCF_011009765.1","https://pubmed.ncbi.nlm.nih.gov/39468026/;https://pubmed.ncbi.nlm.nih.gov/41334956/;https://pubmed.ncbi.nlm.nih.gov/39235661/;https://pubmed.ncbi.nlm.nih.gov/39891249/;https://pubmed.ncbi.nlm.nih.gov/32026493/","Galactooligosaccharides and Limosilactobacillus reuteri synergistically alleviate gut inflammation and barrier dysfunction by enriching Bacteroides acidifaciens for pentadecanoic acid biosynthesis.; An update on probiotics in paediatrics.; Intestinal Dysbiosis: Exploring Definition, Associated Symptoms, and Perspectives for a Comprehensive Understanding - a Scoping Review.; Real-world of Limosilactobacillus reuteri in mitigation of acute experimental colitis.; Gut commensal bacteria show beneficial properties as wildlife probiotics.","2024;2026;2025;2025;2020","39468026;41334956;39235661;39891249;32026493"
"Enterococcus faecalis","GCF_011009825.1","https://pubmed.ncbi.nlm.nih.gov/31718570/;https://pubmed.ncbi.nlm.nih.gov/38702495/;https://pubmed.ncbi.nlm.nih.gov/37237745/;https://pubmed.ncbi.nlm.nih.gov/39162453/;https://pubmed.ncbi.nlm.nih.gov/36922364/;https://pubmed.ncbi.nlm.nih.gov/31861080/;https://pubmed.ncbi.nlm.nih.gov/32026493/","Isolation, characterization, and assessment of lactic acid bacteria toward their selection as poultry probiotics.; Enterococcus faecalis: implications for host health.; Enterococcal Phages: Food and Health Applications.; Whole-genome sequencing of Enterococcus faecalis probiotic strains isolated from raw milk of healthy cows.; Probiotic treatment (Enterococcus faecalis) improves symptoms of seasonal allergic rhinitis: A randomized controlled trial.; Fermented Seeds (""Zgougou"") from Aleppo Pine as a Novel Source of Potentially Probiotic Lactic Acid Bacteria.; Gut commensal bacteria show beneficial properties as wildlife probiotics.","2019;2024;2023;2024;2023;2019;2020","31718570;38702495;37237745;39162453;36922364;31861080;32026493"
"Limosilactobacillus reuteri","GCF_011065435.1","https://pubmed.ncbi.nlm.nih.gov/38258024/;https://pubmed.ncbi.nlm.nih.gov/32351460/","The Efficacy of a Mix of Probiotics (Limosilactobacillus reuteri LMG P-27481 and Lacticaseibacillus rhamnosus GG ATCC 53103) in Preventing Antibiotic-Associated Diarrhea and Clostridium difficile Infection in Hospitalized Patients: Single-Center, Open-Label, Randomized Trial.; The Biotherapeutic Potential of Lactobacillus reuteri Characterized Using a Target-Specific Selection Process.","2024;2020","38258024;32351460"
"Enterococcus faecalis","GCF_011193375.1","https://pubmed.ncbi.nlm.nih.gov/38702495/;https://pubmed.ncbi.nlm.nih.gov/39162453/;https://pubmed.ncbi.nlm.nih.gov/36922364/;https://pubmed.ncbi.nlm.nih.gov/36626742/","Enterococcus faecalis: implications for host health.; Whole-genome sequencing of Enterococcus faecalis probiotic strains isolated from raw milk of healthy cows.; Probiotic treatment (Enterococcus faecalis) improves symptoms of seasonal allergic rhinitis: A randomized controlled trial.; Determination of safety status and probiotic properties of Enterococcus strains isolated from traditional cheeses in Turkey.","2024;2024;2023;2023","38702495;39162453;36922364;36626742"
"Lactiplantibacillus plantarum","GCF_011421665.1","https://pubmed.ncbi.nlm.nih.gov/36571922/;https://pubmed.ncbi.nlm.nih.gov/40749709/;https://pubmed.ncbi.nlm.nih.gov/40269965/;https://pubmed.ncbi.nlm.nih.gov/38841895/;https://pubmed.ncbi.nlm.nih.gov/40114208/;https://pubmed.ncbi.nlm.nih.gov/33123156/","A novel approach to Lactiplantibacillus plantarum: From probiotic properties to the omics insights.; Harnessing Lactiplantibacillus plantarum EP21 and its membrane vesicles to inhibit myopia development.; Lactiplantibacillus plantarum -derived extracellular vesicles alleviate acute lung injury by inhibiting ferroptosis of macrophages.; Enhancing social behavior in an autism spectrum disorder mouse model: investigating the underlying mechanisms of Lactiplantibacillus plantarum intervention.; Reducing severity of inflammatory bowel disease through colonization of Lactiplantibacillus plantarum and its extracellular vesicles release.; Lactobacillus plantarum L15 Alleviates Colitis by Inhibiting LPS-Mediated NF-κB Activation and Ameliorates DSS-Induced Gut Microbiota Dysbiosis.","2023;2025;2025;2024;2025;2020","36571922;40749709;40269965;38841895;40114208;33123156"
"Pediococcus acidilactici","GCF_011604585.1","","","",""
"Bacillus subtilis","GCF_012029855.1","https://pubmed.ncbi.nlm.nih.gov/36269141/;https://pubmed.ncbi.nlm.nih.gov/40344311/;https://pubmed.ncbi.nlm.nih.gov/41125718/;https://pubmed.ncbi.nlm.nih.gov/39718437/;https://pubmed.ncbi.nlm.nih.gov/30913972/;https://pubmed.ncbi.nlm.nih.gov/34679216/","The probiotic Bacillus subtilis BS50 decreases gastrointestinal symptoms in healthy adults: a randomized, double-blind, placebo-controlled trial.; Colonic Submucosa Targeted Delivery of Probiotic and Rhein for Ulcerative Colitis Treatment.; Bacillus subtilis TO-A suppresses the age-related decline in locomotion in Caenorhabditis elegans.; Bacillus subtilis Intraspecies Interactions Shape Probiotic Activity Against Salmonella Typhimurium.; Probiotics to prevent Staphylococcus aureus disease?; In vitro and in vivo activity of new strains of Bacillus subtilis against ESBL-producing Escherichia coli: an experimental study.","2022;2025;2025;2024;2020;2022","36269141;40344311;41125718;39718437;30913972;34679216"
"Bacillus subtilis","GCF_012030395.1","https://pubmed.ncbi.nlm.nih.gov/30913972/;https://pubmed.ncbi.nlm.nih.gov/34679216/","Probiotics to prevent Staphylococcus aureus disease?; In vitro and in vivo activity of new strains of Bacillus subtilis against ESBL-producing Escherichia coli: an experimental study.","2020;2022","30913972;34679216"
"Limosilactobacillus fermentum","GCF_012070625.1","https://pubmed.ncbi.nlm.nih.gov/33764849/;https://pubmed.ncbi.nlm.nih.gov/40028723/;https://pubmed.ncbi.nlm.nih.gov/41254951/;https://pubmed.ncbi.nlm.nih.gov/39242568/;https://pubmed.ncbi.nlm.nih.gov/33801082/","Limosilactobacillus fermentum JL-3 isolated from ""Jiangshui"" ameliorates hyperuricemia by degrading uric acid.; Extracellular vesicles of Limosilactobacillus fermentum SLAM216 ameliorate skin symptoms of atopic dermatitis by regulating gut microbiome on serotonin metabolism.; The probiotic Limosilactobacillus fermentum CECT5716 enhances the antihypertensive response to hydrochlorothiazide in spontaneously hypertensive rats.; A probiotic Limosilactobacillus fermentum GR-3 mitigates colitis-associated tumorigenesis in mice via modulating gut microbiome.; Limosilactobacillus fermentum CECT5716: Mechanisms and Therapeutic Insights.","2021;2025;2025;2024;2021","33764849;40028723;41254951;39242568;33801082"
"Lactiplantibacillus plantarum","GCF_012070635.1","https://pubmed.ncbi.nlm.nih.gov/36571922/;https://pubmed.ncbi.nlm.nih.gov/40749709/;https://pubmed.ncbi.nlm.nih.gov/40269965/;https://pubmed.ncbi.nlm.nih.gov/38841895/;https://pubmed.ncbi.nlm.nih.gov/40114208/;https://pubmed.ncbi.nlm.nih.gov/33123156/;https://pubmed.ncbi.nlm.nih.gov/35979483/","A novel approach to Lactiplantibacillus plantarum: From probiotic properties to the omics insights.; Harnessing Lactiplantibacillus plantarum EP21 and its membrane vesicles to inhibit myopia development.; Lactiplantibacillus plantarum -derived extracellular vesicles alleviate acute lung injury by inhibiting ferroptosis of macrophages.; Enhancing social behavior in an autism spectrum disorder mouse model: investigating the underlying mechanisms of Lactiplantibacillus plantarum intervention.; Reducing severity of inflammatory bowel disease through colonization of Lactiplantibacillus plantarum and its extracellular vesicles release.; Lactobacillus plantarum L15 Alleviates Colitis by Inhibiting LPS-Mediated NF-κB Activation and Ameliorates DSS-Induced Gut Microbiota Dysbiosis.; Screening and evaluation of lactic acid bacteria with probiotic potential from local Holstein raw milk.","2023;2025;2025;2024;2025;2020;2022","36571922;40749709;40269965;38841895;40114208;33123156;35979483"
"Heyndrickxia coagulans","GCF_012910695.1","https://pubmed.ncbi.nlm.nih.gov/38274758/","In vitro safety and functional characterization of the novel Bacillus coagulans strain CGI314.","2023","38274758"
"Escherichia coli","GCF_012978105.1","https://pubmed.ncbi.nlm.nih.gov/35232591/;https://pubmed.ncbi.nlm.nih.gov/32752183/;https://pubmed.ncbi.nlm.nih.gov/41813901/;https://pubmed.ncbi.nlm.nih.gov/41017573/;https://pubmed.ncbi.nlm.nih.gov/39122688/;https://pubmed.ncbi.nlm.nih.gov/36013976/","Emerging strategies for engineering Escherichia coli Nissle 1917-based therapeutics.; Cranberry Polyphenols and Prevention against Urinary Tract Infections: Relevant Considerations.; Natural maternal immunity protects neonates from Escherichia coli sepsis.; An Inflammation-Targeting Engineered Probiotic Escherichia coli Nissle 1917 with High Anti-TNF-α Nanobody Secretion Efficacy Alleviates Ulcerative Colitis.; Engineered probiotic Escherichia coli elicits immediate and long-term protection against influenza A virus in mice.; Bacteriocin-Producing Escherichia coli Isolated from the Gastrointestinal Tract of Farm Animals: Prevalence, Molecular Characterization and Potential for Application.","2022;2020;2026;2025;2024;2022","35232591;32752183;41813901;41017573;39122688;36013976"
"Bacillus paranthracis","GCF_013133865.1","https://pubmed.ncbi.nlm.nih.gov/36018495/;https://pubmed.ncbi.nlm.nih.gov/37446403/;https://pubmed.ncbi.nlm.nih.gov/21315976/;https://pubmed.ncbi.nlm.nih.gov/34620036/;https://pubmed.ncbi.nlm.nih.gov/10473456/;https://pubmed.ncbi.nlm.nih.gov/34858466/","Bacillus clausii for Gastrointestinal Disorders: A Narrative Literature Review.; Transforming Psoriasis Care: Probiotics and Prebiotics as Novel Therapeutic Approaches.; Bacillus probiotics.; Bacillus spore-forming probiotics: benefits with concerns?; Characterization of two Bacillus probiotics.; Genome In Silico and In Vitro Analysis of the Probiotic Properties of a Bacterial Endophyte, Bacillus Paranthracis Strain MHSD3.","2022;2023;2011;2022;1999;2021","36018495;37446403;21315976;34620036;10473456;34858466"
"Lacticaseibacillus rhamnosus","GCF_013167115.1","https://pubmed.ncbi.nlm.nih.gov/18634896/","Probiotic properties of lactic acid bacteria isolated from stool samples of longevous people in regions of Hotan, Xinjiang and Bama, Guangxi, China.","2008","18634896"
"Escherichia coli O157:H7","GCF_013168075.1","https://pubmed.ncbi.nlm.nih.gov/35232591/;https://pubmed.ncbi.nlm.nih.gov/32752183/;https://pubmed.ncbi.nlm.nih.gov/41813901/;https://pubmed.ncbi.nlm.nih.gov/41017573/;https://pubmed.ncbi.nlm.nih.gov/39122688/;https://pubmed.ncbi.nlm.nih.gov/15033269/;https://pubmed.ncbi.nlm.nih.gov/20416680/","Emerging strategies for engineering Escherichia coli Nissle 1917-based therapeutics.; Cranberry Polyphenols and Prevention against Urinary Tract Infections: Relevant Considerations.; Natural maternal immunity protects neonates from Escherichia coli sepsis.; An Inflammation-Targeting Engineered Probiotic Escherichia coli Nissle 1917 with High Anti-TNF-α Nanobody Secretion Efficacy Alleviates Ulcerative Colitis.; Engineered probiotic Escherichia coli elicits immediate and long-term protection against influenza A virus in mice.; In vitro inhibition of Escherichia coli O157:H7 by bifidobacterial strains of human origin.; Safety and functional aspects of pre-selected lactobacilli for probiotic use in Iberian dry-fermented sausages.","2022;2020;2026;2025;2024;2004;2009","35232591;32752183;41813901;41017573;39122688;15033269;20416680"
"Lactiplantibacillus plantarum subsp. plantarum","GCF_013256965.1","https://pubmed.ncbi.nlm.nih.gov/36571922/;https://pubmed.ncbi.nlm.nih.gov/40749709/;https://pubmed.ncbi.nlm.nih.gov/40269965/;https://pubmed.ncbi.nlm.nih.gov/38841895/;https://pubmed.ncbi.nlm.nih.gov/40114208/;https://pubmed.ncbi.nlm.nih.gov/22350936/","A novel approach to Lactiplantibacillus plantarum: From probiotic properties to the omics insights.; Harnessing Lactiplantibacillus plantarum EP21 and its membrane vesicles to inhibit myopia development.; Lactiplantibacillus plantarum -derived extracellular vesicles alleviate acute lung injury by inhibiting ferroptosis of macrophages.; Enhancing social behavior in an autism spectrum disorder mouse model: investigating the underlying mechanisms of Lactiplantibacillus plantarum intervention.; Reducing severity of inflammatory bowel disease through colonization of Lactiplantibacillus plantarum and its extracellular vesicles release.; Newly isolated lactic acid bacteria with probiotic features for potential application in food industry.","2023;2025;2025;2024;2025;2012","36571922;40749709;40269965;38841895;40114208;22350936"
"Limosilactobacillus reuteri","GCF_013348825.1","https://pubmed.ncbi.nlm.nih.gov/33452304/","Lactobacillus reuteri AN417 cell-free culture supernatant as a novel antibacterial agent targeting oral pathogenic bacteria.","2021","33452304"
"Bacillus velezensis","GCF_013369475.1","https://pubmed.ncbi.nlm.nih.gov/33094436/","Genomic and phenotypic characterization of Bacillus velezensis AMB-y1; a potential probiotic to control pathogens in aquaculture.","2020","33094436"
"Pediococcus acidilactici","GCF_013375165.1","https://pubmed.ncbi.nlm.nih.gov/34668141/","Genomic and Phenotypic Evaluation of Potential Probiotic Pediococcus Strains with Hypocholesterolemic Effect Isolated from Traditional Fermented Food.","2022","34668141"
"Limosilactobacillus fermentum","GCF_013394085.1","https://pubmed.ncbi.nlm.nih.gov/34659181/","Limosilactobacillus fermentum MG7011: An Amylase and Phytase Producing Starter for the Preparation of Rice-Based Probiotic Beverages.","2021","34659181"
"Ligilactobacillus salivarius","GCF_013401855.1","https://pubmed.ncbi.nlm.nih.gov/37958756/;https://pubmed.ncbi.nlm.nih.gov/33114778/;https://pubmed.ncbi.nlm.nih.gov/33363529/","Immunobiotic Ligilactobacillus salivarius FFIG58 Confers Long-Term Protection against Streptococcus pneumoniae.; Selection of Immunobiotic Ligilactobacillus salivarius Strains from the Intestinal Tract of Wakame-Fed Pigs: Functional and Genomic Studies.; Functional and Genomic Characterization of Ligilactobacillus salivarius TUCO-L2 Isolated From Lama glama Milk: A Promising Immunobiotic Strain to Combat Infections.","2023;2020;2020","37958756;33114778;33363529"
"Ligilactobacillus salivarius","GCF_013401895.1","https://pubmed.ncbi.nlm.nih.gov/33114778/","Selection of Immunobiotic Ligilactobacillus salivarius Strains from the Intestinal Tract of Wakame-Fed Pigs: Functional and Genomic Studies.","2020","33114778"
"Ligilactobacillus salivarius","GCF_013401955.1","https://pubmed.ncbi.nlm.nih.gov/33114778/","Selection of Immunobiotic Ligilactobacillus salivarius Strains from the Intestinal Tract of Wakame-Fed Pigs: Functional and Genomic Studies.","2020","33114778"
"Ligilactobacillus salivarius","GCF_013401965.1","https://pubmed.ncbi.nlm.nih.gov/33114778/","Selection of Immunobiotic Ligilactobacillus salivarius Strains from the Intestinal Tract of Wakame-Fed Pigs: Functional and Genomic Studies.","2020","33114778"
"Ligilactobacillus salivarius","GCF_013402005.1","https://pubmed.ncbi.nlm.nih.gov/33114778/","Selection of Immunobiotic Ligilactobacillus salivarius Strains from the Intestinal Tract of Wakame-Fed Pigs: Functional and Genomic Studies.","2020","33114778"
"Escherichia coli","GCF_013606925.1","https://pubmed.ncbi.nlm.nih.gov/35232591/;https://pubmed.ncbi.nlm.nih.gov/32752183/;https://pubmed.ncbi.nlm.nih.gov/41813901/;https://pubmed.ncbi.nlm.nih.gov/41017573/;https://pubmed.ncbi.nlm.nih.gov/39122688/;https://pubmed.ncbi.nlm.nih.gov/36013976/","Emerging strategies for engineering Escherichia coli Nissle 1917-based therapeutics.; Cranberry Polyphenols and Prevention against Urinary Tract Infections: Relevant Considerations.; Natural maternal immunity protects neonates from Escherichia coli sepsis.; An Inflammation-Targeting Engineered Probiotic Escherichia coli Nissle 1917 with High Anti-TNF-α Nanobody Secretion Efficacy Alleviates Ulcerative Colitis.; Engineered probiotic Escherichia coli elicits immediate and long-term protection against influenza A virus in mice.; Bacteriocin-Producing Escherichia coli Isolated from the Gastrointestinal Tract of Farm Animals: Prevalence, Molecular Characterization and Potential for Application.","2022;2020;2026;2025;2024;2022","35232591;32752183;41813901;41017573;39122688;36013976"
"Escherichia coli","GCF_013607045.1","https://pubmed.ncbi.nlm.nih.gov/35232591/;https://pubmed.ncbi.nlm.nih.gov/32752183/;https://pubmed.ncbi.nlm.nih.gov/41813901/;https://pubmed.ncbi.nlm.nih.gov/41017573/;https://pubmed.ncbi.nlm.nih.gov/39122688/;https://pubmed.ncbi.nlm.nih.gov/36013976/","Emerging strategies for engineering Escherichia coli Nissle 1917-based therapeutics.; Cranberry Polyphenols and Prevention against Urinary Tract Infections: Relevant Considerations.; Natural maternal immunity protects neonates from Escherichia coli sepsis.; An Inflammation-Targeting Engineered Probiotic Escherichia coli Nissle 1917 with High Anti-TNF-α Nanobody Secretion Efficacy Alleviates Ulcerative Colitis.; Engineered probiotic Escherichia coli elicits immediate and long-term protection against influenza A virus in mice.; Bacteriocin-Producing Escherichia coli Isolated from the Gastrointestinal Tract of Farm Animals: Prevalence, Molecular Characterization and Potential for Application.","2022;2020;2026;2025;2024;2022","35232591;32752183;41813901;41017573;39122688;36013976"
"Escherichia coli","GCF_013607255.1","https://pubmed.ncbi.nlm.nih.gov/35232591/;https://pubmed.ncbi.nlm.nih.gov/32752183/;https://pubmed.ncbi.nlm.nih.gov/41813901/;https://pubmed.ncbi.nlm.nih.gov/41017573/;https://pubmed.ncbi.nlm.nih.gov/39122688/;https://pubmed.ncbi.nlm.nih.gov/36013976/","Emerging strategies for engineering Escherichia coli Nissle 1917-based therapeutics.; Cranberry Polyphenols and Prevention against Urinary Tract Infections: Relevant Considerations.; Natural maternal immunity protects neonates from Escherichia coli sepsis.; An Inflammation-Targeting Engineered Probiotic Escherichia coli Nissle 1917 with High Anti-TNF-α Nanobody Secretion Efficacy Alleviates Ulcerative Colitis.; Engineered probiotic Escherichia coli elicits immediate and long-term protection against influenza A virus in mice.; Bacteriocin-Producing Escherichia coli Isolated from the Gastrointestinal Tract of Farm Animals: Prevalence, Molecular Characterization and Potential for Application.","2022;2020;2026;2025;2024;2022","35232591;32752183;41813901;41017573;39122688;36013976"
"Bacillus subtilis subsp. subtilis","GCF_013867545.1","https://pubmed.ncbi.nlm.nih.gov/40344311/;https://pubmed.ncbi.nlm.nih.gov/41125718/;https://pubmed.ncbi.nlm.nih.gov/30913972/;https://pubmed.ncbi.nlm.nih.gov/34679216/;https://pubmed.ncbi.nlm.nih.gov/37439954/","Colonic Submucosa Targeted Delivery of Probiotic and Rhein for Ulcerative Colitis Treatment.; Bacillus subtilis TO-A suppresses the age-related decline in locomotion in Caenorhabditis elegans.; Probiotics to prevent Staphylococcus aureus disease?; In vitro and in vivo activity of new strains of Bacillus subtilis against ESBL-producing Escherichia coli: an experimental study.; L-Alanine promotes anti-infectious properties of Bacillus subtilis S-2 spores via the germination receptor gerAA.","2025;2025;2020;2022;2024","40344311;41125718;30913972;34679216;37439954"
"Weissella cibaria","GCF_014061105.1","https://pubmed.ncbi.nlm.nih.gov/34946039/;https://pubmed.ncbi.nlm.nih.gov/36911327/;https://pubmed.ncbi.nlm.nih.gov/37317327/","Immunostimulatory Activity of Synbiotics Using Lactococcus lactis SG-030 and Glucooligosaccharides from Weissella cibaria YRK005.; Genome analysis revealed a repertoire of oligosaccharide utilizing CAZymes in Weissella confusa CCK931 and Weissella cibaria YRK005.; Synergistic Immunostimulatory Activities of Probiotic Strains, Leuconostoc lactis and Weissella cibaria, and the Prebiotic Oligosaccharides They Produce.","2021;2023;2023","34946039;36911327;37317327"
"Lactiplantibacillus plantarum","GCF_014131735.1","https://pubmed.ncbi.nlm.nih.gov/35121802/;https://pubmed.ncbi.nlm.nih.gov/37110510/","Isolation, characterization and comparative genomics of potentially probiotic Lactiplantibacillus plantarum strains from Indian foods.; In Vitro Probiotic Properties and In Vivo Anti-Ageing Effects of Lactoplantibacillus plantarum PFA2018AU Strain Isolated from Carrots on Caenorhabditis elegans.","2022;2023","35121802;37110510"
"Bacteroides thetaiotaomicron","GCF_014131755.1","","","",""
"Clostridium tyrobutyricum","GCF_014170115.1","https://pubmed.ncbi.nlm.nih.gov/35783414/","Functional Characterization of Clostridium tyrobutyricum L319: A Promising Next-Generation Probiotic for Short-Chain Fatty Acid Production.","2022","35783414"
"Lactobacillus gasseri","GCF_014654855.1","https://pubmed.ncbi.nlm.nih.gov/33919838/","Probiotic and Metabolic Characterization of Vaginal Lactobacilli for a Potential Use in Functional Foods.","2021","33919838"
"Lactobacillus crispatus","GCF_014654865.1","https://pubmed.ncbi.nlm.nih.gov/26572459/;https://pubmed.ncbi.nlm.nih.gov/33919838/","Association of Lactobacillus crispatus with fructo-oligosaccharides and ascorbic acid in hydroxypropyl methylcellulose vaginal insert.; Probiotic and Metabolic Characterization of Vaginal Lactobacilli for a Potential Use in Functional Foods.","2016;2021","26572459;33919838"
"Weissella koreensis","GCF_014672875.1","https://pubmed.ncbi.nlm.nih.gov/39554831/;https://pubmed.ncbi.nlm.nih.gov/25839996/;https://pubmed.ncbi.nlm.nih.gov/32751267/","Interconnection of the Gut-Skin Axis in NC/Nga Mouse with Atopic Dermatitis: Effects of the Three Types of Bifidobacterium bifidum CBT-BF3 (Probiotics, Postbiotics, and Cytosine-Phosphate-Guanine Oligodeoxynucleotide) on T Cell Differentiation and Gut Microbiota.; Determining the probiotic potential of cholesterol-reducing Lactobacillus and Weissella strains isolated from gherkins (fermented cucumber) and south Indian fermented koozh.; Characterization of Weissella koreensis SK Isolated from Kimchi Fermented at Low Temperature (around 0 °C) Based on Complete Genome Sequence and Corresponding Phenotype.","2024;2015;2020","39554831;25839996;32751267"
"Lacticaseibacillus paracasei","GCF_014905015.1","https://pubmed.ncbi.nlm.nih.gov/34683462/","In-Vitro Characterization of Growth Inhibition against the Gut Pathogen of Potentially Probiotic Lactic Acid Bacteria Strains Isolated from Fermented Products.","2021","34683462"
"Lentilactobacillus parabuchneri","GCF_014905035.1","https://pubmed.ncbi.nlm.nih.gov/34683462/","In-Vitro Characterization of Growth Inhibition against the Gut Pathogen of Potentially Probiotic Lactic Acid Bacteria Strains Isolated from Fermented Products.","2021","34683462"
"Levilactobacillus brevis","GCF_014905055.1","https://pubmed.ncbi.nlm.nih.gov/38179912/;https://pubmed.ncbi.nlm.nih.gov/34683462/","Complete genome sequence of Levilactobacillus brevis NSMJ23, makgeolli isolate with antimicrobial activity.; In-Vitro Characterization of Growth Inhibition against the Gut Pathogen of Potentially Probiotic Lactic Acid Bacteria Strains Isolated from Fermented Products.","2024;2021","38179912;34683462"
"Lacticaseibacillus paracasei","GCF_014905075.1","https://pubmed.ncbi.nlm.nih.gov/34683462/","In-Vitro Characterization of Growth Inhibition against the Gut Pathogen of Potentially Probiotic Lactic Acid Bacteria Strains Isolated from Fermented Products.","2021","34683462"
"Enterococcus faecium","GCF_015071015.1","https://pubmed.ncbi.nlm.nih.gov/37292348/","Genome sequencing of Enterococcus faecium NT04, an oral microbiota revealed the production of enterocin A/B active against oral pathogens.","2023","37292348"
"Ligilactobacillus salivarius","GCF_015159735.1","https://pubmed.ncbi.nlm.nih.gov/33694215/","In vitro evaluation of anticancer effects of different probiotic strains on HCT-116 cell line.","2021","33694215"
"Limosilactobacillus fermentum","GCF_015160755.1","https://pubmed.ncbi.nlm.nih.gov/33694215/","In vitro evaluation of anticancer effects of different probiotic strains on HCT-116 cell line.","2021","33694215"
"Enterococcus faecalis","GCF_015221395.1","https://pubmed.ncbi.nlm.nih.gov/31718570/;https://pubmed.ncbi.nlm.nih.gov/38702495/;https://pubmed.ncbi.nlm.nih.gov/37237745/;https://pubmed.ncbi.nlm.nih.gov/39162453/;https://pubmed.ncbi.nlm.nih.gov/36922364/;https://pubmed.ncbi.nlm.nih.gov/20140723/","Isolation, characterization, and assessment of lactic acid bacteria toward their selection as poultry probiotics.; Enterococcus faecalis: implications for host health.; Enterococcal Phages: Food and Health Applications.; Whole-genome sequencing of Enterococcus faecalis probiotic strains isolated from raw milk of healthy cows.; Probiotic treatment (Enterococcus faecalis) improves symptoms of seasonal allergic rhinitis: A randomized controlled trial.; Enterococci from piglets--probiotic properties and responsiveness to natural antibacterial substances.","2019;2024;2023;2024;2023;2009","31718570;38702495;37237745;39162453;36922364;20140723"
"Lacticaseibacillus rhamnosus GG","GCF_015238575.1","https://pubmed.ncbi.nlm.nih.gov/10196761/;https://pubmed.ncbi.nlm.nih.gov/10198338/;https://pubmed.ncbi.nlm.nih.gov/10436921/;https://pubmed.ncbi.nlm.nih.gov/10543777/;https://pubmed.ncbi.nlm.nih.gov/10886621/;https://pubmed.ncbi.nlm.nih.gov/11014524/;https://pubmed.ncbi.nlm.nih.gov/11164299/;https://pubmed.ncbi.nlm.nih.gov/11252493/;https://pubmed.ncbi.nlm.nih.gov/11518430/;https://pubmed.ncbi.nlm.nih.gov/12488075/;https://pubmed.ncbi.nlm.nih.gov/12672593/;https://pubmed.ncbi.nlm.nih.gov/12969498/;https://pubmed.ncbi.nlm.nih.gov/15590097/;https://pubmed.ncbi.nlm.nih.gov/15681631/;https://pubmed.ncbi.nlm.nih.gov/15727832/;https://pubmed.ncbi.nlm.nih.gov/15748990/;https://pubmed.ncbi.nlm.nih.gov/15933002/;https://pubmed.ncbi.nlm.nih.gov/15948242/;https://pubmed.ncbi.nlm.nih.gov/15987860/;https://pubmed.ncbi.nlm.nih.gov/16076509/;https://pubmed.ncbi.nlm.nih.gov/16125909/;https://pubmed.ncbi.nlm.nih.gov/16204515/;https://pubmed.ncbi.nlm.nih.gov/16266797/;https://pubmed.ncbi.nlm.nih.gov/16306130/;https://pubmed.ncbi.nlm.nih.gov/16684107/;https://pubmed.ncbi.nlm.nih.gov/16696680/;https://pubmed.ncbi.nlm.nih.gov/16768842/;https://pubmed.ncbi.nlm.nih.gov/16772550/;https://pubmed.ncbi.nlm.nih.gov/16922933/;https://pubmed.ncbi.nlm.nih.gov/16924934/;https://pubmed.ncbi.nlm.nih.gov/17009396/;https://pubmed.ncbi.nlm.nih.gov/17136367/;https://pubmed.ncbi.nlm.nih.gov/17185558/;https://pubmed.ncbi.nlm.nih.gov/17234293/;https://pubmed.ncbi.nlm.nih.gov/17265871/;https://pubmed.ncbi.nlm.nih.gov/17434999/;https://pubmed.ncbi.nlm.nih.gov/17597654/;https://pubmed.ncbi.nlm.nih.gov/17657533/;https://pubmed.ncbi.nlm.nih.gov/17714399/;https://pubmed.ncbi.nlm.nih.gov/17714400/;https://pubmed.ncbi.nlm.nih.gov/17922827/;https://pubmed.ncbi.nlm.nih.gov/17995611/;https://pubmed.ncbi.nlm.nih.gov/18074177/;https://pubmed.ncbi.nlm.nih.gov/18248372/;https://pubmed.ncbi.nlm.nih.gov/18300344/;https://pubmed.ncbi.nlm.nih.gov/18539797/;https://pubmed.ncbi.nlm.nih.gov/18582334/;https://pubmed.ncbi.nlm.nih.gov/18625909/;https://pubmed.ncbi.nlm.nih.gov/18641972/;https://pubmed.ncbi.nlm.nih.gov/18810777/;https://pubmed.ncbi.nlm.nih.gov/19187508/;https://pubmed.ncbi.nlm.nih.gov/19281529/;https://pubmed.ncbi.nlm.nih.gov/19309013/;https://pubmed.ncbi.nlm.nih.gov/19346339/;https://pubmed.ncbi.nlm.nih.gov/19365593/;https://pubmed.ncbi.nlm.nih.gov/19589170/;https://pubmed.ncbi.nlm.nih.gov/19725886/;https://pubmed.ncbi.nlm.nih.gov/19748697/;https://pubmed.ncbi.nlm.nih.gov/19756155/;https://pubmed.ncbi.nlm.nih.gov/19805152/;https://pubmed.ncbi.nlm.nih.gov/19949794/;https://pubmed.ncbi.nlm.nih.gov/20016677/;https://pubmed.ncbi.nlm.nih.gov/20059670/;https://pubmed.ncbi.nlm.nih.gov/20070917/;https://pubmed.ncbi.nlm.nih.gov/20106541/;https://pubmed.ncbi.nlm.nih.gov/20373994/;https://pubmed.ncbi.nlm.nih.gov/20482623/;https://pubmed.ncbi.nlm.nih.gov/20600855/;https://pubmed.ncbi.nlm.nih.gov/20622495/;https://pubmed.ncbi.nlm.nih.gov/20656777/;https://pubmed.ncbi.nlm.nih.gov/20696472/;https://pubmed.ncbi.nlm.nih.gov/20810182/;https://pubmed.ncbi.nlm.nih.gov/20835828/;https://pubmed.ncbi.nlm.nih.gov/21169430/;https://pubmed.ncbi.nlm.nih.gov/21215484/;https://pubmed.ncbi.nlm.nih.gov/21251174/;https://pubmed.ncbi.nlm.nih.gov/21276627/;https://pubmed.ncbi.nlm.nih.gov/21306197/;https://pubmed.ncbi.nlm.nih.gov/21375696/;https://pubmed.ncbi.nlm.nih.gov/21385950/;https://pubmed.ncbi.nlm.nih.gov/21390145/;https://pubmed.ncbi.nlm.nih.gov/21466951/;https://pubmed.ncbi.nlm.nih.gov/21545585/;https://pubmed.ncbi.nlm.nih.gov/21652104/;https://pubmed.ncbi.nlm.nih.gov/21858054/;https://pubmed.ncbi.nlm.nih.gov/21889358/;https://pubmed.ncbi.nlm.nih.gov/22003027/;https://pubmed.ncbi.nlm.nih.gov/22020518/;https://pubmed.ncbi.nlm.nih.gov/22054064/;https://pubmed.ncbi.nlm.nih.gov/22177712/;https://pubmed.ncbi.nlm.nih.gov/22188552/;https://pubmed.ncbi.nlm.nih.gov/22200451/;https://pubmed.ncbi.nlm.nih.gov/22526145/;https://pubmed.ncbi.nlm.nih.gov/23361971/;https://pubmed.ncbi.nlm.nih.gov/23443951/;https://pubmed.ncbi.nlm.nih.gov/23531039/;https://pubmed.ncbi.nlm.nih.gov/23561014/;https://pubmed.ncbi.nlm.nih.gov/23586634/;https://pubmed.ncbi.nlm.nih.gov/23663754/;https://pubmed.ncbi.nlm.nih.gov/23664349/;https://pubmed.ncbi.nlm.nih.gov/23764216/;https://pubmed.ncbi.nlm.nih.gov/25046742/;https://pubmed.ncbi.nlm.nih.gov/25488261/;https://pubmed.ncbi.nlm.nih.gov/31832842/;https://pubmed.ncbi.nlm.nih.gov/31834968/;https://pubmed.ncbi.nlm.nih.gov/31906055/;https://pubmed.ncbi.nlm.nih.gov/31924618/;https://pubmed.ncbi.nlm.nih.gov/31998245/;https://pubmed.ncbi.nlm.nih.gov/32019075/;https://pubmed.ncbi.nlm.nih.gov/32113772/;https://pubmed.ncbi.nlm.nih.gov/32238771/;https://pubmed.ncbi.nlm.nih.gov/32403297/;https://pubmed.ncbi.nlm.nih.gov/32439543/;https://pubmed.ncbi.nlm.nih.gov/32568317/;https://pubmed.ncbi.nlm.nih.gov/32753308/;https://pubmed.ncbi.nlm.nih.gov/32758520/;https://pubmed.ncbi.nlm.nih.gov/32779289/;https://pubmed.ncbi.nlm.nih.gov/32782740/;https://pubmed.ncbi.nlm.nih.gov/32808141/;https://pubmed.ncbi.nlm.nih.gov/32825754/;https://pubmed.ncbi.nlm.nih.gov/32831844/;https://pubmed.ncbi.nlm.nih.gov/32835777/;https://pubmed.ncbi.nlm.nih.gov/32850839/;https://pubmed.ncbi.nlm.nih.gov/32918643/;https://pubmed.ncbi.nlm.nih.gov/32988256/;https://pubmed.ncbi.nlm.nih.gov/33013748/;https://pubmed.ncbi.nlm.nih.gov/33084369/;https://pubmed.ncbi.nlm.nih.gov/33085038/;https://pubmed.ncbi.nlm.nih.gov/33113800/;https://pubmed.ncbi.nlm.nih.gov/33188637/;https://pubmed.ncbi.nlm.nih.gov/33193258/;https://pubmed.ncbi.nlm.nih.gov/33242049/;https://pubmed.ncbi.nlm.nih.gov/33282294/;https://pubmed.ncbi.nlm.nih.gov/33282440/;https://pubmed.ncbi.nlm.nih.gov/33450875/;https://pubmed.ncbi.nlm.nih.gov/33454530/;https://pubmed.ncbi.nlm.nih.gov/33552621/;https://pubmed.ncbi.nlm.nih.gov/33924561/;https://pubmed.ncbi.nlm.nih.gov/33961206/;https://pubmed.ncbi.nlm.nih.gov/34365895/;https://pubmed.ncbi.nlm.nih.gov/34401061/;https://pubmed.ncbi.nlm.nih.gov/34458959/;https://pubmed.ncbi.nlm.nih.gov/34581832/;https://pubmed.ncbi.nlm.nih.gov/34613788/;https://pubmed.ncbi.nlm.nih.gov/34659181/;https://pubmed.ncbi.nlm.nih.gov/34664577/;https://pubmed.ncbi.nlm.nih.gov/34665429/;https://pubmed.ncbi.nlm.nih.gov/34668141/;https://pubmed.ncbi.nlm.nih.gov/34675145/;https://pubmed.ncbi.nlm.nih.gov/34681324/;https://pubmed.ncbi.nlm.nih.gov/34683462/;https://pubmed.ncbi.nlm.nih.gov/34750285/;https://pubmed.ncbi.nlm.nih.gov/34764945/;https://pubmed.ncbi.nlm.nih.gov/34829947/;https://pubmed.ncbi.nlm.nih.gov/34835374/;https://pubmed.ncbi.nlm.nih.gov/34835416/;https://pubmed.ncbi.nlm.nih.gov/34899643/;https://pubmed.ncbi.nlm.nih.gov/34965174/;https://pubmed.ncbi.nlm.nih.gov/34970251/;https://pubmed.ncbi.nlm.nih.gov/34975786/;https://pubmed.ncbi.nlm.nih.gov/35000110/;https://pubmed.ncbi.nlm.nih.gov/35031967/;https://pubmed.ncbi.nlm.nih.gov/35069490/;https://pubmed.ncbi.nlm.nih.gov/35095783/;https://pubmed.ncbi.nlm.nih.gov/35121802/;https://pubmed.ncbi.nlm.nih.gov/35794494/;https://pubmed.ncbi.nlm.nih.gov/35876583/;https://pubmed.ncbi.nlm.nih.gov/36178579/;https://pubmed.ncbi.nlm.nih.gov/36411410/;https://pubmed.ncbi.nlm.nih.gov/36415573/;https://pubmed.ncbi.nlm.nih.gov/36553762/;https://pubmed.ncbi.nlm.nih.gov/36558073/;https://pubmed.ncbi.nlm.nih.gov/36587177/;https://pubmed.ncbi.nlm.nih.gov/36605406/;https://pubmed.ncbi.nlm.nih.gov/36677432/;https://pubmed.ncbi.nlm.nih.gov/36681674/;https://pubmed.ncbi.nlm.nih.gov/36713219/;https://pubmed.ncbi.nlm.nih.gov/36749534/;https://pubmed.ncbi.nlm.nih.gov/36754424/;https://pubmed.ncbi.nlm.nih.gov/36838294/;https://pubmed.ncbi.nlm.nih.gov/36838329/;https://pubmed.ncbi.nlm.nih.gov/36847557/;https://pubmed.ncbi.nlm.nih.gov/36911323/;https://pubmed.ncbi.nlm.nih.gov/36914312/;https://pubmed.ncbi.nlm.nih.gov/36969318/;https://pubmed.ncbi.nlm.nih.gov/36985169/;https://pubmed.ncbi.nlm.nih.gov/37107423/;https://pubmed.ncbi.nlm.nih.gov/37113219/;https://pubmed.ncbi.nlm.nih.gov/37172659/;https://pubmed.ncbi.nlm.nih.gov/37174356/;https://pubmed.ncbi.nlm.nih.gov/37217116/;https://pubmed.ncbi.nlm.nih.gov/37269431/;https://pubmed.ncbi.nlm.nih.gov/37275132/;https://pubmed.ncbi.nlm.nih.gov/37293224/;https://pubmed.ncbi.nlm.nih.gov/37317238/;https://pubmed.ncbi.nlm.nih.gov/37375122/;https://pubmed.ncbi.nlm.nih.gov/37408693/;https://pubmed.ncbi.nlm.nih.gov/37500806/;https://pubmed.ncbi.nlm.nih.gov/37512890/","Human ileostomy glycoproteins as a model for small intestinal mucus to investigate adhesion of probiotics.; Probiotics inhibit enteropathogenic E. coli adherence in vitro by inducing intestinal mucin gene expression.; The normal faecal microflora does not affect the adhesion of probiotic bacteria in vitro.; Antiproliferative effects of homogenates derived from five strains of candidate probiotic bacteria.; Adhesion of inactivated probiotic strains to intestinal mucus.; Chemical, physical and enzymatic pre-treatments of probiotic lactobacilli alter their adhesion to human intestinal mucus glycoproteins.; The influence of polyunsaturated fatty acids on probiotic growth and adhesion.; Assessment of adhesion properties of novel probiotic strains to human intestinal mucus.; In vitro adherence properties of Lactobacillus rhamnosus DR20 and Bifidobacterium lactis DR10 strains and their antagonistic activity against an enterotoxigenic Escherichia coli.; Interaction between probiotic lactic acid bacteria and canine enteric pathogens: a risk factor for intestinal Enterococcus faecium colonization?; Probiotic and milk technological properties of Lactobacillus brevis.; Binding of extracellular matrix molecules by probiotic bacteria.; Measurement of bacterial adhesion-in vitro evaluation of different methods.; Probiotic potential of 3 Lactobacilli strains isolated from breast milk.; Bile salt and acid tolerance of Lactobacillus rhamnosus strains isolated from Parmigiano Reggiano cheese.; Adhesion of bacteria to resected human colonic tissue: quantitative analysis of bacterial adhesion and viability.; Survival of probiotic lactobacilli in acidic environments is enhanced in the presence of metabolizable sugars.; Different cytokine response of primary colonic epithelial cells to commensal bacteria.; Alive and dead Lactobacillus rhamnosus GG decrease tumor necrosis factor-alpha-induced interleukin-8 production in Caco-2 cells.; Identification of potential probiotic starter cultures for Scandinavian-type fermented sausages.; Small surface-associated factors mediate adhesion of a food-isolated strain of Lactobacillus fermentum to Caco-2 cells.; pH-, Lactic acid-, and non-lactic acid-dependent activities of probiotic Lactobacilli against Salmonella enterica Serovar Typhimurium.; Kinetic analysis of the antibacterial activity of probiotic lactobacilli towards Salmonella enterica serovar Typhimurium reveals a role for lactic acid and other inhibitory compounds.; Soluble factors from Lactobacillus GG activate MAPKs and induce cytoprotective heat shock proteins in intestinal epithelial cells.; Strong antimicrobial activity of Lactobacillus rhamnosus GG against Salmonella typhimurium is due to accumulation of lactic acid.; Antagonistic activity of probiotic lactobacilli and bifidobacteria against entero- and uropathogens.; Probiotic bacteria Bifidobacterium animalis MB5 and Lactobacillus rhamnosus GG protect intestinal Caco-2 cells from the inflammation-associated response induced by enterotoxigenic Escherichia coli K88.; Short communication: effect of exopolysaccharide isolated from ""viili"" on the adhesion of probiotics and pathogens to intestinal mucus.; Oral adhesion and survival of probiotic and other lactobacilli and bifidobacteria in vitro.; Exopolysaccharides produced by probiotic strains modify the adhesion of probiotics and enteropathogens to human intestinal mucus.; Lactobacilli, bifidobacteria and E. coli nissle induce pro- and anti-inflammatory cytokines in peripheral blood mononuclear cells.; Probiotic properties of Lactobacillus and Bifidobacterium strains isolated from porcine gastrointestinal tract.; Growth of probiotic lactobacilli in the presence of oleic acid enhances subsequent survival in gastric juice.; The effect of calcium ions on adhesion and competitive exclusion of Lactobacillus ssp. and E. coli O138.; Adhesive and chemokine stimulatory properties of potentially probiotic Lactobacillus strains.; Functional analysis of D-alanylation of lipoteichoic acid in the probiotic strain Lactobacillus rhamnosus GG.; Secreted probiotic factors ameliorate enteropathogenic infection in zinc-deficient human Caco-2 and T84 cell lines.; Probiotic strains and their combination inhibit in vitro adhesion of pathogens to pig intestinal mucosa.; The Lactobacillus plantarum strain ACA-DC287 isolated from a Greek cheese demonstrates antagonistic activity in vitro and in vivo against Salmonella enterica serovar Typhimurium.; Identification and characterization of starter lactic acid bacteria and probiotics from Columbian dairy products.; Boza, a natural source of probiotic lactic acid bacteria.; Subtractive screening for probiotic properties of lactobacillus species from the human gastrointestinal tract in the search for new probiotics.; Antagonistic activity of potential probiotic Lactobacilli against the ureolytic pathogen Yersinia enterocolitica.; In vitro evaluation of the probiotic properties of human intestinal Bifidobacterium species and selection of new probiotic candidates.; Probiotic Leuconostoc mesenteroides ssp. cremoris and Streptococcus thermophilus induce IL-12 and IFN-gamma production.; Impact of luxS and suppressor mutations on the gastrointestinal transit of Lactobacillus rhamnosus GG.; Probiotic bacteria affect the composition of salivary pellicle and streptococcal adhesion in vitro.; Live Lactobacillus rhamnosus and Streptococcus pyogenes differentially regulate Toll-like receptor (TLR) gene expression in human primary macrophages.; Adhesion of the probiotic strains Enterococcus mundtii ST4SA and Lactobacillus plantarum 423 to Caco-2 cells under conditions simulating the intestinal tract, and in the presence of antibiotics and anti-inflammatory medicaments.; Potentially probiotic bacteria induce efficient maturation but differential cytokine production in human monocyte-derived dendritic cells.; Lactobacillus rhamnosus GG inhibits invasion of cultured human respiratory cells by prtF1-positive macrolide-resistant group A streptococci.; Effect of Vibrio cholerae on chemokine gene expression in HT29 cells and its modulation by Lactobacillus GG.; 2-DE and MS analysis of key proteins in the adhesion of Lactobacillus plantarum, a first step toward early selection of probiotics based on bacterial biomarkers.; Identification of a Gene Cluster for the Biosynthesis of a Long, Galactose-Rich Exopolysaccharide in Lactobacillus rhamnosus GG and Functional Analysis of the Priming Glycosyltransferase.; Probiotic properties of Lactobacillus rhamnosus and Lactobacillus paracasei isolated from human faeces.; Salmonella enterica serovar Typhimurium adhesion and cytotoxicity during epithelial cell stress is reduced by Lactobacillus rhamnosus GG.; Assessment of cell surface properties and adhesion potential of selected probiotic strains.; AI-2 signalling is induced by acidic shock in probiotic strains of Lactobacillus spp.; Comparison of the immunomodulatory properties of three probiotic strains of Lactobacilli using complex culture systems: prediction for in vivo efficacy.; Comparative genomic analysis of Lactobacillus rhamnosus GG reveals pili containing a human- mucus binding protein.; An in vitro study on bacterial growth interactions and intestinal epithelial cell adhesion characteristics of probiotic combinations.; Lactobacillus rhamnosus GG Suppresses Meningitic E. coli K1 Penetration across Human Intestinal Epithelial Cells In Vitro and Protects Neonatal Rats against Experimental Hematogenous Meningitis.; Lactobacilli prevent hydroxy radical production and inhibit Escherichia coli and Enterococcus growth in system mimicking colon fermentation.; Probiotic attributes of Lactobacillus strains isolated from food and of human origin.; Lactic acid bacteria efficiently protect human and animal intestinal epithelial and immune cells from enteric virus infection.; Porcine small intestinal epithelial cell line (IPEC-J2) of rotavirus infection as a new model for the study of innate immune responses to rotaviruses and probiotics.; Characterization of MabA, a modulator of Lactobacillus rhamnosus GG adhesion and biofilm formation.; Evaluation of antimicrobial activity of probiotic bacteria against Salmonella enterica subsp. enterica serovar typhimurium 1344 in a common medium under different environmental conditions.; Adhesive properties, extracellular protein production, and metabolism in the Lactobacillus rhamnosus GG strain when grown in the presence of mucin.; Lactobacillus rhamnosus GG attenuates interferon-{gamma} and tumour necrosis factor-alpha-induced barrier dysfunction and pro-inflammatory signalling.; Heat-killed Lactobacillus rhamnosus GG modulates urocortin and cytokine release in primary trophoblast cells.; Survival of a Lactococcus lactis strain varies with its carbohydrate preference under in vitro conditions simulated gastrointestinal tract.; Probiotic lactobacilli interfere with Streptococcus mutans biofilm formation in vitro.; Novel probiotic Bifidobacterium bifidum CECT 7366 strain active against the pathogenic bacterium Helicobacter pylori.; Functional properties of Lactobacillus strains isolated from kimchi.; Potential beneficial properties of bacteriocin-producing lactic acid bacteria isolated from smoked salmon.; Survivability of probiotics encapsulated in alginate gel microbeads using a novel impinging aerosols method.; Co-aggregation and growth inhibition of probiotic lactobacilli and clinical isolates of mutans streptococci: an in vitro study.; Exopolysaccharides of Lactobacillus rhamnosus GG form a protective shield against innate immune factors in the intestine.; The anti-inflammatory role of granulocyte colony-stimulating factor in macrophage-dendritic cell crosstalk after Lactobacillus rhamnosus GR-1 exposure.; Probiotic Lactobacillus rhamnosus downregulates FCER1 and HRH4 expression in human mast cells.; Antimicrobial activity against Shigella sonnei and probiotic properties of wild lactobacilli from fermented food.; Lactobacillus rhamnosus GG and Streptococcus thermophilus induce suppressor of cytokine signalling 3 (SOCS3) gene expression directly and indirectly via interleukin-10 in human primary macrophages.; Evaluation of probiotic characteristics of newly isolated Lactobacillus spp.: immune modulation and longevity.; Probiotic-derived polyphosphate enhances the epithelial barrier function and maintains intestinal homeostasis through integrin-p38 MAPK pathway.; Lactobacilli and bifidobacteria induce differential interferon-β profiles in dendritic cells.; Novel probiotic Bifidobacterium longum subsp. infantis CECT 7210 strain active against rotavirus infections.; Functional analysis of Lactobacillus rhamnosus GG pili in relation to adhesion and immunomodulatory interactions with intestinal epithelial cells.; Comparative effects of six probiotic strains on immune function in vitro.; In vitro testing of commercial and potential probiotic lactic acid bacteria.; Probiotic properties of Lactobacillus plantarum CECT 7315 and CECT 7316 isolated from faeces of healthy children.; Probiotic properties of Weissella strains isolated from human faeces.; Probiotic factors partially prevent changes to caspases 3 and 7 activation and transepithelial electrical resistance in a model of 5-fluorouracil-induced epithelial cell damage.; Lactobacillus rhamnosus GG antagonizes Giardia intestinalis induced oxidative stress and intestinal disaccharidases: an experimental study.; Immune signalling responses in intestinal epithelial cells exposed to pathogenic Escherichia coli and lactic acid-producing probiotics.; Adhesion and nanomechanics of pili from the probiotic Lactobacillus rhamnosus GG.; Inhibition of Streptococcus pneumoniae adherence to human epithelial cells in vitro by the probiotic Lactobacillus rhamnosus GG.; Lactobacillus plantarum CS24.2 prevents Escherichia coli adhesion to HT-29 cells and also down-regulates enteropathogen-induced tumor necrosis factor-α and interleukin-8 expression.; The expression of adhesin EF-Tu in response to mucin and its role in Lactobacillus adhesion and competitive inhibition of enteropathogens to mucin.; Aggregation and adhesion properties of 22 Lactobacillus strains.; Strain-specific probiotics properties of Lactobacillus fermentum, Lactobacillus plantarum and Lactobacillus brevis isolates from Brazilian food products.; In vitro evaluation of the probiotic and functional potential of Lactobacillus strains isolated from fermented food and human intestine.; Potentially probiotic and bioprotective lactic acid bacteria starter cultures antagonise the Listeria monocytogenes adhesion to HT29 colonocyte-like cells.; First Insight into the Probiotic Properties of Ten Streptococcus thermophilus Strains Based on In Vitro Conditions.; Impact of Acerola (Malpighia emarginata DC) Byproduct and Probiotic Strains on Technological and Sensory Features of Fermented Soy Beverages.; Probiotic Properties of Bacillus Strains Isolated from Stingless Bee (Heterotrigona itama) Honey Collected across Malaysia.; Lactobacillus rhamnosus GG Genomic and Phenotypic Stability in an Industrial Production Process.; Screening for Potential Novel Probiotics With Dipeptidyl Peptidase IV-Inhibiting Activity for Type 2 Diabetes Attenuation in vitro and in vivo.; Preliminary Evaluation of the Safety and Probiotic Potential of Akkermansia muciniphila DSM 22959 in Comparison with Lactobacillus rhamnosus GG.; Characterization of potentially probiotic lactic acid bacteria and bifidobacteria isolated from human colostrum.; Antioxidant and Anti-Inflammatory Effect of Probiotic Lactobacillus plantarum KU15149 Derived from Korean Homemade Diced-Radish Kimchi.; In-Vitro Growth Inhibition of Bacterial Pathogens by Probiotics and a Synbiotic: Product Composition Matters.; Isolation and identification of potential probiotic Lactobacillus species from feces of infants in southwest Iran.; Protective effects of a novel Lactobacillus rhamnosus strain with probiotic characteristics against lipopolysaccharide-induced intestinal inflammation in vitro and in vivo.; Probiotic characterization of Pediococcus strains isolated from Iranian cereal-dairy fermented product: Interaction with pathogenic bacteria and the enteric cell line Caco-2.; Probiotic Lactobacillus fermentum KU200060 isolated from watery kimchi and its application in probiotic yogurt for oral health.; Lactobacillus rhamnosus GG promotes M1 polarization in murine bone marrow-derived macrophages by activating TLR2/MyD88/MAPK signaling pathway.; Some probiotic properties of Lactobacillus species isolated from honey and their antimicrobial activity against foodborne pathogens.; Characterization of Riboflavin-Producing Strains of Lactobacillus plantarum as Potential Probiotic Candidate through in vitro Assessment and Principal Component Analysis.; Probiotic Properties and Antioxidant Activities of Pediococcus pentosaceus SC28 and Levilactobacillus brevis KU15151 in Fermented Black Gamju.; Probiotic Potential of Lactic Acid Starter Cultures Isolated from a Traditional Fermented Sorghum-Millet Beverage.; Antimicrobial and antiadhesive effects of Lactobacillus isolates of healthy human gut origin on Enterotoxigenic Escherichia coli (ETEC) and Enteroaggregative Escherichia coli (EAEC).; Modulation of Macrophage Function by Lactobacillus-Conditioned Medium.; Lactobacillus gastricus BTM 7 prevents intestinal colonization by biofilm forming Cronobacter sakazakii in Caenorhabditis elegans model host.; Beneficial effect of probiotics on Pseudomonas aeruginosa-infected intestinal epithelial cells through inflammatory IL-8 and antimicrobial peptide human beta-defensin-2 modulation.; Weissella cibaria Attenuated LPS-Induced Dysfunction of Intestinal Epithelial Barrier in a Caco-2 Cell Monolayer Model.; Lacticaseibacillus rhamnosus GG inhibits infection of human keratinocytes by Staphylococcus aureus through mechanisms involving cell surface molecules and pH reduction.; Integrated Phenotypic-Genotypic Analysis of Candidate Probiotic Weissella Cibaria Strains Isolated from Dairy Cows in Kuwait.; Potential Application of Apilactobacillus kunkeei for Human Use: Evaluation of Probiotic and Functional Properties.; Modulation of the Gut Microbiome and Obesity Biomarkers by Lactobacillus Plantarum KC28 in a Diet-Induced Obesity Murine Model.; The Ability of Riboflavin-Overproducing Lactiplantibacillus plantarum Strains to Survive Under Gastrointestinal Conditions.; Lactobacillus pentosus SMB718 as a probiotic starter producing allyl mercaptan in garlic and onion-enriched fermentation.; Porphyromonas gingivalis and Lactobacillus rhamnosus GG regulate the Th17/Treg balance in colitis via TLR4 and TLR2.; Potential neuroprotective effects of heat-killed Lactococcus lactis KC24 using SH-SY5Y cells against oxidative stress induced by hydrogen peroxide.; Lactobacillus rhamnosus AD3 as a Promising Alternative for Probiotic Products.; Konjac glucomannan with probiotics acts as a combination laxative to relieve constipation in mice by increasing short-chain fatty acid metabolism and 5-hydroxytryptamine hormone release.; Antimicrobial and anti-biofilm effects of probiotic Lactobacillus plantarum KU200656 isolated from kimchi.; Probiotic Properties and Immunomodulatory Activity of Lactobacillus Strains Isolated from Dairy Products.; Selection and Characterization of Probiotic Bacteria Exhibiting Antiadipogenic Potential in 3T3-L1 Preadipocytes.; Lacticaseibacillus paracasei DG enhances the lactoferrin anti-SARS-CoV-2 response in Caco-2 cells.; Safety, probiotic properties, antimicrobial activity, and technological performance of Lactobacillus strains isolated from Iranian raw milk cheeses.; In Vitro and In Vivo Evaluation of Lacticaseibacillus rhamnosus GG and Bifidobacterium lactis Bb12 Against Avian Pathogenic Escherichia coli and Identification of Novel Probiotic-Derived Bioactive Peptides.; Assessment of probiotic adhesion and inhibitory effect on Escherichia coli and Salmonella adhesion.; Genomic Stability and Phenotypic Characteristics of Industrially Produced Lacticaseibacillus rhamnosus GG in a Yogurt Matrix.; Limosilactobacillus fermentum MG7011: An Amylase and Phytase Producing Starter for the Preparation of Rice-Based Probiotic Beverages.; Exopolysaccharides produced by Lactobacillus rhamnosus GG alleviate hydrogen peroxide-induced intestinal oxidative damage and apoptosis through the Keap1/Nrf2 and Bax/Bcl-2 pathways in vitro.; Evaluation of Potential Probiotic Properties of Lactobacillus and Bacillus Strains Derived from Various Sources for Their Potential Use in Swine Feeding.; Genomic and Phenotypic Evaluation of Potential Probiotic Pediococcus Strains with Hypocholesterolemic Effect Isolated from Traditional Fermented Food.; Antibacterial and Antibiofilm Effect of Cell-Free Supernatant of Lactobacillus brevis KCCM 202399 Isolated from Korean Fermented Food against Streptococcus mutans KCTC 5458.; Probiotic Properties, Prebiotic Fermentability, and GABA-Producing Capacity of Microorganisms Isolated from Mexican Milk Kefir Grains: A Clustering Evaluation for Functional Dairy Food Applications.; In-Vitro Characterization of Growth Inhibition against the Gut Pathogen of Potentially Probiotic Lactic Acid Bacteria Strains Isolated from Fermented Products.; Protective Effects of a Novel Lactobacillus brevis Strain with Probiotic Characteristics against Staphylococcus aureus Lipoteichoic Acid-Induced Intestinal Inflammatory Response.; Whole-Genome Sequencing, Phylogenetic and Genomic Analysis of Lactiplantibacillus pentosus L33, a Potential Probiotic Strain Isolated From Fermented Sausages.; Genomic and Phylogenetic Analysis of Lactiplantibacillus plantarum L125, and Evaluation of Its Anti-Proliferative and Cytotoxic Activity in Cancer Cells.; Probiotic Properties of Lactic Acid Bacteria with High Conjugated Linoleic Acid Converting Activity Isolated from Jeot-Gal, High-Salt Fermented Seafood.; Leuconostoc mesenteroides Strains Isolated from Carrots Show Probiotic Features.; Development of Anti-inflammatory Probiotic Limosilactobacillus reuteri EFEL6901 as Kimchi Starter: in vitro and In vivo Evidence.; Novel strain of Pseudoruminococcus massiliensis possesses traits important in gut adaptation and host-microbe interactions.; Probiotic Potential Analysis and Safety Evaluation of Enterococcus durans A8-1 Isolated From a Healthy Chinese Infant.; A Rapid Screening Method of Candidate Probiotics for Inflammatory Bowel Diseases and the Anti-inflammatory Effect of the Selected Strain Bacillus smithii XY1.; Multi-functional Potential of Five Lactic Acid Bacteria Strains Derived from Giant Panda (Ailuropoda melanoleuca).; Effects of the Probiotic Lactiplantibacillus plantarum KU15120 Derived from Korean Homemade Diced-Radish Kimchi Against Oxidation and Adipogenesis.; Complete Genome Sequencing and Comparative Genomics of Three Potential Probiotic Strains, Lacticaseibacillus casei FBL6, Lacticaseibacillus chiayiensis FBL7, and Lacticaseibacillus zeae FBL8.; Probiotic Properties of Bifidobacterium longum KABP042 and Pediococcus pentosaceus KABP041 Show Potential to Counteract Functional Gastrointestinal Disorders in an Observational Pilot Trial in Infants.; Isolation, characterization and comparative genomics of potentially probiotic Lactiplantibacillus plantarum strains from Indian foods.; Effect of probiotic bacteria on porcine rotavirus OSU infection of porcine intestinal epithelial IPEC-J2 cells.; Optimizing Conditions in the Acid Tolerance Test for Potential Probiotics Using Response Surface Methodology.; Immune-Enhancing Effect of Heat-Treated Levilactobacillus brevis KU15159 in RAW 264.7 Cells.; Anti-Helicobacter pylori activity of potential probiotic Lactiplantibacillus pentosus SLC13.; Probiotic Property and Anti-Obesity Effect of Lactiplantibacillus plantarum KC3.; Assessment of Potential Probiotic and Synbiotic Properties of Lactic Acid Bacteria Grown In Vitro with Starch-Based Soluble Corn Fiber or Inulin.; Adhesion and Anti-Adhesion Abilities of Potentially Probiotic Lactic Acid Bacteria and Biofilm Eradication of Honeybee (Apis mellifera L.) Pathogens.; Live probiotic bacteria administered in a pathomimetic Leaky Gut Chip ameliorate impaired epithelial barrier and mucosal inflammation.; Potential oral probiotic Lactobacillus pentosus MJM60383 inhibits Streptococcus mutans biofilm formation by inhibiting sucrose decomposition.; Assessing the Safety and Probiotic Characteristics of Lacticaseibacillus rhamnosus X253 via Complete Genome and Phenotype Analysis.; Antimicrobial potential of known and novel probiotics on in vitro periodontitis biofilms.; In vitro and in silico assessment of probiotic and functional properties of Bacillus subtilis DE111(®).; Techno-functional characterization of fecal lactobacilli isolates of Bos indicus calves for probiotic properties.; Characterization of Lactic Acid Bacteria from Fermented Fish (pla-paeng-daeng) and Their Cholesterol-lowering and Immunomodulatory Effects.; In Vitro Screen of Lactobacilli Strains for Gastrointestinal and Vaginal Benefits.; Inhibition of Listeria monocytogenes Growth, Adherence and Invasion in Caco-2 Cells by Potential Probiotic Lactic Acid Bacteria Isolated from Fecal Samples of Healthy Neonates.; Probiotic Potential and Safety Assessment of Type Strains of Weissella and Periweissella Species.; Probiotic and antioxidant properties of C(30) carotenoid-producing Lactiplantibacillus plantarum isolated from kimchi.; Development of innovative fermented products by exploiting the diversity of immunomodulatory properties and fermentative activity of lactic and propionic acid bacteria.; Characterization of adhesion, anti-adhesion, co-aggregation, and hydrophobicity of Helicobacter pylori and probiotic strains.; Fish Probiotics: Cell Surface Properties of Fish Intestinal Lactobacilli and Escherichia coli.; Screening, Identification and Physiological Characteristics of Lactobacillus rhamnosus M3 (1) against Intestinal Inflammation.; Bacillus megaterium Renuspore(®) as a potential probiotic for gut health and detoxification of unwanted dietary contaminants.; Probiotic Weissella cibaria displays antibacterial and anti-biofilm effect against cavity-causing Streptococcus mutans.; High Antioxidant Capacity of Lacticaseibacillus paracasei TDM-2 and Pediococcus pentosaceus TCM-3 from Qinghai Tibetan Plateau and Their Function towards Gut Modulation.; In-vitro determination of inhibitory effects of probiotic strains on Clostridioides difficile.; In vitro adhesion and anti-inflammatory properties of Limosilactobacillus fermentum FS-10 isolated from infant fecal sample.; Assessing the efficacy of probiotics in augmenting bovine reproductive health: an integrated in vitro, in silico, and in vivo study.; Lactic acid bacteria with a strong antioxidant function isolated from ""Jiangshui,"" pickles, and feces.; Probiotic Properties and Antioxidant Activity In Vitro of Lactic Acid Bacteria.; Genome Sequence and Evaluation of Safety and Probiotic Potential of Lactiplantibacillus plantarum LPJZ-658.; Limosilactobacillus reuteri inhibits the acid tolerance response in oral bacteria.; Draft genome sequence and probiotic functional property analysis of Lactobacillus gasseri LM1065 for food industry applications.; Immunostimulatory Activity of Lactococcus lactis subsp. lactis CAB701 Isolated from Jeju Cabbage.","1999;1999;1999;1999;2000;2000;2001;2001;2001;2003;2003;2003;2005;2005;2005;2005;2005;2005;2005;2005;2005;2005;2006;2006;2006;2006;2006;2006;2006;2006;2006;2007;2007;2007;2007;2007;2007;2007;2007;2007;2008;2007;2008;2008;2008;2008;2008;2008;2008;2008;2009;2009;2009;2009;2009;2009;2009;2009;2009;2009;2010;2009;2010;2010;2010;2010;2010;2010;2010;2010;2010;2010;2011;2011;2011;2011;2011;2011;2011;2011;2011;2011;2011;2011;2011;2011;2011;2012;2012;2012;2012;2012;2012;2013;2013;2013;2013;2013;2013;2013;2013;2014;2015;2020;2019;2019;2020;2019;2020;2020;2020;2020;2020;2020;2020;2020;2020;2020;2021;2020;2020;2020;2020;2020;2020;2020;2020;2021;2020;2021;2020;2020;2020;2020;2021;2021;2021;2021;2022;2021;2021;2022;2021;2021;2021;2021;2023;2022;2022;2021;2021;2022;2021;2021;2021;2021;2021;2022;2021;2021;2023;2023;2021;2021;2022;2022;2022;2023;2022;2022;2022;2022;2022;2023;2023;2023;2022;2023;2023;2023;2023;2023;2023;2023;2023;2023;2023;2023;2023;2023;2023;2024;2023;2023;2023;2023;2023;2023;2023","10196761;10198338;10436921;10543777;10886621;11014524;11164299;11252493;11518430;12488075;12672593;12969498;15590097;15681631;15727832;15748990;15933002;15948242;15987860;16076509;16125909;16204515;16266797;16306130;16684107;16696680;16768842;16772550;16922933;16924934;17009396;17136367;17185558;17234293;17265871;17434999;17597654;17657533;17714399;17714400;17922827;17995611;18074177;18248372;18300344;18539797;18582334;18625909;18641972;18810777;19187508;19281529;19309013;19346339;19365593;19589170;19725886;19748697;19756155;19805152;19949794;20016677;20059670;20070917;20106541;20373994;20482623;20600855;20622495;20656777;20696472;20810182;20835828;21169430;21215484;21251174;21276627;21306197;21375696;21385950;21390145;21466951;21545585;21652104;21858054;21889358;22003027;22020518;22054064;22177712;22188552;22200451;22526145;23361971;23443951;23531039;23561014;23586634;23663754;23664349;23764216;25046742;25488261;31832842;31834968;31906055;31924618;31998245;32019075;32113772;32238771;32403297;32439543;32568317;32753308;32758520;32779289;32782740;32808141;32825754;32831844;32835777;32850839;32918643;32988256;33013748;33084369;33085038;33113800;33188637;33193258;33242049;33282294;33282440;33450875;33454530;33552621;33924561;33961206;34365895;34401061;34458959;34581832;34613788;34659181;34664577;34665429;34668141;34675145;34681324;34683462;34750285;34764945;34829947;34835374;34835416;34899643;34965174;34970251;34975786;35000110;35031967;35069490;35095783;35121802;35794494;35876583;36178579;36411410;36415573;36553762;36558073;36587177;36605406;36677432;36681674;36713219;36749534;36754424;36838294;36838329;36847557;36911323;36914312;36969318;36985169;37107423;37113219;37172659;37174356;37217116;37269431;37275132;37293224;37317238;37375122;37408693;37500806;37512890"
"Lactiplantibacillus plantarum","GCF_015689055.1","https://pubmed.ncbi.nlm.nih.gov/35704105/","Characterization of Some Microorganisms from Human Stool Samples and Determination of Their Effects on CT26 Colorectal Carcinoma Cell Line.","2022","35704105"
"Lactobacillus helveticus","GCF_015698225.1","https://pubmed.ncbi.nlm.nih.gov/36838212/","Uptake of Levilactobacillus brevis JCM 1059 by THP-1 Cells via Interaction between SlpB and CAP-1 Promotes Cytokine Production.","2023","36838212"
"Bacillus velezensis","GCF_016019865.1","https://pubmed.ncbi.nlm.nih.gov/34678442/","Genome assisted probiotic characterization and application of Bacillus velezensis ZBG17 as an alternative to antibiotic growth promoters in broiler chickens.","2021","34678442"
"Bacillus safensis","GCF_016119035.1","https://pubmed.ncbi.nlm.nih.gov/34865744/","Indian oil sardine (Sardinella longiceps) gut derived Bacillus safensis SDG14 with enhanced probiotic competence for food and feed applications.","2021","34865744"
"Bifidobacterium bifidum","GCF_016307165.1","https://pubmed.ncbi.nlm.nih.gov/33694215/","In vitro evaluation of anticancer effects of different probiotic strains on HCT-116 cell line.","2021","33694215"
"Lacticaseibacillus paracasei subsp. tolerans","GCF_016757695.1","https://pubmed.ncbi.nlm.nih.gov/36261073/","Effects of genes required for exopolysaccharides biosynthesis in Lacticaseibacillus paracasei S-NB on cell surface characteristics and probiotic properties.","2023","36261073"
"Bacillus cereus","GCF_016774535.1","https://pubmed.ncbi.nlm.nih.gov/21323981/;https://pubmed.ncbi.nlm.nih.gov/19372165/;https://pubmed.ncbi.nlm.nih.gov/25090957/;https://pubmed.ncbi.nlm.nih.gov/17934835/","A flagellin-producing Lactococcus strain: interactions with mucin and enteropathogens.; Identification of surface proteins involved in the adhesion of a probiotic Bacillus cereus strain to mucin and fibronectin.; Characterization of lipoteichoic acid structures from three probiotic Bacillus strains: involvement of D-alanine in their biological activity.; The safety of two Bacillus probiotic strains for human use.","2011;2009;2014;2008","21323981;19372165;25090957;17934835"
"Lactiplantibacillus plantarum","GCF_016775685.1","https://pubmed.ncbi.nlm.nih.gov/36571922/;https://pubmed.ncbi.nlm.nih.gov/40749709/;https://pubmed.ncbi.nlm.nih.gov/40269965/;https://pubmed.ncbi.nlm.nih.gov/38841895/;https://pubmed.ncbi.nlm.nih.gov/40114208/","A novel approach to Lactiplantibacillus plantarum: From probiotic properties to the omics insights.; Harnessing Lactiplantibacillus plantarum EP21 and its membrane vesicles to inhibit myopia development.; Lactiplantibacillus plantarum -derived extracellular vesicles alleviate acute lung injury by inhibiting ferroptosis of macrophages.; Enhancing social behavior in an autism spectrum disorder mouse model: investigating the underlying mechanisms of Lactiplantibacillus plantarum intervention.; Reducing severity of inflammatory bowel disease through colonization of Lactiplantibacillus plantarum and its extracellular vesicles release.","2023;2025;2025;2024;2025","36571922;40749709;40269965;38841895;40114208"
"Lacticaseibacillus paracasei","GCF_016887785.1","https://pubmed.ncbi.nlm.nih.gov/32182865/","Wild Lactobacillus casei Group Strains: Potentiality to Ferment Plant Derived Juices.","2020","32182865"
"Lacticaseibacillus rhamnosus","GCF_016887865.1","https://pubmed.ncbi.nlm.nih.gov/32182865/","Wild Lactobacillus casei Group Strains: Potentiality to Ferment Plant Derived Juices.","2020","32182865"
"Pediococcus acidilactici","GCF_016890125.1","https://pubmed.ncbi.nlm.nih.gov/41239394/;https://pubmed.ncbi.nlm.nih.gov/35618633/;https://pubmed.ncbi.nlm.nih.gov/31718570/;https://pubmed.ncbi.nlm.nih.gov/40849527/;https://pubmed.ncbi.nlm.nih.gov/37584728/;https://pubmed.ncbi.nlm.nih.gov/36443433/","Pediococcus acidilactici attenuates chronic stress-induced depression via generating metabolite indole-3-lactic acid and downregulating neuroinflammation.; Multi-Probiotics ameliorate Major depressive disorder and accompanying gastrointestinal syndromes via serotonergic system regulation.; Isolation, characterization, and assessment of lactic acid bacteria toward their selection as poultry probiotics.; Pediococcus acidilactici GR-5 alleviates hyperuricemia by degrading purine nucleosides and improving gut microbiota metabolism.; Glucose-lowering effects of a synbiotic combination containing Pediococcus acidilactici in C. elegans and mice.; Genomic analysis and in vivo efficacy of Pediococcus acidilactici as a potential probiotic to prevent hyperglycemia, hypercholesterolemia and gastrointestinal infections.","2025;2023;2019;2025;2023;2022","41239394;35618633;31718570;40849527;37584728;36443433"
"Pediococcus acidilactici","GCF_016890165.1","https://pubmed.ncbi.nlm.nih.gov/41239394/;https://pubmed.ncbi.nlm.nih.gov/35618633/;https://pubmed.ncbi.nlm.nih.gov/31718570/;https://pubmed.ncbi.nlm.nih.gov/40849527/;https://pubmed.ncbi.nlm.nih.gov/37584728/;https://pubmed.ncbi.nlm.nih.gov/36443433/","Pediococcus acidilactici attenuates chronic stress-induced depression via generating metabolite indole-3-lactic acid and downregulating neuroinflammation.; Multi-Probiotics ameliorate Major depressive disorder and accompanying gastrointestinal syndromes via serotonergic system regulation.; Isolation, characterization, and assessment of lactic acid bacteria toward their selection as poultry probiotics.; Pediococcus acidilactici GR-5 alleviates hyperuricemia by degrading purine nucleosides and improving gut microbiota metabolism.; Glucose-lowering effects of a synbiotic combination containing Pediococcus acidilactici in C. elegans and mice.; Genomic analysis and in vivo efficacy of Pediococcus acidilactici as a potential probiotic to prevent hyperglycemia, hypercholesterolemia and gastrointestinal infections.","2025;2023;2019;2025;2023;2022","41239394;35618633;31718570;40849527;37584728;36443433"
"Pediococcus acidilactici","GCF_016890175.1","https://pubmed.ncbi.nlm.nih.gov/41239394/;https://pubmed.ncbi.nlm.nih.gov/35618633/;https://pubmed.ncbi.nlm.nih.gov/31718570/;https://pubmed.ncbi.nlm.nih.gov/40849527/;https://pubmed.ncbi.nlm.nih.gov/37584728/;https://pubmed.ncbi.nlm.nih.gov/36443433/","Pediococcus acidilactici attenuates chronic stress-induced depression via generating metabolite indole-3-lactic acid and downregulating neuroinflammation.; Multi-Probiotics ameliorate Major depressive disorder and accompanying gastrointestinal syndromes via serotonergic system regulation.; Isolation, characterization, and assessment of lactic acid bacteria toward their selection as poultry probiotics.; Pediococcus acidilactici GR-5 alleviates hyperuricemia by degrading purine nucleosides and improving gut microbiota metabolism.; Glucose-lowering effects of a synbiotic combination containing Pediococcus acidilactici in C. elegans and mice.; Genomic analysis and in vivo efficacy of Pediococcus acidilactici as a potential probiotic to prevent hyperglycemia, hypercholesterolemia and gastrointestinal infections.","2025;2023;2019;2025;2023;2022","41239394;35618633;31718570;40849527;37584728;36443433"
"Enterococcus faecium","GCF_016917925.1","https://pubmed.ncbi.nlm.nih.gov/41763213/;https://pubmed.ncbi.nlm.nih.gov/40934987/;https://pubmed.ncbi.nlm.nih.gov/11449853/;https://pubmed.ncbi.nlm.nih.gov/30309968/;https://pubmed.ncbi.nlm.nih.gov/40748505/;https://pubmed.ncbi.nlm.nih.gov/15609865/;https://pubmed.ncbi.nlm.nih.gov/18481223/","Gut microbiota immaturity with DL-endopeptidase deficiency links antibiotic use to preterm late-onset sepsis.; Novel Enterococcus faecium P2 as a probiotic for mitigating Clostridioides difficile infection.; Probiotics: ""living drugs"".; Enlisting commensal microbes to resist antibiotic-resistant pathogens.; Probiotic potential and antimicrobial efficacy of a dairy isolate, Enterococcus faecium MBBL3.; Adhesion properties of enterococci to intestinal mucus of different hosts.; Probiotic potential of enterococci isolated from canine feed.","2026;2025;2001;2019;2025;2004;2008","41763213;40934987;11449853;30309968;40748505;15609865;18481223"
"Lactobacillus acidophilus","GCF_017009715.1","https://pubmed.ncbi.nlm.nih.gov/39102225/;https://pubmed.ncbi.nlm.nih.gov/41255078/;https://pubmed.ncbi.nlm.nih.gov/42141695/;https://pubmed.ncbi.nlm.nih.gov/38642150/;https://pubmed.ncbi.nlm.nih.gov/10728552/;https://pubmed.ncbi.nlm.nih.gov/10886621/;https://pubmed.ncbi.nlm.nih.gov/12396385/;https://pubmed.ncbi.nlm.nih.gov/16696680/;https://pubmed.ncbi.nlm.nih.gov/19088323/;https://pubmed.ncbi.nlm.nih.gov/19411126/;https://pubmed.ncbi.nlm.nih.gov/19465528/;https://pubmed.ncbi.nlm.nih.gov/22573266/;https://pubmed.ncbi.nlm.nih.gov/23351891/;https://pubmed.ncbi.nlm.nih.gov/27862685/;https://pubmed.ncbi.nlm.nih.gov/27923699/;https://pubmed.ncbi.nlm.nih.gov/30284741/;https://pubmed.ncbi.nlm.nih.gov/30576791/;https://pubmed.ncbi.nlm.nih.gov/30713607/;https://pubmed.ncbi.nlm.nih.gov/30840154/;https://pubmed.ncbi.nlm.nih.gov/31737227/;https://pubmed.ncbi.nlm.nih.gov/31834968/;https://pubmed.ncbi.nlm.nih.gov/32944156/;https://pubmed.ncbi.nlm.nih.gov/33372378/;https://pubmed.ncbi.nlm.nih.gov/34405373/;https://pubmed.ncbi.nlm.nih.gov/35602018/;https://pubmed.ncbi.nlm.nih.gov/36422618/;https://pubmed.ncbi.nlm.nih.gov/37217116/","Bifidobacterium and Lactobacillus Probiotics and Gut Dysbiosis in Preterm Infants: The PRIMAL Randomized Clinical Trial.; Probiotic Blend of Lactobacillus acidophilus LA-5 and Bifidobacterium animalis ssp. Lactis BB-12 in Non-constipated Irritable Bowel Syndrome: A Double-Blind Randomized Placebo-Controlled Trial.; Probiotic Blend of Lactobacillus acidophilus LA-5 and Bifidobacterium animalis ssp. Lactis BB-12 in Non-Constipated Irritable Bowel Syndrome: A Double-Blind Randomized Placebo-Controlled Trial.; Effects of p-coumaric acid on probiotic properties of Lactobacillus acidophilus LA-5 and lacticaseibacillus rhamnosus GG.; The mucus binding of Bifidobacterium lactis Bb12 is enhanced in the presence of Lactobacillus GG and Lact. delbrueckii subsp. bulgaricus.; Adhesion of inactivated probiotic strains to intestinal mucus.; Microencapsulation of L. acidophilus (La-05) and B. lactis (Bb-12) and evaluation of their survival at the pH values of the stomach and in bile.; Antagonistic activity of probiotic lactobacilli and bifidobacteria against entero- and uropathogens.; Effect of molecules secreted by Lactobacillus acidophilus strain La-5 on Escherichia coli O157:H7 colonization.; Lactobacillus acidophilus La-5 increases lactacin B production when it senses live target bacteria.; Probiotic properties of the 2-substituted (1,3)-beta-D-glucan-producing bacterium Pediococcus parvulus 2.6.; Probiotic features of Lactobacillus plantarum mutant strains.; Inhibition of HIV and HSV infection by vaginal lactobacilli in vitro and in vivo.; Topical application of probiotics in skin: adhesion, antimicrobial and antibiofilm in vitro assays.; In vitro inhibition of Clostridium difficile by commercial probiotics: A microcalorimetric study.; Probiotics alter the immune response of gingival epithelial cells challenged by Porphyromonas gingivalis.; Evaluation of protective effect of Lactobacillus acidophilus La-5 on toxicity and colonization of Clostridium difficile in human epithelial cells in vitro.; Effects of cell-free supernatant of Lactobacillus acidophilus LA5 and Lactobacillus casei 431 against planktonic form and biofilm of Staphylococcus aureus.; Assessing inhibitory activity of probiotic culture supernatants against Pseudomonas aeruginosa: a comparative methodology between agar diffusion, broth culture and microcalorimetry.; Efficacy of lyophilized cell-free supernatant of Lactobacillus salivarius (Ls-BU2) on Escherichia coli and shelf life of ground beef.; Impact of Acerola (Malpighia emarginata DC) Byproduct and Probiotic Strains on Technological and Sensory Features of Fermented Soy Beverages.; Probiotics alter biofilm formation and the transcription of Porphyromonas gingivalis virulence-associated genes.; Lactobacilli postbiotics reduce biofilm formation and alter transcription of virulence genes of Aggregatibacter actinomycetemcomitans.; Effect of Probiotics Lactobacillus acidophilus and Lacticaseibacillus rhamnosus on Antibacterial Response Gene Transcription of Human Peripheral Monocytes.; Lactobacilli Attenuate the Effect of Aggregatibacter actinomycetemcomitans Infection in Gingival Epithelial Cells.; Antagonistic Activity of Potentially Probiotic Lactic Acid Bacteria against Honeybee (Apis mellifera L.) Pathogens.; In-vitro determination of inhibitory effects of probiotic strains on Clostridioides difficile.","2024;2026;2026;2024;2000;2000;2002;2006;2009;2009;2009;2012;2012;2017;2017;2019;2019;2018;2019;2019;2019;2020;2021;2023;2022;2022;2023","39102225;41255078;42141695;38642150;10728552;10886621;12396385;16696680;19088323;19411126;19465528;22573266;23351891;27862685;27923699;30284741;30576791;30713607;30840154;31737227;31834968;32944156;33372378;34405373;35602018;36422618;37217116"
"Bifidobacterium longum subsp. longum","GCF_017132775.1","https://pubmed.ncbi.nlm.nih.gov/36973397/;https://pubmed.ncbi.nlm.nih.gov/38091982/;https://pubmed.ncbi.nlm.nih.gov/36216361/;https://pubmed.ncbi.nlm.nih.gov/28483500/;https://pubmed.ncbi.nlm.nih.gov/36615708/;https://pubmed.ncbi.nlm.nih.gov/32238777/","Artificial-enzymes-armed Bifidobacterium longum probiotics for alleviating intestinal inflammation and microbiota dysbiosis.; Bifidobacterium longum promotes postoperative liver function recovery in patients with hepatocellular carcinoma.; Usefulness of Bifidobacterium longum BB536 in Elderly Individuals With Chronic Constipation: A Randomized Controlled Trial.; Probiotic Bifidobacterium longum NCC3001 Reduces Depression Scores and Alters Brain Activity: A Pilot Study in Patients With Irritable Bowel Syndrome.; Probiotic Bifidobacterium longum BB68S Improves Cognitive Functions in Healthy Older Adults: A Randomized, Double-Blind, Placebo-Controlled Trial.; An Aqueous Extract of a Bifidobacterium Species Induces Apoptosis and Inhibits Invasiveness of Non-Small Cell Lung Cancer Cells.","2023;2024;2023;2017;2022;2020","36973397;38091982;36216361;28483500;36615708;32238777"
"Lactiplantibacillus plantarum","GCF_017301935.1","https://pubmed.ncbi.nlm.nih.gov/38682181/;https://pubmed.ncbi.nlm.nih.gov/35565884/;https://pubmed.ncbi.nlm.nih.gov/25610566/","Whole Genome Analysis of Tibetan Kefir-Derived Lactiplantibacillus Plantarum 12-3 Elucidates Its Genomic Architecture, Antimicrobial and Drug Resistance, Potential Probiotic Functionality and Safety.; Lactiplantibacillus plantarum-12 Alleviates Inflammation and Colon Cancer Symptoms in AOM/DSS-Treated Mice through Modulating the Intestinal Microbiome and Metabolome.; Investigation of antibacterial, acid and bile tolerance properties of lactobacilli isolated from Koozeh cheese.","2024;2022;2012","38682181;35565884;25610566"
"Bifidobacterium longum subsp. longum","GCF_017357345.1","https://pubmed.ncbi.nlm.nih.gov/36973397/;https://pubmed.ncbi.nlm.nih.gov/38091982/;https://pubmed.ncbi.nlm.nih.gov/36216361/;https://pubmed.ncbi.nlm.nih.gov/28483500/;https://pubmed.ncbi.nlm.nih.gov/36615708/","Artificial-enzymes-armed Bifidobacterium longum probiotics for alleviating intestinal inflammation and microbiota dysbiosis.; Bifidobacterium longum promotes postoperative liver function recovery in patients with hepatocellular carcinoma.; Usefulness of Bifidobacterium longum BB536 in Elderly Individuals With Chronic Constipation: A Randomized Controlled Trial.; Probiotic Bifidobacterium longum NCC3001 Reduces Depression Scores and Alters Brain Activity: A Pilot Study in Patients With Irritable Bowel Syndrome.; Probiotic Bifidobacterium longum BB68S Improves Cognitive Functions in Healthy Older Adults: A Randomized, Double-Blind, Placebo-Controlled Trial.","2023;2024;2023;2017;2022","36973397;38091982;36216361;28483500;36615708"
"Escherichia coli","GCF_017357505.1","https://pubmed.ncbi.nlm.nih.gov/39112831/;https://pubmed.ncbi.nlm.nih.gov/25064650/","Bacillus altitudinis 1.4 genome analysis-functional annotation of probiotic properties and immunomodulatory activity.; Effect of KCl substitution on bacterial viability of Escherichia coli (ATCC 25922) and selected probiotics.","2024;2014","39112831;25064650"
"Akkermansia muciniphila ATCC BAA-835","GCF_017504145.1","https://pubmed.ncbi.nlm.nih.gov/39564479/;https://pubmed.ncbi.nlm.nih.gov/26689225/;https://pubmed.ncbi.nlm.nih.gov/36786638/;https://pubmed.ncbi.nlm.nih.gov/37479958/","Akkermansia muciniphila: new insights into resistance to gastrointestinal stress, adhesion, and protein interaction with human mucins through optimised in vitro trials and bioinformatics tools.; Interaction of mouse splenocytes and macrophages with bacterial strains in vitro: the effect of age in the immune response.; Safety Evaluation and Probiotic Potency Screening of Akkermansia muciniphila Strains Isolated from Human Feces and Breast Milk.; The inhibitory effects of live and UV-killed Akkermansia muciniphila and its derivatives on cytotoxicity and inflammatory response induced by Clostridioides difficile RT001 in vitro.","2024;2016;2023;2024","39564479;26689225;36786638;37479958"
"Lactiplantibacillus plantarum","GCF_017576965.1","https://pubmed.ncbi.nlm.nih.gov/31998245/","Screening for Potential Novel Probiotics With Dipeptidyl Peptidase IV-Inhibiting Activity for Type 2 Diabetes Attenuation in vitro and in vivo.","2019","31998245"
"Bacillus subtilis","GCF_017592405.1","https://pubmed.ncbi.nlm.nih.gov/36269141/;https://pubmed.ncbi.nlm.nih.gov/40344311/;https://pubmed.ncbi.nlm.nih.gov/41125718/;https://pubmed.ncbi.nlm.nih.gov/39718437/;https://pubmed.ncbi.nlm.nih.gov/30913972/;https://pubmed.ncbi.nlm.nih.gov/34679216/;https://pubmed.ncbi.nlm.nih.gov/37439954/","The probiotic Bacillus subtilis BS50 decreases gastrointestinal symptoms in healthy adults: a randomized, double-blind, placebo-controlled trial.; Colonic Submucosa Targeted Delivery of Probiotic and Rhein for Ulcerative Colitis Treatment.; Bacillus subtilis TO-A suppresses the age-related decline in locomotion in Caenorhabditis elegans.; Bacillus subtilis Intraspecies Interactions Shape Probiotic Activity Against Salmonella Typhimurium.; Probiotics to prevent Staphylococcus aureus disease?; In vitro and in vivo activity of new strains of Bacillus subtilis against ESBL-producing Escherichia coli: an experimental study.; L-Alanine promotes anti-infectious properties of Bacillus subtilis S-2 spores via the germination receptor gerAA.","2022;2025;2025;2024;2020;2022;2024","36269141;40344311;41125718;39718437;30913972;34679216;37439954"
"Lactiplantibacillus plantarum","GCF_017742875.1","https://pubmed.ncbi.nlm.nih.gov/34750286/;https://pubmed.ncbi.nlm.nih.gov/34865198/;https://pubmed.ncbi.nlm.nih.gov/38554828/;https://pubmed.ncbi.nlm.nih.gov/34949748/","Multifunctional Probiotic and Functional Properties of Lactiplantibacillus plantarum LRCC5314, Isolated from Kimchi.; Lactiplantibacillus plantarum LRCC5314 includes a gene for serotonin biosynthesis via the tryptophan metabolic pathway.; Effect of postbiotic Lactiplantibacillus plantarum LRCC5314 supplemented in powdered milk on type 2 diabetes in mice.; Heat-Killed Lactiplantibacillus plantarum LRCC5314 Mitigates the Effects of Stress-Related Type 2 Diabetes in Mice via Gut Microbiome Modulation.","2022;2021;2024;2022","34750286;34865198;38554828;34949748"
"Bifidobacterium longum","GCF_017743155.1","https://pubmed.ncbi.nlm.nih.gov/36973397/;https://pubmed.ncbi.nlm.nih.gov/38091982/;https://pubmed.ncbi.nlm.nih.gov/36216361/;https://pubmed.ncbi.nlm.nih.gov/28483500/;https://pubmed.ncbi.nlm.nih.gov/36615708/;https://pubmed.ncbi.nlm.nih.gov/34795651/","Artificial-enzymes-armed Bifidobacterium longum probiotics for alleviating intestinal inflammation and microbiota dysbiosis.; Bifidobacterium longum promotes postoperative liver function recovery in patients with hepatocellular carcinoma.; Usefulness of Bifidobacterium longum BB536 in Elderly Individuals With Chronic Constipation: A Randomized Controlled Trial.; Probiotic Bifidobacterium longum NCC3001 Reduces Depression Scores and Alters Brain Activity: A Pilot Study in Patients With Irritable Bowel Syndrome.; Probiotic Bifidobacterium longum BB68S Improves Cognitive Functions in Healthy Older Adults: A Randomized, Double-Blind, Placebo-Controlled Trial.; Identification, Characterization, and Antioxidant Potential of Bifidobacterium longum subsp. longum Strains Isolated From Feces of Healthy Infants.","2023;2024;2023;2017;2022;2021","36973397;38091982;36216361;28483500;36615708;34795651"
"Bifidobacterium longum","GCF_017743175.1","https://pubmed.ncbi.nlm.nih.gov/36973397/;https://pubmed.ncbi.nlm.nih.gov/38091982/;https://pubmed.ncbi.nlm.nih.gov/36216361/;https://pubmed.ncbi.nlm.nih.gov/28483500/;https://pubmed.ncbi.nlm.nih.gov/36615708/;https://pubmed.ncbi.nlm.nih.gov/34795651/","Artificial-enzymes-armed Bifidobacterium longum probiotics for alleviating intestinal inflammation and microbiota dysbiosis.; Bifidobacterium longum promotes postoperative liver function recovery in patients with hepatocellular carcinoma.; Usefulness of Bifidobacterium longum BB536 in Elderly Individuals With Chronic Constipation: A Randomized Controlled Trial.; Probiotic Bifidobacterium longum NCC3001 Reduces Depression Scores and Alters Brain Activity: A Pilot Study in Patients With Irritable Bowel Syndrome.; Probiotic Bifidobacterium longum BB68S Improves Cognitive Functions in Healthy Older Adults: A Randomized, Double-Blind, Placebo-Controlled Trial.; Identification, Characterization, and Antioxidant Potential of Bifidobacterium longum subsp. longum Strains Isolated From Feces of Healthy Infants.","2023;2024;2023;2017;2022;2021","36973397;38091982;36216361;28483500;36615708;34795651"
"Bifidobacterium animalis subsp. lactis","GCF_017963615.1","https://pubmed.ncbi.nlm.nih.gov/37962097/","Probiotics for infantile colic: Is there evidence beyond doubt? A meta-analysis and systematic review.","2024","37962097"
"Lactobacillus jensenii","GCF_018094625.1","","","",""
"Bacillus subtilis","GCF_018122435.1","https://pubmed.ncbi.nlm.nih.gov/30913972/;https://pubmed.ncbi.nlm.nih.gov/35875550/","Probiotics to prevent Staphylococcus aureus disease?; Bacillus subtilis PS-216 Spores Supplemented in Broiler Chicken Drinking Water Reduce Campylobacter jejuni Colonization and Increases Weight Gain.","2020;2022","30913972;35875550"
"Bacillus subtilis","GCF_018122445.1","https://pubmed.ncbi.nlm.nih.gov/35875550/;https://pubmed.ncbi.nlm.nih.gov/35208741/;https://pubmed.ncbi.nlm.nih.gov/33837012/","Bacillus subtilis PS-216 Spores Supplemented in Broiler Chicken Drinking Water Reduce Campylobacter jejuni Colonization and Increases Weight Gain.; Bacillus subtilis PS-216 Antagonistic Activities against Campylobacter jejuni NCTC 11168 Are Modulated by Temperature, Oxygen, and Growth Medium.; Bacillaene Mediates the Inhibitory Effect of Bacillus subtilis on Campylobacter jejuni Biofilms.","2022;2022;2021","35875550;35208741;33837012"
"Bacillus subtilis","GCF_018122455.1","https://pubmed.ncbi.nlm.nih.gov/30913972/;https://pubmed.ncbi.nlm.nih.gov/35875550/","Probiotics to prevent Staphylococcus aureus disease?; Bacillus subtilis PS-216 Spores Supplemented in Broiler Chicken Drinking Water Reduce Campylobacter jejuni Colonization and Increases Weight Gain.","2020;2022","30913972;35875550"
"Bacillus subtilis","GCF_018122465.1","https://pubmed.ncbi.nlm.nih.gov/30913972/;https://pubmed.ncbi.nlm.nih.gov/35875550/","Probiotics to prevent Staphylococcus aureus disease?; Bacillus subtilis PS-216 Spores Supplemented in Broiler Chicken Drinking Water Reduce Campylobacter jejuni Colonization and Increases Weight Gain.","2020;2022","30913972;35875550"
"Lacticaseibacillus rhamnosus","GCF_018228745.1","https://pubmed.ncbi.nlm.nih.gov/36677432/","Assessing the Safety and Probiotic Characteristics of Lacticaseibacillus rhamnosus X253 via Complete Genome and Phenotype Analysis.","2023","36677432"
"Lactococcus lactis subsp. lactis","GCF_018320725.1","https://pubmed.ncbi.nlm.nih.gov/27466284/;https://pubmed.ncbi.nlm.nih.gov/38599786/;https://pubmed.ncbi.nlm.nih.gov/29899025/;https://pubmed.ncbi.nlm.nih.gov/41486553/;https://pubmed.ncbi.nlm.nih.gov/39738244/","Stress Physiology of Lactic Acid Bacteria.; Lactococcus lactis HkyuLL 10 suppresses colorectal tumourigenesis and restores gut microbiota through its generated alpha-mannosidase.; Curbing cholera.; Lactococcus lactis subsp. Cremoris reprograms systemic metabolism and protects against myocardial injury.; Lactococcus lactis and Bifidobacterium bifidum alleviate postmenopausal symptoms by suppressing NF-κB signaling and microbiota dysbiosis.","2016;2024;2018;2026;2024","27466284;38599786;29899025;41486553;39738244"
"Lactiplantibacillus plantarum","GCF_018351295.1","https://pubmed.ncbi.nlm.nih.gov/38018977/;https://pubmed.ncbi.nlm.nih.gov/39992135/;https://pubmed.ncbi.nlm.nih.gov/42066676/","Detection and absolute quantification of Lactiplantibacillus plantarum ATCC 202195 by quantitative real-time PCR.; Neonatal administration of Lactiplantibacillus plantarum ATCC 202195 with or without fructooligosaccharide in Bangladesh: a placebo-controlled randomized trial.; Fecal iron quantification in a randomized controlled trial of Lactiplantibacillus plantarum ATCC 202195 in newborns in Dhaka, Bangladesh.","2024;2025;2026","38018977;39992135;42066676"
"Lacticaseibacillus zeae","GCF_018363055.1","https://pubmed.ncbi.nlm.nih.gov/35069490/","Complete Genome Sequencing and Comparative Genomics of Three Potential Probiotic Strains, Lacticaseibacillus casei FBL6, Lacticaseibacillus chiayiensis FBL7, and Lacticaseibacillus zeae FBL8.","2021","35069490"
"Lacticaseibacillus chiayiensis","GCF_018363075.1","https://pubmed.ncbi.nlm.nih.gov/35069490/","Complete Genome Sequencing and Comparative Genomics of Three Potential Probiotic Strains, Lacticaseibacillus casei FBL6, Lacticaseibacillus chiayiensis FBL7, and Lacticaseibacillus zeae FBL8.","2021","35069490"
"Lacticaseibacillus casei","GCF_018363095.1","https://pubmed.ncbi.nlm.nih.gov/35069490/","Complete Genome Sequencing and Comparative Genomics of Three Potential Probiotic Strains, Lacticaseibacillus casei FBL6, Lacticaseibacillus chiayiensis FBL7, and Lacticaseibacillus zeae FBL8.","2021","35069490"
"Limosilactobacillus fermentum","GCF_018398375.1","https://pubmed.ncbi.nlm.nih.gov/34682216/;https://pubmed.ncbi.nlm.nih.gov/38652443/;https://pubmed.ncbi.nlm.nih.gov/37631027/;https://pubmed.ncbi.nlm.nih.gov/27833605/;https://pubmed.ncbi.nlm.nih.gov/30795551/","Genomic Analysis of Limosilactobacillus fermentum ATCC 23271, a Potential Probiotic Strain with Anti-Candida Activity.; Eugenia uniflora (pitanga) juice as a new alternative vehicle for Limosilactobacillus fermentum ATCC 23271: evaluation of antioxidant and anti-infective effects.; The Potential of Lactiplantibacillus plantarum ATCC 14917 in the Development of Alginate-Based Gel Formulations with Anti-Staphylococcus aureus Properties.; Lactobacillus fermentum ATCC 23271 Displays In vitro Inhibitory Activities against Candida spp.; In Vitro Antimicrobial Activity and Probiotic Potential of Bifidobacterium and Lactobacillus against Species of Clostridium.","2021;2024;2023;2016;2019","34682216;38652443;37631027;27833605;30795551"
"Enterococcus faecium","GCF_018499785.1","https://pubmed.ncbi.nlm.nih.gov/41763213/;https://pubmed.ncbi.nlm.nih.gov/40934987/;https://pubmed.ncbi.nlm.nih.gov/11449853/;https://pubmed.ncbi.nlm.nih.gov/30309968/;https://pubmed.ncbi.nlm.nih.gov/40748505/","Gut microbiota immaturity with DL-endopeptidase deficiency links antibiotic use to preterm late-onset sepsis.; Novel Enterococcus faecium P2 as a probiotic for mitigating Clostridioides difficile infection.; Probiotics: ""living drugs"".; Enlisting commensal microbes to resist antibiotic-resistant pathogens.; Probiotic potential and antimicrobial efficacy of a dairy isolate, Enterococcus faecium MBBL3.","2026;2025;2001;2019;2025","41763213;40934987;11449853;30309968;40748505"
"Lactobacillus paragasseri","GCF_018728605.1","https://pubmed.ncbi.nlm.nih.gov/32170384/","Production of multiple bacteriocins, including the novel bacteriocin gassericin M, by Lactobacillus gasseri LM19, a strain isolated from human milk.","2020","32170384"
"Limosilactobacillus fermentum","GCF_018866265.1","https://pubmed.ncbi.nlm.nih.gov/33764849/;https://pubmed.ncbi.nlm.nih.gov/40028723/;https://pubmed.ncbi.nlm.nih.gov/41254951/;https://pubmed.ncbi.nlm.nih.gov/39242568/;https://pubmed.ncbi.nlm.nih.gov/33801082/;https://pubmed.ncbi.nlm.nih.gov/28293865/;https://pubmed.ncbi.nlm.nih.gov/36669766/","Limosilactobacillus fermentum JL-3 isolated from ""Jiangshui"" ameliorates hyperuricemia by degrading uric acid.; Extracellular vesicles of Limosilactobacillus fermentum SLAM216 ameliorate skin symptoms of atopic dermatitis by regulating gut microbiome on serotonin metabolism.; The probiotic Limosilactobacillus fermentum CECT5716 enhances the antihypertensive response to hydrochlorothiazide in spontaneously hypertensive rats.; A probiotic Limosilactobacillus fermentum GR-3 mitigates colitis-associated tumorigenesis in mice via modulating gut microbiome.; Limosilactobacillus fermentum CECT5716: Mechanisms and Therapeutic Insights.; The Inhibition Effect of Lactobacilli Against Growth and Biofilm Formation of Pseudomonas aeruginosa.; Salutary attributes of probiotic human gut lactobacilli for gut health.","2021;2025;2025;2024;2021;2018;2023","33764849;40028723;41254951;39242568;33801082;28293865;36669766"
"Lacticaseibacillus rhamnosus","GCF_018966895.1","https://pubmed.ncbi.nlm.nih.gov/18634896/;https://pubmed.ncbi.nlm.nih.gov/34681658/","Probiotic properties of lactic acid bacteria isolated from stool samples of longevous people in regions of Hotan, Xinjiang and Bama, Guangxi, China.; Exoproteome Analysis of Antagonistic Interactions between the Probiotic Bacteria Limosilactobacillus reuteri LR1 and Lacticaseibacillus rhamnosus F and Multidrug Resistant Strain of Klebsiella pneumonia.","2008;2021","18634896;34681658"
"Lacticaseibacillus paracasei","GCF_018966985.1","https://pubmed.ncbi.nlm.nih.gov/41538653/;https://pubmed.ncbi.nlm.nih.gov/36136562/;https://pubmed.ncbi.nlm.nih.gov/36613437/","Fermented Lacticaseibacillus Paracasei Cultures Ameliorate Colitis by Modulating Microbiota-Derived Tryptophan Metabolism and Macrophage Polarization.; Postbiotics and Kidney Disease.; Biochemical and Genomic Characterization of Two New Strains of Lacticaseibacillus paracasei Isolated from the Traditional Corn-Based Beverage of South Africa, Mahewu, and Their Comparison with Strains Isolated from Kefir Grains.","2026;2022;2023","41538653;36136562;36613437"
"Lacticaseibacillus paracasei","GCF_018967025.1","https://pubmed.ncbi.nlm.nih.gov/41538653/;https://pubmed.ncbi.nlm.nih.gov/36136562/;https://pubmed.ncbi.nlm.nih.gov/36613437/","Fermented Lacticaseibacillus Paracasei Cultures Ameliorate Colitis by Modulating Microbiota-Derived Tryptophan Metabolism and Macrophage Polarization.; Postbiotics and Kidney Disease.; Biochemical and Genomic Characterization of Two New Strains of Lacticaseibacillus paracasei Isolated from the Traditional Corn-Based Beverage of South Africa, Mahewu, and Their Comparison with Strains Isolated from Kefir Grains.","2026;2022;2023","41538653;36136562;36613437"
"Lactobacillus crispatus","GCF_018987235.1","https://pubmed.ncbi.nlm.nih.gov/23351891/;https://pubmed.ncbi.nlm.nih.gov/26372530/","Inhibition of HIV and HSV infection by vaginal lactobacilli in vitro and in vivo.; Lactobacillus crispatus mediates anti-inflammatory cytokine interleukin-10 induction in response to Chlamydia trachomatis infection in vitro.","2012;2015","23351891;26372530"
"Limosilactobacillus reuteri","GCF_019061135.1","https://pubmed.ncbi.nlm.nih.gov/25413644/","Bile tolerance and its effect on antibiotic susceptibility of probiotic Lactobacillus candidates.","2015","25413644"
"Lacticaseibacillus casei","GCF_019107585.1","https://pubmed.ncbi.nlm.nih.gov/24996359/;https://pubmed.ncbi.nlm.nih.gov/35060080/","Anticandidal activity of cell extracts from 13 probiotic Lactobacillus strains and characterisation of lactic acid and a novel fatty acid derivative from one strain.; Development of Thermotolerant Lactobacilli Cultures with Improved Probiotic Properties Using Adaptive Laboratory Evolution Method.","2014;2023","24996359;35060080"
"Lactobacillus gasseri CECT 5714","GCF_019192945.1","https://pubmed.ncbi.nlm.nih.gov/16636989/;https://pubmed.ncbi.nlm.nih.gov/15681631/;https://pubmed.ncbi.nlm.nih.gov/16834593/","The consumption of two new probiotic strains, Lactobacillus gasseri CECT 5714 and Lactobacillus coryniformis CECT 5711, boosts the immune system of healthy humans.; Probiotic potential of 3 Lactobacilli strains isolated from breast milk.; Antimicrobial potential of four Lactobacillus strains isolated from breast milk.","2006;2005;2006","16636989;15681631;16834593"
"Enterococcus lactis","GCF_019203145.1","https://pubmed.ncbi.nlm.nih.gov/34979271/","Safety assessment and probiotic characteristics of Enterococcus lactis JDM1.","2022","34979271"
"Neisseria sicca ATCC 29256","GCF_019334765.1","https://pubmed.ncbi.nlm.nih.gov/35251376/;https://pubmed.ncbi.nlm.nih.gov/35734856/","The Microbiome of Meibomian Gland Secretions from Patients with Internal Hordeolum Treated with Hypochlorous Acid Eyelid Wipes.; Neisseria sicca and Corynebacterium matruchotii inhibited oral squamous cell carcinomas by regulating genome stability.","2022;2022","35251376;35734856"
"Lactobacillus johnsonii","GCF_019459625.1","https://pubmed.ncbi.nlm.nih.gov/34417721/","In Vitro Assessment of Lactobacillus crispatus UBLCp01, Lactobacillus gasseri UBLG36, and Lactobacillus johnsonii UBLJ01 as a Potential Vaginal Probiotic Candidate.","2023","34417721"
"Lactobacillus crispatus","GCF_019537355.1","https://pubmed.ncbi.nlm.nih.gov/34417721/","In Vitro Assessment of Lactobacillus crispatus UBLCp01, Lactobacillus gasseri UBLG36, and Lactobacillus johnsonii UBLJ01 as a Potential Vaginal Probiotic Candidate.","2023","34417721"
"Apilactobacillus kunkeei","GCF_019575995.1","","","",""
"Bacillus subtilis","GCF_019583555.1","https://pubmed.ncbi.nlm.nih.gov/30913972/;https://pubmed.ncbi.nlm.nih.gov/35875550/","Probiotics to prevent Staphylococcus aureus disease?; Bacillus subtilis PS-216 Spores Supplemented in Broiler Chicken Drinking Water Reduce Campylobacter jejuni Colonization and Increases Weight Gain.","2020;2022","30913972;35875550"
"Ligilactobacillus salivarius","GCF_019593595.1","https://pubmed.ncbi.nlm.nih.gov/35727573/;https://pubmed.ncbi.nlm.nih.gov/41775257/;https://pubmed.ncbi.nlm.nih.gov/39545778/;https://pubmed.ncbi.nlm.nih.gov/21621627/","Multispecies Probiotic for the Prevention of Antibiotic-Associated Diarrhea in Children: A Randomized Clinical Trial.; Targeting microbiota-generated acetaldehyde to prevent progression of metabolic dysfunction-associated steatotic liver disease.; Synergistic effects of Ligilactobacillus salivarius Li01 and psyllium husk prevent mice from developing loperamide-induced constipation.; Screening for lactobacilli with probiotic properties in the infant gut microbiota.","2022;2026;2024;2011","35727573;41775257;39545778;21621627"
"Bacillus safensis","GCF_019599585.1","https://pubmed.ncbi.nlm.nih.gov/42241760/;https://pubmed.ncbi.nlm.nih.gov/41495638/;https://pubmed.ncbi.nlm.nih.gov/40422972/;https://pubmed.ncbi.nlm.nih.gov/34646254/;https://pubmed.ncbi.nlm.nih.gov/40087175/","Ostrich-derived Bacillus safensis O-6 enhances broiler growth performance by modulating gut microbiota and protein digestibility.; Antimicrobial effects of Bacillus safensis BS05 cell free supernatant against Campylobacter jejuni and its probiotic evaluation.; Complete genome sequence of Bacillus safensis strain BS22LVI isolated from the intestine of whiteleg shrimp, Litopenaeus vannamei.; A Seed-Endophytic Bacillus safensis Strain With Antimicrobial Activity Has Genes for Novel Bacteriocin-Like Antimicrobial Peptides.; Bacillus safensis M01 reversed the inflammatory injury of mice jejunum caused by enterotoxigenic Escherichia coli K88.","2026;2026;2025;2021;2025","42241760;41495638;40422972;34646254;40087175"
"Lactiplantibacillus plantarum","GCF_019641415.1","","","",""
"Levilactobacillus brevis","GCF_019693335.1","https://pubmed.ncbi.nlm.nih.gov/36838294/","In Vitro Screen of Lactobacilli Strains for Gastrointestinal and Vaginal Benefits.","2023","36838294"
"Lactiplantibacillus plantarum","GCF_019879165.1","https://pubmed.ncbi.nlm.nih.gov/34750286/","Multifunctional Probiotic and Functional Properties of Lactiplantibacillus plantarum LRCC5314, Isolated from Kimchi.","2022","34750286"
"Limosilactobacillus fermentum","GCF_019890875.1","https://pubmed.ncbi.nlm.nih.gov/19264370/;https://pubmed.ncbi.nlm.nih.gov/20106541/","Differential crosstalk between epithelial cells, dendritic cells and bacteria in a co-culture model.; Lactic acid bacteria efficiently protect human and animal intestinal epithelial and immune cells from enteric virus infection.","2009;2010","19264370;20106541"
"Streptococcus thermophilus","GCF_019972875.1","https://pubmed.ncbi.nlm.nih.gov/12200334/;https://pubmed.ncbi.nlm.nih.gov/28178767/","Cholesterol assimilation by lactic acid bacteria and bifidobacteria isolated from the human gut.; Probiotic bacteria inhibit the bovine respiratory pathogen Mannheimia haemolytica serotype 1 in vitro.","2002;2017","12200334;28178767"
"Bifidobacterium longum subsp. longum","GCF_020072545.1","https://pubmed.ncbi.nlm.nih.gov/28390936/;https://pubmed.ncbi.nlm.nih.gov/20452074/","Evidence of Campylobacter jejuni reduction in broilers with early synbiotic administration.; Characterization of probiotic strains: an application as feed additives in poultry against Campylobacter jejuni.","2017;2010","28390936;20452074"
"Liquorilactobacillus nagelii","GCF_020124705.2","https://pubmed.ncbi.nlm.nih.gov/36384719/","Genomic, probiotic, and metabolic potentials of Liquorilactobacillus nagelii AGA58, a novel bacteriocinogenic motile strain isolated from lactic acid-fermented shalgam.","2023","36384719"
"Corynebacterium amycolatum","GCF_020161895.1","https://pubmed.ncbi.nlm.nih.gov/37004579/","Antibiofilm activity of cell-free supernatants of vaginal isolates of Corynebacterium amycolatum against Pseudomonas aeruginosa and Klebsiella pneumoniae.","2023","37004579"
"Lactiplantibacillus pentosus","GCF_020181715.1","https://pubmed.ncbi.nlm.nih.gov/36891165/;https://pubmed.ncbi.nlm.nih.gov/37722330/;https://pubmed.ncbi.nlm.nih.gov/36411410/;https://pubmed.ncbi.nlm.nih.gov/39809508/;https://pubmed.ncbi.nlm.nih.gov/34764945/;https://pubmed.ncbi.nlm.nih.gov/36844407/","Lactiplantibacillus pentosus P2020 protects the hyperuricemia and renal inflammation in mice.; Chemical changes of potential probiotic Lactiplantibacillus plantarum and Lactobacillus pentosus starter cultures in natural Gemlik type black olive fermentation.; Anti-Helicobacter pylori activity of potential probiotic Lactiplantibacillus pentosus SLC13.; Cholesterol-Lowering Activity of Lactiplantibacillus pentosus KS6I1 in High-Cholesterol Diet-Induced Hypercholesterolemic Mice.; Whole-Genome Sequencing, Phylogenetic and Genomic Analysis of Lactiplantibacillus pentosus L33, a Potential Probiotic Strain Isolated From Fermented Sausages.; Genetic and phenotypic assessment of the antimicrobial activity of three potential probiotic lactobacilli against human enteropathogenic bacteria.","2023;2024;2022;2024;2021;2023","36891165;37722330;36411410;39809508;34764945;36844407"
"Streptococcus thermophilus","GCF_020404265.1","https://pubmed.ncbi.nlm.nih.gov/34310611/;https://pubmed.ncbi.nlm.nih.gov/41568047/;https://pubmed.ncbi.nlm.nih.gov/15678724/;https://pubmed.ncbi.nlm.nih.gov/31832842/","Amelioration of 5-fluorouracil-induced intestinal mucositis by Streptococcus thermophilus ST4 in a mouse model.; Enhancing essential amino acid bioavailability of soy protein through Streptococcus thermophilus ST4 supplementation.; Fermented milk-starch and milk-inulin products as vehicles for lactic acid bacteria.; First Insight into the Probiotic Properties of Ten Streptococcus thermophilus Strains Based on In Vitro Conditions.","2021;2025;2004;2020","34310611;41568047;15678724;31832842"
"Streptococcus thermophilus","GCF_020404275.1","https://pubmed.ncbi.nlm.nih.gov/33226501/;https://pubmed.ncbi.nlm.nih.gov/25291130/;https://pubmed.ncbi.nlm.nih.gov/35047354/;https://pubmed.ncbi.nlm.nih.gov/25291127/;https://pubmed.ncbi.nlm.nih.gov/31832842/","Intestinal microbiome: a new target for chalaziosis treatment in children?; Assessment of the capability of a gelling complex made of tara gum and the exopolysaccharides produced by the microorganism Streptococcus thermophilus ST10 to prospectively restore the gut physiological barrier: a pilot study.; Effectiveness of oral probiotics supplementation in the treatment of adult small chalazion.; Treatment of atopic dermatitis eczema with a high concentration of Lactobacillus salivarius LS01 associated with an innovative gelling complex: a pilot study on adults.; First Insight into the Probiotic Properties of Ten Streptococcus thermophilus Strains Based on In Vitro Conditions.","2021;2014;2022;2014;2020","33226501;25291130;35047354;25291127;31832842"
"Streptococcus thermophilus","GCF_020404305.1","https://pubmed.ncbi.nlm.nih.gov/32920015/;https://pubmed.ncbi.nlm.nih.gov/30452699/;https://pubmed.ncbi.nlm.nih.gov/41334956/;https://pubmed.ncbi.nlm.nih.gov/19007054/;https://pubmed.ncbi.nlm.nih.gov/36904230/;https://pubmed.ncbi.nlm.nih.gov/31832842/","Streptococcus thermophilus Inhibits Colorectal Tumorigenesis Through Secreting β-Galactosidase.; Yogurt and other fermented foods as sources of health-promoting bacteria.; An update on probiotics in paediatrics.; Probiotics.; Pre-, pro-, syn-, and Postbiotics in Infant Formulas: What Are the Immune Benefits for Infants?; First Insight into the Probiotic Properties of Ten Streptococcus thermophilus Strains Based on In Vitro Conditions.","2021;2018;2026;2008;2023;2020","32920015;30452699;41334956;19007054;36904230;31832842"
"Limosilactobacillus fermentum","GCF_020520555.1","https://pubmed.ncbi.nlm.nih.gov/41254951/;https://pubmed.ncbi.nlm.nih.gov/33801082/;https://pubmed.ncbi.nlm.nih.gov/41310220/;https://pubmed.ncbi.nlm.nih.gov/37432320/;https://pubmed.ncbi.nlm.nih.gov/15681631/;https://pubmed.ncbi.nlm.nih.gov/16834593/;https://pubmed.ncbi.nlm.nih.gov/25084666/;https://pubmed.ncbi.nlm.nih.gov/25661998/;https://pubmed.ncbi.nlm.nih.gov/32952010/","The probiotic Limosilactobacillus fermentum CECT5716 enhances the antihypertensive response to hydrochlorothiazide in spontaneously hypertensive rats.; Limosilactobacillus fermentum CECT5716: Mechanisms and Therapeutic Insights.; L.Fermentum CECT5716 and B.Breve CECT7263 on premature infants morbidities: a randomized clinical trial.; Limosilactobacillus fermentum CECT5716: Clinical Potential of a Probiotic Strain Isolated from Human Milk.; Probiotic potential of 3 Lactobacilli strains isolated from breast milk.; Antimicrobial potential of four Lactobacillus strains isolated from breast milk.; Assessment of probiotic properties in lactic acid bacteria isolated from wine.; Relationships between the genome and some phenotypical properties of Lactobacillus fermentum CECT 5716, a probiotic strain isolated from human milk.; Isolation and characterization of lactic acid bacteria from human milk.","2025;2021;2025;2023;2005;2006;2014;2015;2020","41254951;33801082;41310220;37432320;15681631;16834593;25084666;25661998;32952010"
"Roseicella aerolata","GCF_020523605.1","https://pubmed.ncbi.nlm.nih.gov/37547684/","Roseicella aerolata GB24(T) from bioaerosol attenuates Streptococcus pneumoniae-introduced inflammation through regulation of gut microbiota and acetic acid.","2023","37547684"
"Ligilactobacillus salivarius","GCF_020535185.1","https://pubmed.ncbi.nlm.nih.gov/31178178/;https://pubmed.ncbi.nlm.nih.gov/35934757/;https://pubmed.ncbi.nlm.nih.gov/31957758/","Adhesion to pharyngeal epithelium and modulation of immune response: Lactobacillus salivarius AR809, a potential probiotic strain isolated from the human oral cavity.; Complete Genome Sequence of Lactobacillus salivarius AR809, a Probiotic Strain with Oropharyngeal Tract Resistance and Adhesion to the Oral Epithelial Cells.; Human-origin Lactobacillus salivarius AR809 protects against immunosuppression in S. aureus-induced pharyngitis via Akt-mediated NF-κB and autophagy signaling pathways.","2019;2022;2020","31178178;35934757;31957758"
"Limosilactobacillus reuteri","GCF_020785355.1","","","",""
"Limosilactobacillus reuteri","GCF_020785545.1","https://pubmed.ncbi.nlm.nih.gov/19241519/","Isolation of lactobacilli with probiotic properties from the human stomach.","2008","19241519"
"Limosilactobacillus reuteri","GCF_020785595.1","https://pubmed.ncbi.nlm.nih.gov/19241519/","Isolation of lactobacilli with probiotic properties from the human stomach.","2008","19241519"
"Staphylococcus gallinarum","GCF_020790155.1","https://pubmed.ncbi.nlm.nih.gov/36907276/","Genomic and metabolic properties of Staphylococcus gallinarum FCW1 MCC4687 isolated from naturally fermented coconut water towards GRAS assessment.","2023","36907276"
"Lacticaseibacillus rhamnosus","GCF_020826335.1","https://pubmed.ncbi.nlm.nih.gov/35585245/","In vitro anti-tuberculosis effect of probiotic Lacticaseibacillus rhamnosus PMC203 isolated from vaginal microbiota.","2022","35585245"
"Streptococcus thermophilus","GCF_020829085.1","https://pubmed.ncbi.nlm.nih.gov/32920015/;https://pubmed.ncbi.nlm.nih.gov/30452699/;https://pubmed.ncbi.nlm.nih.gov/41334956/;https://pubmed.ncbi.nlm.nih.gov/19007054/;https://pubmed.ncbi.nlm.nih.gov/36904230/;https://pubmed.ncbi.nlm.nih.gov/17714400/;https://pubmed.ncbi.nlm.nih.gov/22790540/","Streptococcus thermophilus Inhibits Colorectal Tumorigenesis Through Secreting β-Galactosidase.; Yogurt and other fermented foods as sources of health-promoting bacteria.; An update on probiotics in paediatrics.; Probiotics.; Pre-, pro-, syn-, and Postbiotics in Infant Formulas: What Are the Immune Benefits for Infants?; Identification and characterization of starter lactic acid bacteria and probiotics from Columbian dairy products.; Antioxidant properties of potentially probiotic bacteria: in vitro and in vivo activities.","2021;2018;2026;2008;2023;2007;2013","32920015;30452699;41334956;19007054;36904230;17714400;22790540"
"Streptococcus thermophilus","GCF_020829125.1","https://pubmed.ncbi.nlm.nih.gov/32920015/;https://pubmed.ncbi.nlm.nih.gov/30452699/;https://pubmed.ncbi.nlm.nih.gov/41334956/;https://pubmed.ncbi.nlm.nih.gov/19007054/;https://pubmed.ncbi.nlm.nih.gov/22790540/","Streptococcus thermophilus Inhibits Colorectal Tumorigenesis Through Secreting β-Galactosidase.; Yogurt and other fermented foods as sources of health-promoting bacteria.; An update on probiotics in paediatrics.; Probiotics.; Antioxidant properties of potentially probiotic bacteria: in vitro and in vivo activities.","2021;2018;2026;2008;2013","32920015;30452699;41334956;19007054;22790540"
"Bifidobacterium bifidum","GCF_020892075.1","https://pubmed.ncbi.nlm.nih.gov/26925600/;https://pubmed.ncbi.nlm.nih.gov/25648808/;https://pubmed.ncbi.nlm.nih.gov/25918671/;https://pubmed.ncbi.nlm.nih.gov/34825137/","Living cells of probiotic Bifidobacterium bifidum YIT 10347 detected on gastric mucosa in humans.; Health benefits of fermented milk containing Bifidobacterium bifidum YIT 10347 on gastric symptoms in adults.; Continuous consumption of fermented milk containing Bifidobacterium bifidum YIT 10347 improves gastrointestinal and psychological symptoms in patients with functional gastrointestinal disorders.; Critical roles of a housekeeping sortase of probiotic Bifidobacterium bifidum in bacterium-host cell crosstalk.","2016;2015;2015;2021","26925600;25648808;25918671;34825137"
"Lactiplantibacillus plantarum","GCF_020916405.1","https://pubmed.ncbi.nlm.nih.gov/34829947/;https://pubmed.ncbi.nlm.nih.gov/37894211/;https://pubmed.ncbi.nlm.nih.gov/36844407/","Genomic and Phylogenetic Analysis of Lactiplantibacillus plantarum L125, and Evaluation of Its Anti-Proliferative and Cytotoxic Activity in Cancer Cells.; Development of a Multiplex PCR Assay for Efficient Detection of Two Potential Probiotic Strains Using Whole Genome-Based Primers.; Genetic and phenotypic assessment of the antimicrobial activity of three potential probiotic lactobacilli against human enteropathogenic bacteria.","2021;2023;2023","34829947;37894211;36844407"
"Bifidobacterium animalis subsp. lactis","GCF_021018785.1","https://pubmed.ncbi.nlm.nih.gov/37962097/;https://pubmed.ncbi.nlm.nih.gov/28118640/","Probiotics for infantile colic: Is there evidence beyond doubt? A meta-analysis and systematic review.; Inhibition of Streptococcus mutans Growth and Biofilm Formation by Probiotics in vitro.","2024;2017","37962097;28118640"
"Klebsiella pneumoniae","GCF_021021015.1","https://pubmed.ncbi.nlm.nih.gov/33887125/;https://pubmed.ncbi.nlm.nih.gov/34610293/;https://pubmed.ncbi.nlm.nih.gov/33359074/;https://pubmed.ncbi.nlm.nih.gov/40774806/;https://pubmed.ncbi.nlm.nih.gov/40783567/;https://pubmed.ncbi.nlm.nih.gov/24969424/","Gut fermentation syndrome: A systematic review of case reports.; Klebsiella oxytoca causes colonization resistance against multidrug-resistant K. pneumoniae in the gut via cooperative carbohydrate competition.; Difference between kwashiorkor and marasmus: Comparative meta-analysis of pathogenic characteristics and implications for treatment.; Butyrate-producing gut bacterium Faecalibacterium prausnitzii protects against bacterial pneumonia.; Microbiome-mediated colonization resistance to carbapenem-resistant Klebsiella pneumoniae in ICU patients.; Screening of marine bacteria with bacteriocin-like activities and probiotic potential for ornate spiny lobster (Panulirus ornatus) juveniles.","2021;2021;2021;2025;2025;2014","33887125;34610293;33359074;40774806;40783567;24969424"
"Lactobacillus delbrueckii subsp. lactis","GCF_021091115.1","https://pubmed.ncbi.nlm.nih.gov/38729712/;https://pubmed.ncbi.nlm.nih.gov/35889136/;https://pubmed.ncbi.nlm.nih.gov/35558121/;https://pubmed.ncbi.nlm.nih.gov/37365380/;https://pubmed.ncbi.nlm.nih.gov/39069058/;https://pubmed.ncbi.nlm.nih.gov/18422938/;https://pubmed.ncbi.nlm.nih.gov/27459335/;https://pubmed.ncbi.nlm.nih.gov/33919849/;https://pubmed.ncbi.nlm.nih.gov/37397469/","Lactobacillus delbrueckii CIDCA 133 fermented milk modulates inflammation and gut microbiota to alleviate acute colitis.; Paraprobiotics and Postbiotics of Lactobacillus delbrueckii CIDCA 133 Mitigate 5-FU-Induced Intestinal Inflammation.; Lactobacillus delbrueckii CIDCA 133 Ameliorates Chemotherapy-Induced Mucositis by Modulating Epithelial Barrier and TLR2/4/Myd88/NF-κB Signaling Pathway.; Synergistic synbiotic containing fructooligosaccharides and Lactobacillus delbrueckii CIDCA 133 alleviates chemotherapy-induced intestinal mucositis in mice.; Exploring the anti-inflammatory effects of postbiotic proteins from Lactobacillus delbrueckii CIDCA 133 on inflammatory bowel disease model.; Lactobacilli antagonize biological effects of enterohaemorrhagic Escherichia coli in vitro.; Lactobacillus delbrueckii subsp lactis CIDCA 133 modulates response of human epithelial and dendritic cells infected with Bacillus cereus.; Probiogenomics of Lactobacillus delbrueckii subsp. lactis CIDCA 133: In Silico, In Vitro, and In Vivo Approaches.; Cell-free supernatant of probiotic bacteria exerted antibiofilm and antibacterial activities against Pseudomonas aeruginosa: A novel biotic therapy.","2024;2022;2022;2023;2024;2008;2016;2021;2023","38729712;35889136;35558121;37365380;39069058;18422938;27459335;33919849;37397469"
"Lactobacillus delbrueckii subsp. bulgaricus","GCF_021133775.1","https://pubmed.ncbi.nlm.nih.gov/39458486/;https://pubmed.ncbi.nlm.nih.gov/35916052/;https://pubmed.ncbi.nlm.nih.gov/36914312/","Microbiota Transplantation in Individuals with Type 2 Diabetes and a High Degree of Insulin Resistance.; IL-22 and Lactobacillus delbrueckii mitigate alcohol-induced exacerbation of DSS-induced colitis.; Development of innovative fermented products by exploiting the diversity of immunomodulatory properties and fermentative activity of lactic and propionic acid bacteria.","2024;2022;2023","39458486;35916052;36914312"
"Lactobacillus delbrueckii subsp. bulgaricus","GCF_021133875.1","https://pubmed.ncbi.nlm.nih.gov/39458486/;https://pubmed.ncbi.nlm.nih.gov/35916052/;https://pubmed.ncbi.nlm.nih.gov/36914312/","Microbiota Transplantation in Individuals with Type 2 Diabetes and a High Degree of Insulin Resistance.; IL-22 and Lactobacillus delbrueckii mitigate alcohol-induced exacerbation of DSS-induced colitis.; Development of innovative fermented products by exploiting the diversity of immunomodulatory properties and fermentative activity of lactic and propionic acid bacteria.","2024;2022;2023","39458486;35916052;36914312"
"Lactobacillus delbrueckii subsp. bulgaricus","GCF_021133935.1","https://pubmed.ncbi.nlm.nih.gov/39458486/;https://pubmed.ncbi.nlm.nih.gov/35916052/;https://pubmed.ncbi.nlm.nih.gov/36914312/","Microbiota Transplantation in Individuals with Type 2 Diabetes and a High Degree of Insulin Resistance.; IL-22 and Lactobacillus delbrueckii mitigate alcohol-induced exacerbation of DSS-induced colitis.; Development of innovative fermented products by exploiting the diversity of immunomodulatory properties and fermentative activity of lactic and propionic acid bacteria.","2024;2022;2023","39458486;35916052;36914312"
"Lactobacillus delbrueckii subsp. lactis","GCF_021134695.1","https://pubmed.ncbi.nlm.nih.gov/30452699/;https://pubmed.ncbi.nlm.nih.gov/39458486/;https://pubmed.ncbi.nlm.nih.gov/35491646/;https://pubmed.ncbi.nlm.nih.gov/36694578/;https://pubmed.ncbi.nlm.nih.gov/35916052/;https://pubmed.ncbi.nlm.nih.gov/36914312/","Yogurt and other fermented foods as sources of health-promoting bacteria.; Microbiota Transplantation in Individuals with Type 2 Diabetes and a High Degree of Insulin Resistance.; Precision Probiotic Medicine to Improve ICB Immunotherapy.; Probiotic growth in skin-like conditions.; IL-22 and Lactobacillus delbrueckii mitigate alcohol-induced exacerbation of DSS-induced colitis.; Development of innovative fermented products by exploiting the diversity of immunomodulatory properties and fermentative activity of lactic and propionic acid bacteria.","2018;2024;2022;2022;2022;2023","30452699;39458486;35491646;36694578;35916052;36914312"
"Streptococcus thermophilus","GCF_021297475.1","","","",""
"Limosilactobacillus reuteri","GCF_021398615.1","https://pubmed.ncbi.nlm.nih.gov/36130031/","Limosilactobacillus reuteri DS0384 promotes intestinal epithelial maturation via the postbiotic effect in human intestinal organoids and infant mice.","2022","36130031"
"Bifidobacterium pseudocatenulatum","GCF_021484885.1","https://pubmed.ncbi.nlm.nih.gov/36363691/","Genomic and Biochemical Characterization of Bifidobacterium pseudocatenulatum JCLA3 Isolated from Human Intestine.","2022","36363691"
"Limosilactobacillus fermentum","GCF_021582915.1","https://pubmed.ncbi.nlm.nih.gov/36735220/","Assessment of Genomic and Metabolic Characteristics of Cholesterol-Reducing and GABA Producer Limosilactobacillus fermentum AGA52 Isolated from Lactic Acid Fermented Shalgam Based on ""In Silico"" and ""In Vitro"" Approaches.","2024","36735220"
"Bifidobacterium bifidum","GCF_022014355.1","https://pubmed.ncbi.nlm.nih.gov/37181836/;https://pubmed.ncbi.nlm.nih.gov/37547341/;https://pubmed.ncbi.nlm.nih.gov/34258278/;https://pubmed.ncbi.nlm.nih.gov/21831795/","Genome Features of Probiotic Bifidobacteria Determining Their Strain-Specific Properties.; Bifidobacteria Encapsulation and Viability of Probiotic Culture during Oral Delivery in a Milk Drink Matrix.; Genome Features and In Vitro Activity against Influenza A and SARS-CoV-2 Viruses of Six Probiotic Strains.; The role of components of Bifidobacterium and Lactobacillus in pathogenesis and serologic diagnosis of autoimmune thyroid diseases.","2022;2023;2021;2011","37181836;37547341;34258278;21831795"
"Corynebacterium accolens","GCF_022014535.1","https://pubmed.ncbi.nlm.nih.gov/34875424/;https://pubmed.ncbi.nlm.nih.gov/33672855/","In vitro and in vivo evaluation of probiotic properties of Corynebacterium accolens isolated from the human nasal cavity.; Corynebacterium accolens Has Antimicrobial Activity against Staphylococcus aureus and Methicillin-Resistant S. aureus Pathogens Isolated from the Sinonasal Niche of Chronic Rhinosinusitis Patients.","2022;2021","34875424;33672855"
"Corynebacterium accolens","GCF_022014555.1","https://pubmed.ncbi.nlm.nih.gov/34875424/;https://pubmed.ncbi.nlm.nih.gov/33672855/","In vitro and in vivo evaluation of probiotic properties of Corynebacterium accolens isolated from the human nasal cavity.; Corynebacterium accolens Has Antimicrobial Activity against Staphylococcus aureus and Methicillin-Resistant S. aureus Pathogens Isolated from the Sinonasal Niche of Chronic Rhinosinusitis Patients.","2022;2021","34875424;33672855"
"Corynebacterium accolens","GCF_022014575.1","https://pubmed.ncbi.nlm.nih.gov/34875424/;https://pubmed.ncbi.nlm.nih.gov/33672855/","In vitro and in vivo evaluation of probiotic properties of Corynebacterium accolens isolated from the human nasal cavity.; Corynebacterium accolens Has Antimicrobial Activity against Staphylococcus aureus and Methicillin-Resistant S. aureus Pathogens Isolated from the Sinonasal Niche of Chronic Rhinosinusitis Patients.","2022;2021","34875424;33672855"
"Enterococcus mundtii","GCF_022048965.1","https://pubmed.ncbi.nlm.nih.gov/36758891/","Patient-derived Enterococcus mundtii and its capsular polysaccharides cause depression through the downregulation of NF-κB-involved serotonin and BDNF expression.","2023","36758891"
"Enterococcus durans","GCF_022095895.1","https://pubmed.ncbi.nlm.nih.gov/41792527/;https://pubmed.ncbi.nlm.nih.gov/38560132/;https://pubmed.ncbi.nlm.nih.gov/36918202/;https://pubmed.ncbi.nlm.nih.gov/28159220/;https://pubmed.ncbi.nlm.nih.gov/34581832/;https://pubmed.ncbi.nlm.nih.gov/34970251/","Enterococcus durans YQ-6 Enhances Antioxidant Capacity and Immune Function in Leizhou Black Ducks.; Enterococcus durans 98D alters gut microbial composition and function to improve DSS-induced colitis in mice.; Genome sequence and probiotic potential of newly isolated Enterococcus durans strain MN187066.; Bioaccumulation and distribution of selenium in Enterococcus durans.; Assessment of probiotic adhesion and inhibitory effect on Escherichia coli and Salmonella adhesion.; Probiotic Potential Analysis and Safety Evaluation of Enterococcus durans A8-1 Isolated From a Healthy Chinese Infant.","2026;2024;2023;2017;2021;2021","41792527;38560132;36918202;28159220;34581832;34970251"
"Escherichia coli","GCF_022221385.1","https://pubmed.ncbi.nlm.nih.gov/18300344/","Probiotic Leuconostoc mesenteroides ssp. cremoris and Streptococcus thermophilus induce IL-12 and IFN-gamma production.","2008","18300344"
"Bacillus velezensis","GCF_022313395.1","https://pubmed.ncbi.nlm.nih.gov/35680027/","Comparative genomics analysis of Bacillus velezensis LOH112 isolated from a nonagenarian provides insights into its biocontrol and probiotic traits.","2022","35680027"
"Bacillus velezensis","GCF_022385235.1","https://pubmed.ncbi.nlm.nih.gov/34212287/;https://pubmed.ncbi.nlm.nih.gov/36734186/;https://pubmed.ncbi.nlm.nih.gov/38865770/;https://pubmed.ncbi.nlm.nih.gov/38501778/;https://pubmed.ncbi.nlm.nih.gov/37325518/","Potential of Bacillus velezensis as a probiotic in animal feed: a review.; Whole-Cell MALDI-ToF MS Coupled with Untargeted Metabolomics Facilitates Investigations of Microbial Chemical Interactions.; Assessment of probiotic Bacillus velezensis supplementation to reduce Campylobacter jejuni colonization in chickens.; Draft genome sequence of Bacillus velezensis strain 3TSA-3, a potential probiotic for Pacific white shrimp Penaeus vannamei postlarvae isolated from commercial hatchery tanks.; Antagonistic transcriptome profile reveals potential mechanisms of action on Xanthomonas oryzae pv. oryzicola by the cell-free supernatants of Bacillus velezensis 504, a versatile plant probiotic bacterium.","2021;2023;2024;2024;2023","34212287;36734186;38865770;38501778;37325518"
"Enterococcus faecalis V583","GCF_022406515.1","https://pubmed.ncbi.nlm.nih.gov/31718570/;https://pubmed.ncbi.nlm.nih.gov/38702495/;https://pubmed.ncbi.nlm.nih.gov/37237745/;https://pubmed.ncbi.nlm.nih.gov/39162453/;https://pubmed.ncbi.nlm.nih.gov/36922364/;https://pubmed.ncbi.nlm.nih.gov/22348541/","Isolation, characterization, and assessment of lactic acid bacteria toward their selection as poultry probiotics.; Enterococcus faecalis: implications for host health.; Enterococcal Phages: Food and Health Applications.; Whole-genome sequencing of Enterococcus faecalis probiotic strains isolated from raw milk of healthy cows.; Probiotic treatment (Enterococcus faecalis) improves symptoms of seasonal allergic rhinitis: A randomized controlled trial.; In vitro comparison of commensal, probiotic and pathogenic strains of Enterococcus faecalis.","2019;2024;2023;2024;2023;2012","31718570;38702495;37237745;39162453;36922364;22348541"
"Bacillus licheniformis","GCF_022630555.1","https://pubmed.ncbi.nlm.nih.gov/36013417/","Inhibitory Effect of Bacillus licheniformis Strains Isolated from Canine Oral Cavity.","2022","36013417"
"Lactobacillus gasseri","GCF_022642475.1","https://pubmed.ncbi.nlm.nih.gov/33160356/;https://pubmed.ncbi.nlm.nih.gov/39582101/;https://pubmed.ncbi.nlm.nih.gov/37575226/;https://pubmed.ncbi.nlm.nih.gov/31405122/;https://pubmed.ncbi.nlm.nih.gov/39648298/","Vaginal microbiota and the potential of Lactobacillus derivatives in maintaining vaginal health.; Probiotic significance of Lactobacillus strains: a comprehensive review on health impacts, research gaps, and future prospects.; Orally administrated Lactobacillus gasseri TM13 and Lactobacillus crispatus LG55 can restore the vaginal health of patients recovering from bacterial vaginosis.; Health Benefits of Lactobacillus gasseri CP2305 Tablets in Young Adults Exposed to Chronic Stress: A Randomized, Double-Blind, Placebo-Controlled Study.; Infant feces-derived Lactobacillus gasseri FWJL-4 mitigates experimental necrotizing enterocolitis via acetate production.","2020;2024;2023;2019;2024","33160356;39582101;37575226;31405122;39648298"
"Limosilactobacillus reuteri","GCF_022642805.1","https://pubmed.ncbi.nlm.nih.gov/39468026/;https://pubmed.ncbi.nlm.nih.gov/39825615/;https://pubmed.ncbi.nlm.nih.gov/41334956/;https://pubmed.ncbi.nlm.nih.gov/39235661/;https://pubmed.ncbi.nlm.nih.gov/39891249/","Galactooligosaccharides and Limosilactobacillus reuteri synergistically alleviate gut inflammation and barrier dysfunction by enriching Bacteroides acidifaciens for pentadecanoic acid biosynthesis.; Limosilactobacillus reuteri - a probiotic gut commensal with contextual impact on immunity.; An update on probiotics in paediatrics.; Intestinal Dysbiosis: Exploring Definition, Associated Symptoms, and Perspectives for a Comprehensive Understanding - a Scoping Review.; Real-world of Limosilactobacillus reuteri in mitigation of acute experimental colitis.","2024;2025;2026;2025;2025","39468026;39825615;41334956;39235661;39891249"
"Bifidobacterium longum subsp. longum","GCF_022643745.1","https://pubmed.ncbi.nlm.nih.gov/36973397/;https://pubmed.ncbi.nlm.nih.gov/38091982/;https://pubmed.ncbi.nlm.nih.gov/36216361/;https://pubmed.ncbi.nlm.nih.gov/28483500/;https://pubmed.ncbi.nlm.nih.gov/36615708/;https://pubmed.ncbi.nlm.nih.gov/32131456/;https://pubmed.ncbi.nlm.nih.gov/34795651/","Artificial-enzymes-armed Bifidobacterium longum probiotics for alleviating intestinal inflammation and microbiota dysbiosis.; Bifidobacterium longum promotes postoperative liver function recovery in patients with hepatocellular carcinoma.; Usefulness of Bifidobacterium longum BB536 in Elderly Individuals With Chronic Constipation: A Randomized Controlled Trial.; Probiotic Bifidobacterium longum NCC3001 Reduces Depression Scores and Alters Brain Activity: A Pilot Study in Patients With Irritable Bowel Syndrome.; Probiotic Bifidobacterium longum BB68S Improves Cognitive Functions in Healthy Older Adults: A Randomized, Double-Blind, Placebo-Controlled Trial.; In vitro Probiotic Potential and Safety Evaluation (Hemolytic, Cytotoxic Activity) of Bifidobacterium Strains Isolated from Raw Camel Milk.; Identification, Characterization, and Antioxidant Potential of Bifidobacterium longum subsp. longum Strains Isolated From Feces of Healthy Infants.","2023;2024;2023;2017;2022;2020;2021","36973397;38091982;36216361;28483500;36615708;32131456;34795651"
"Bifidobacterium longum subsp. longum","GCF_022644005.1","https://pubmed.ncbi.nlm.nih.gov/36973397/;https://pubmed.ncbi.nlm.nih.gov/38091982/;https://pubmed.ncbi.nlm.nih.gov/36216361/;https://pubmed.ncbi.nlm.nih.gov/28483500/;https://pubmed.ncbi.nlm.nih.gov/36615708/;https://pubmed.ncbi.nlm.nih.gov/32131456/;https://pubmed.ncbi.nlm.nih.gov/34795651/","Artificial-enzymes-armed Bifidobacterium longum probiotics for alleviating intestinal inflammation and microbiota dysbiosis.; Bifidobacterium longum promotes postoperative liver function recovery in patients with hepatocellular carcinoma.; Usefulness of Bifidobacterium longum BB536 in Elderly Individuals With Chronic Constipation: A Randomized Controlled Trial.; Probiotic Bifidobacterium longum NCC3001 Reduces Depression Scores and Alters Brain Activity: A Pilot Study in Patients With Irritable Bowel Syndrome.; Probiotic Bifidobacterium longum BB68S Improves Cognitive Functions in Healthy Older Adults: A Randomized, Double-Blind, Placebo-Controlled Trial.; In vitro Probiotic Potential and Safety Evaluation (Hemolytic, Cytotoxic Activity) of Bifidobacterium Strains Isolated from Raw Camel Milk.; Identification, Characterization, and Antioxidant Potential of Bifidobacterium longum subsp. longum Strains Isolated From Feces of Healthy Infants.","2023;2024;2023;2017;2022;2020;2021","36973397;38091982;36216361;28483500;36615708;32131456;34795651"
"Bifidobacterium pseudolongum subsp. pseudolongum","GCF_022691205.1","https://pubmed.ncbi.nlm.nih.gov/37459922/;https://pubmed.ncbi.nlm.nih.gov/39870395/;https://pubmed.ncbi.nlm.nih.gov/38971026/;https://pubmed.ncbi.nlm.nih.gov/39978276/;https://pubmed.ncbi.nlm.nih.gov/40675363/;https://pubmed.ncbi.nlm.nih.gov/15033269/;https://pubmed.ncbi.nlm.nih.gov/36658194/","Bifidobacterium pseudolongum-generated acetate suppresses non-alcoholic fatty liver disease-associated hepatocellular carcinoma.; Fasting-mimicking diet-enriched Bifidobacterium pseudolongum suppresses colorectal cancer by inducing memory CD8+ T cells.; Multiomics reveals the ameliorating effect and underlying mechanism of aqueous extracts of polygonatum sibiricum rhizome on obesity and liver fat accumulation in high-fat diet-fed mice.; Yinzhihuang formula modulates the microbe‒gut‒liver axis and bile acid excretion to attenuate cholestatic liver injury.; Bifidobacterium pseudolongum attenuates morphine tolerance via TLR4 in a male mouse model of bone cancer pain.; In vitro inhibition of Escherichia coli O157:H7 by bifidobacterial strains of human origin.; Strain-specific alterations in gut microbiome and host immune responses elicited by tolerogenic Bifidobacterium pseudolongum.","2023;2025;2024;2025;2025;2004;2023","37459922;39870395;38971026;39978276;40675363;15033269;36658194"
"Paenibacillus polymyxa ATCC 842","GCF_022811565.1","https://pubmed.ncbi.nlm.nih.gov/33096257/;https://pubmed.ncbi.nlm.nih.gov/36097971/;https://pubmed.ncbi.nlm.nih.gov/29146501/;https://pubmed.ncbi.nlm.nih.gov/36528324/;https://pubmed.ncbi.nlm.nih.gov/34466687/;https://pubmed.ncbi.nlm.nih.gov/28178767/","Genome analysis reveals probiotic propensities of Paenibacillus polymyxa HK4.; Screening of new Paenibacillus polymyxa S3 and its disease resistance of grass carp (Ctenopharyngodon idellus).; Antibacterial activity and probiotic characterization of autochthonous Paenibacillus polymyxa isolated from Anabas testudineus (Bloch, 1792).; Probiotic Paenibacillus polymyxa HGA4C and Bacillus licheniformis HGA8B combination improved growth performance, enzymatic profile, gene expression and disease resistance in Oreochromisniloticus.; Probiotic Paenibacillus polymyxa 10 and Lactobacillus plantarum 16 enhance growth performance of broilers by improving the intestinal health.; Probiotic bacteria inhibit the bovine respiratory pathogen Mannheimia haemolytica serotype 1 in vitro.","2021;2023;2017;2023;2021;2017","33096257;36097971;29146501;36528324;34466687;28178767"
"Pediococcus acidilactici","GCF_022844645.1","https://pubmed.ncbi.nlm.nih.gov/35618633/;https://pubmed.ncbi.nlm.nih.gov/31718570/;https://pubmed.ncbi.nlm.nih.gov/40849527/;https://pubmed.ncbi.nlm.nih.gov/37584728/;https://pubmed.ncbi.nlm.nih.gov/33349402/","Multi-Probiotics ameliorate Major depressive disorder and accompanying gastrointestinal syndromes via serotonergic system regulation.; Isolation, characterization, and assessment of lactic acid bacteria toward their selection as poultry probiotics.; Pediococcus acidilactici GR-5 alleviates hyperuricemia by degrading purine nucleosides and improving gut microbiota metabolism.; Glucose-lowering effects of a synbiotic combination containing Pediococcus acidilactici in C. elegans and mice.; Isolation and Evaluation of Probiotic Potential of Lactic Acid Strains From Healthy Equines for Potential Use in Salmonella Infection.","2023;2019;2025;2023;2021","35618633;31718570;40849527;37584728;33349402"
"Bacillus glycinifermentans","GCF_023022945.1","https://pubmed.ncbi.nlm.nih.gov/37374912/","Characterization of a Novel Bacillus glycinifermentans Strain MGMM1 Based on Full Genome Analysis and Phenotypic Properties for Biotechnological Applications.","2023","37374912"
"Limosilactobacillus reuteri","GCF_023078415.1","https://pubmed.ncbi.nlm.nih.gov/34899643/","Development of Anti-inflammatory Probiotic Limosilactobacillus reuteri EFEL6901 as Kimchi Starter: in vitro and In vivo Evidence.","2021","34899643"
"Lactiplantibacillus plantarum subsp. plantarum","GCF_023111075.1","https://pubmed.ncbi.nlm.nih.gov/36571922/;https://pubmed.ncbi.nlm.nih.gov/40749709/;https://pubmed.ncbi.nlm.nih.gov/40269965/;https://pubmed.ncbi.nlm.nih.gov/38841895/;https://pubmed.ncbi.nlm.nih.gov/40114208/;https://pubmed.ncbi.nlm.nih.gov/34835461/","A novel approach to Lactiplantibacillus plantarum: From probiotic properties to the omics insights.; Harnessing Lactiplantibacillus plantarum EP21 and its membrane vesicles to inhibit myopia development.; Lactiplantibacillus plantarum -derived extracellular vesicles alleviate acute lung injury by inhibiting ferroptosis of macrophages.; Enhancing social behavior in an autism spectrum disorder mouse model: investigating the underlying mechanisms of Lactiplantibacillus plantarum intervention.; Reducing severity of inflammatory bowel disease through colonization of Lactiplantibacillus plantarum and its extracellular vesicles release.; Adhesion Properties of Lactobacillus plantarum Dad-13 and Lactobacillus plantarum Mut-7 on Sprague Dawley Rat Intestine.","2023;2025;2025;2024;2025;2021","36571922;40749709;40269965;38841895;40114208;34835461"
"Lactiplantibacillus plantarum","GCF_023145715.1","https://pubmed.ncbi.nlm.nih.gov/37317208/","Whole Genome Sequencing of the Novel Probiotic Strain Lactiplantibacillus plantarum FCa3L.","2023","37317208"
"Lactiplantibacillus plantarum","GCF_023168025.1","https://pubmed.ncbi.nlm.nih.gov/37431006/","Lactiplantibacillus plantarum LOC1 Isolated from Fresh Tea Leaves Modulates Macrophage Response to TLR4 Activation.","2022","37431006"
"Lactiplantibacillus plantarum","GCF_023195495.1","https://pubmed.ncbi.nlm.nih.gov/35615501/","Assessments of Probiotic Potentials of Lactiplantibacillus plantarum Strains Isolated From Chinese Traditional Fermented Food: Phenotypic and Genomic Analysis.","2022","35615501"
"Lactiplantibacillus plantarum","GCF_023195585.1","https://pubmed.ncbi.nlm.nih.gov/35987935/","Probiogenomic Analysis of Lactiplantibacillus sp. LM14-2 from Fermented Mussel (Hoi-dong), and Evaluation of its Cholesterol-lowering and Immunomodulation Effects.","2023","35987935"
"Bifidobacterium longum subsp. infantis","GCF_023205855.1","https://pubmed.ncbi.nlm.nih.gov/36973397/;https://pubmed.ncbi.nlm.nih.gov/38091982/;https://pubmed.ncbi.nlm.nih.gov/36216361/;https://pubmed.ncbi.nlm.nih.gov/28483500/;https://pubmed.ncbi.nlm.nih.gov/36615708/;https://pubmed.ncbi.nlm.nih.gov/31834968/","Artificial-enzymes-armed Bifidobacterium longum probiotics for alleviating intestinal inflammation and microbiota dysbiosis.; Bifidobacterium longum promotes postoperative liver function recovery in patients with hepatocellular carcinoma.; Usefulness of Bifidobacterium longum BB536 in Elderly Individuals With Chronic Constipation: A Randomized Controlled Trial.; Probiotic Bifidobacterium longum NCC3001 Reduces Depression Scores and Alters Brain Activity: A Pilot Study in Patients With Irritable Bowel Syndrome.; Probiotic Bifidobacterium longum BB68S Improves Cognitive Functions in Healthy Older Adults: A Randomized, Double-Blind, Placebo-Controlled Trial.; Impact of Acerola (Malpighia emarginata DC) Byproduct and Probiotic Strains on Technological and Sensory Features of Fermented Soy Beverages.","2023;2024;2023;2017;2022;2019","36973397;38091982;36216361;28483500;36615708;31834968"
"Pediococcus pentosaceus","GCF_023369775.1","https://pubmed.ncbi.nlm.nih.gov/37275132/","Assessing the efficacy of probiotics in augmenting bovine reproductive health: an integrated in vitro, in silico, and in vivo study.","2023","37275132"
"Lactiplantibacillus plantarum","GCF_023369895.1","https://pubmed.ncbi.nlm.nih.gov/37275132/","Assessing the efficacy of probiotics in augmenting bovine reproductive health: an integrated in vitro, in silico, and in vivo study.","2023","37275132"
"Bifidobacterium animalis subsp. lactis","GCF_023375105.1","https://pubmed.ncbi.nlm.nih.gov/37962097/","Probiotics for infantile colic: Is there evidence beyond doubt? A meta-analysis and systematic review.","2024","37962097"
"Lacticaseibacillus paracasei","GCF_023375875.1","https://pubmed.ncbi.nlm.nih.gov/41538653/;https://pubmed.ncbi.nlm.nih.gov/36136562/;https://pubmed.ncbi.nlm.nih.gov/35783439/;https://pubmed.ncbi.nlm.nih.gov/36844407/","Fermented Lacticaseibacillus Paracasei Cultures Ameliorate Colitis by Modulating Microbiota-Derived Tryptophan Metabolism and Macrophage Polarization.; Postbiotics and Kidney Disease.; Genomic Insight Into Lacticaseibacillus paracasei SP5, Reveals Genes and Gene Clusters of Probiotic Interest and Biotechnological Potential.; Genetic and phenotypic assessment of the antimicrobial activity of three potential probiotic lactobacilli against human enteropathogenic bacteria.","2026;2022;2022;2023","41538653;36136562;35783439;36844407"
"Lacticaseibacillus paracasei","GCF_023470645.1","https://pubmed.ncbi.nlm.nih.gov/41538653/;https://pubmed.ncbi.nlm.nih.gov/36136562/;https://pubmed.ncbi.nlm.nih.gov/36613437/","Fermented Lacticaseibacillus Paracasei Cultures Ameliorate Colitis by Modulating Microbiota-Derived Tryptophan Metabolism and Macrophage Polarization.; Postbiotics and Kidney Disease.; Biochemical and Genomic Characterization of Two New Strains of Lacticaseibacillus paracasei Isolated from the Traditional Corn-Based Beverage of South Africa, Mahewu, and Their Comparison with Strains Isolated from Kefir Grains.","2026;2022;2023","41538653;36136562;36613437"
"Lacticaseibacillus paracasei","GCF_023470655.1","https://pubmed.ncbi.nlm.nih.gov/41538653/;https://pubmed.ncbi.nlm.nih.gov/36136562/;https://pubmed.ncbi.nlm.nih.gov/36613437/","Fermented Lacticaseibacillus Paracasei Cultures Ameliorate Colitis by Modulating Microbiota-Derived Tryptophan Metabolism and Macrophage Polarization.; Postbiotics and Kidney Disease.; Biochemical and Genomic Characterization of Two New Strains of Lacticaseibacillus paracasei Isolated from the Traditional Corn-Based Beverage of South Africa, Mahewu, and Their Comparison with Strains Isolated from Kefir Grains.","2026;2022;2023","41538653;36136562;36613437"
"Lactiplantibacillus plantarum subsp. plantarum","GCF_023547165.1","https://pubmed.ncbi.nlm.nih.gov/41050157/;https://pubmed.ncbi.nlm.nih.gov/34835461/","Beneficial effects of probiotic supplementation (Lactiplantibacillus plantarum Dad-13) on body weight, liver function, and liver histopathological features in non-alcoholic fatty liver disease (NAFLD) model Sprague-Dawley rats.; Adhesion Properties of Lactobacillus plantarum Dad-13 and Lactobacillus plantarum Mut-7 on Sprague Dawley Rat Intestine.","2025;2021","41050157;34835461"
"Corynebacterium intestinale","GCF_023574125.1","https://pubmed.ncbi.nlm.nih.gov/37485528/","Genome insight and probiotic potential of three novel species of the genus Corynebacterium.","2023","37485528"
"Limosilactobacillus fermentum","GCF_023612195.1","https://pubmed.ncbi.nlm.nih.gov/33764849/;https://pubmed.ncbi.nlm.nih.gov/40028723/;https://pubmed.ncbi.nlm.nih.gov/41254951/;https://pubmed.ncbi.nlm.nih.gov/39242568/;https://pubmed.ncbi.nlm.nih.gov/33801082/;https://pubmed.ncbi.nlm.nih.gov/32539956/","Limosilactobacillus fermentum JL-3 isolated from ""Jiangshui"" ameliorates hyperuricemia by degrading uric acid.; Extracellular vesicles of Limosilactobacillus fermentum SLAM216 ameliorate skin symptoms of atopic dermatitis by regulating gut microbiome on serotonin metabolism.; The probiotic Limosilactobacillus fermentum CECT5716 enhances the antihypertensive response to hydrochlorothiazide in spontaneously hypertensive rats.; A probiotic Limosilactobacillus fermentum GR-3 mitigates colitis-associated tumorigenesis in mice via modulating gut microbiome.; Limosilactobacillus fermentum CECT5716: Mechanisms and Therapeutic Insights.; A potential flavor culture: Lactobacillus harbinensis M1 improves the organoleptic quality of fermented soymilk by high production of 2,3-butanedione and acetoin.","2021;2025;2025;2024;2021;2020","33764849;40028723;41254951;39242568;33801082;32539956"
"Lacticaseibacillus paracasei","GCF_023656965.1","https://pubmed.ncbi.nlm.nih.gov/28371001/","Lactobacillus paracasei metabolism of rice bran reveals metabolome associated with Salmonella Typhimurium growth reduction.","2017","28371001"
"Weissella uvarum","GCF_023657405.1","","","",""
"Bifidobacterium animalis","GCF_023704215.1","https://pubmed.ncbi.nlm.nih.gov/35572671/;https://pubmed.ncbi.nlm.nih.gov/36812033/","The Probiotic Strain Bifidobacterium animalis ssp. lactis HY8002 Potentially Improves the Mucosal Integrity of an Altered Intestinal Microbial Environment.; Immunostimulatory effects of dairy probiotic strains Bifidobacterium animalis ssp. lactis HY8002 and Lactobacillus plantarum HY7717.","2022;2022","35572671;36812033"
"Lactococcus lactis subsp. lactis","GCF_023822185.1","https://pubmed.ncbi.nlm.nih.gov/27466284/;https://pubmed.ncbi.nlm.nih.gov/38599786/;https://pubmed.ncbi.nlm.nih.gov/29899025/;https://pubmed.ncbi.nlm.nih.gov/41486553/;https://pubmed.ncbi.nlm.nih.gov/39738244/;https://pubmed.ncbi.nlm.nih.gov/35694291/","Stress Physiology of Lactic Acid Bacteria.; Lactococcus lactis HkyuLL 10 suppresses colorectal tumourigenesis and restores gut microbiota through its generated alpha-mannosidase.; Curbing cholera.; Lactococcus lactis subsp. Cremoris reprograms systemic metabolism and protects against myocardial injury.; Lactococcus lactis and Bifidobacterium bifidum alleviate postmenopausal symptoms by suppressing NF-κB signaling and microbiota dysbiosis.; Health-Promoting Nature of Lactococcus lactis IBB109 and Lactococcus lactis IBB417 Strains Exhibiting Proliferation Inhibition and Stimulation of Interleukin-18 Expression in Colorectal Cancer Cells.","2016;2024;2018;2026;2024;2022","27466284;38599786;29899025;41486553;39738244;35694291"
"Lactococcus lactis subsp. lactis","GCF_023822205.1","https://pubmed.ncbi.nlm.nih.gov/27466284/;https://pubmed.ncbi.nlm.nih.gov/38599786/;https://pubmed.ncbi.nlm.nih.gov/29899025/;https://pubmed.ncbi.nlm.nih.gov/41486553/;https://pubmed.ncbi.nlm.nih.gov/39738244/;https://pubmed.ncbi.nlm.nih.gov/35694291/","Stress Physiology of Lactic Acid Bacteria.; Lactococcus lactis HkyuLL 10 suppresses colorectal tumourigenesis and restores gut microbiota through its generated alpha-mannosidase.; Curbing cholera.; Lactococcus lactis subsp. Cremoris reprograms systemic metabolism and protects against myocardial injury.; Lactococcus lactis and Bifidobacterium bifidum alleviate postmenopausal symptoms by suppressing NF-κB signaling and microbiota dysbiosis.; Health-Promoting Nature of Lactococcus lactis IBB109 and Lactococcus lactis IBB417 Strains Exhibiting Proliferation Inhibition and Stimulation of Interleukin-18 Expression in Colorectal Cancer Cells.","2016;2024;2018;2026;2024;2022","27466284;38599786;29899025;41486553;39738244;35694291"
"Lactiplantibacillus pentosus","GCF_023823145.1","https://pubmed.ncbi.nlm.nih.gov/36891165/;https://pubmed.ncbi.nlm.nih.gov/37722330/;https://pubmed.ncbi.nlm.nih.gov/36411410/;https://pubmed.ncbi.nlm.nih.gov/39809508/;https://pubmed.ncbi.nlm.nih.gov/36212812/","Lactiplantibacillus pentosus P2020 protects the hyperuricemia and renal inflammation in mice.; Chemical changes of potential probiotic Lactiplantibacillus plantarum and Lactobacillus pentosus starter cultures in natural Gemlik type black olive fermentation.; Anti-Helicobacter pylori activity of potential probiotic Lactiplantibacillus pentosus SLC13.; Cholesterol-Lowering Activity of Lactiplantibacillus pentosus KS6I1 in High-Cholesterol Diet-Induced Hypercholesterolemic Mice.; Whole-genome sequence analysis for evaluating the safety and probiotic potential of Lactiplantibacillus pentosus 9D3, a gamma-aminobutyric acid (GABA)-producing strain isolated from Thai pickled weed.","2023;2024;2022;2024;2022","36891165;37722330;36411410;39809508;36212812"
"Bacillus amyloliquefaciens","GCF_023920185.1","https://pubmed.ncbi.nlm.nih.gov/41764596/;https://pubmed.ncbi.nlm.nih.gov/35080439/;https://pubmed.ncbi.nlm.nih.gov/36428313/","Probiotic efficacy of Bacillus amyloliquefaciens TL106 from Tibetan pigs in metabolic syndrome: modulation of gut microbiota and metabolic in sows and suckling piglets.; Effects of Bacillus amyloliquefaciens TL106 Isolated from Tibetan Pigs on Probiotic Potential and Intestinal Microbes in Weaned Piglets.; The Effects of Dietary Bacillus amyloliquefaciens TL106 Supplementation, as an Alternative to Antibiotics, on Growth Performance, Intestinal Immunity, Epithelial Barrier Integrity, and Intestinal Microbiota in Broilers.","2026;2022;2022","41764596;35080439;36428313"
"Limosilactobacillus fermentum","GCF_024054255.2","https://pubmed.ncbi.nlm.nih.gov/37198248/","Antimicrobial activity of Limosilactobacillus fermentum strains isolated from the human oral cavity against Streptococcus mutans.","2023","37198248"
"Corynebacterium stercoris","GCF_024160105.1","https://pubmed.ncbi.nlm.nih.gov/37485528/","Genome insight and probiotic potential of three novel species of the genus Corynebacterium.","2023","37485528"
"Limosilactobacillus fermentum","GCF_024204625.1","","","",""
"Bifidobacterium longum subsp. longum","GCF_024349265.1","https://pubmed.ncbi.nlm.nih.gov/36973397/;https://pubmed.ncbi.nlm.nih.gov/38091982/;https://pubmed.ncbi.nlm.nih.gov/36216361/;https://pubmed.ncbi.nlm.nih.gov/28483500/;https://pubmed.ncbi.nlm.nih.gov/36615708/;https://pubmed.ncbi.nlm.nih.gov/35095783/","Artificial-enzymes-armed Bifidobacterium longum probiotics for alleviating intestinal inflammation and microbiota dysbiosis.; Bifidobacterium longum promotes postoperative liver function recovery in patients with hepatocellular carcinoma.; Usefulness of Bifidobacterium longum BB536 in Elderly Individuals With Chronic Constipation: A Randomized Controlled Trial.; Probiotic Bifidobacterium longum NCC3001 Reduces Depression Scores and Alters Brain Activity: A Pilot Study in Patients With Irritable Bowel Syndrome.; Probiotic Bifidobacterium longum BB68S Improves Cognitive Functions in Healthy Older Adults: A Randomized, Double-Blind, Placebo-Controlled Trial.; Probiotic Properties of Bifidobacterium longum KABP042 and Pediococcus pentosaceus KABP041 Show Potential to Counteract Functional Gastrointestinal Disorders in an Observational Pilot Trial in Infants.","2023;2024;2023;2017;2022;2021","36973397;38091982;36216361;28483500;36615708;35095783"
"Pediococcus pentosaceus","GCF_024349305.1","https://pubmed.ncbi.nlm.nih.gov/35095783/","Probiotic Properties of Bifidobacterium longum KABP042 and Pediococcus pentosaceus KABP041 Show Potential to Counteract Functional Gastrointestinal Disorders in an Observational Pilot Trial in Infants.","2021","35095783"
"Lactiplantibacillus plantarum","GCF_024396815.1","https://pubmed.ncbi.nlm.nih.gov/37311704/","Whole Genome Sequence of Lactiplantibacillus plantarum HOM3204 and Its Antioxidant Effect on D-Galactose-Induced Aging in Mice.","2023","37311704"
"Lactobacillus acidophilus","GCF_024397395.1","https://pubmed.ncbi.nlm.nih.gov/11518430/","In vitro adherence properties of Lactobacillus rhamnosus DR20 and Bifidobacterium lactis DR10 strains and their antagonistic activity against an enterotoxigenic Escherichia coli.","2001","11518430"
"Bacillus amyloliquefaciens","GCF_024539565.1","https://pubmed.ncbi.nlm.nih.gov/36296333/","Screening of Bacteria Inhibiting Clostridium perfringens and Assessment of Their Beneficial Effects In Vitro and In Vivo with Whole Genome Sequencing Analysis.","2022","36296333"
"Bacillus amyloliquefaciens","GCF_024539575.1","https://pubmed.ncbi.nlm.nih.gov/36296333/","Screening of Bacteria Inhibiting Clostridium perfringens and Assessment of Their Beneficial Effects In Vitro and In Vivo with Whole Genome Sequencing Analysis.","2022","36296333"
"Bacillus velezensis","GCF_024539585.1","https://pubmed.ncbi.nlm.nih.gov/34212287/;https://pubmed.ncbi.nlm.nih.gov/36734186/;https://pubmed.ncbi.nlm.nih.gov/38865770/;https://pubmed.ncbi.nlm.nih.gov/38501778/;https://pubmed.ncbi.nlm.nih.gov/36296333/","Potential of Bacillus velezensis as a probiotic in animal feed: a review.; Whole-Cell MALDI-ToF MS Coupled with Untargeted Metabolomics Facilitates Investigations of Microbial Chemical Interactions.; Assessment of probiotic Bacillus velezensis supplementation to reduce Campylobacter jejuni colonization in chickens.; Draft genome sequence of Bacillus velezensis strain 3TSA-3, a potential probiotic for Pacific white shrimp Penaeus vannamei postlarvae isolated from commercial hatchery tanks.; Screening of Bacteria Inhibiting Clostridium perfringens and Assessment of Their Beneficial Effects In Vitro and In Vivo with Whole Genome Sequencing Analysis.","2021;2023;2024;2024;2022","34212287;36734186;38865770;38501778;36296333"
"Lacticaseibacillus rhamnosus","GCF_024610975.1","https://pubmed.ncbi.nlm.nih.gov/37186610/","Characterization of the anti-pathogenic, genomic and phenotypic properties of a Lacticaseibacillus rhamnosus VHProbi M14 isolate.","2023","37186610"
"Heyndrickxia coagulans","GCF_024656025.1","https://pubmed.ncbi.nlm.nih.gov/38375355/;https://pubmed.ncbi.nlm.nih.gov/36143423/","The role of Weizmannia (Bacillus) coagulans LMG S-31876 in treating IBS-diarrhea.; In Vitro Evaluation of Weizmannia coagulans Strain LMG S-31876 Isolated from Fermented Rice for Potential Probiotic Properties, Safety Assessment and Technological Properties.","2023;2022","38375355;36143423"
"Limosilactobacillus fermentum","GCF_024665195.1","https://pubmed.ncbi.nlm.nih.gov/33764849/;https://pubmed.ncbi.nlm.nih.gov/40028723/;https://pubmed.ncbi.nlm.nih.gov/41254951/;https://pubmed.ncbi.nlm.nih.gov/39242568/;https://pubmed.ncbi.nlm.nih.gov/33801082/;https://pubmed.ncbi.nlm.nih.gov/31834968/","Limosilactobacillus fermentum JL-3 isolated from ""Jiangshui"" ameliorates hyperuricemia by degrading uric acid.; Extracellular vesicles of Limosilactobacillus fermentum SLAM216 ameliorate skin symptoms of atopic dermatitis by regulating gut microbiome on serotonin metabolism.; The probiotic Limosilactobacillus fermentum CECT5716 enhances the antihypertensive response to hydrochlorothiazide in spontaneously hypertensive rats.; A probiotic Limosilactobacillus fermentum GR-3 mitigates colitis-associated tumorigenesis in mice via modulating gut microbiome.; Limosilactobacillus fermentum CECT5716: Mechanisms and Therapeutic Insights.; Impact of Acerola (Malpighia emarginata DC) Byproduct and Probiotic Strains on Technological and Sensory Features of Fermented Soy Beverages.","2021;2025;2025;2024;2021;2019","33764849;40028723;41254951;39242568;33801082;31834968"
"Streptococcus thermophilus","GCF_024665315.1","https://pubmed.ncbi.nlm.nih.gov/41334956/;https://pubmed.ncbi.nlm.nih.gov/34431764/;https://pubmed.ncbi.nlm.nih.gov/22930839/;https://pubmed.ncbi.nlm.nih.gov/31834968/","An update on probiotics in paediatrics.; The effect of probiotic supplementation on the gut microbiota of preterm infants.; Effects of Streptococcus thermophilus TH-4 on intestinal mucositis induced by the chemotherapeutic agent 5-Fluorouracil (5-FU).; Impact of Acerola (Malpighia emarginata DC) Byproduct and Probiotic Strains on Technological and Sensory Features of Fermented Soy Beverages.","2026;2021;2009;2019","41334956;34431764;22930839;31834968"
"Bifidobacterium breve","GCF_024665435.1","","","",""
"Lactobacillus acidophilus","GCF_024665555.1","https://pubmed.ncbi.nlm.nih.gov/39102225/;https://pubmed.ncbi.nlm.nih.gov/41255078/;https://pubmed.ncbi.nlm.nih.gov/42141695/;https://pubmed.ncbi.nlm.nih.gov/38642150/;https://pubmed.ncbi.nlm.nih.gov/10728552/;https://pubmed.ncbi.nlm.nih.gov/10886621/;https://pubmed.ncbi.nlm.nih.gov/12396385/;https://pubmed.ncbi.nlm.nih.gov/16696680/;https://pubmed.ncbi.nlm.nih.gov/19088323/;https://pubmed.ncbi.nlm.nih.gov/19411126/;https://pubmed.ncbi.nlm.nih.gov/19465528/;https://pubmed.ncbi.nlm.nih.gov/22573266/;https://pubmed.ncbi.nlm.nih.gov/23351891/;https://pubmed.ncbi.nlm.nih.gov/27862685/;https://pubmed.ncbi.nlm.nih.gov/27923699/;https://pubmed.ncbi.nlm.nih.gov/30284741/;https://pubmed.ncbi.nlm.nih.gov/30576791/;https://pubmed.ncbi.nlm.nih.gov/30713607/;https://pubmed.ncbi.nlm.nih.gov/30840154/;https://pubmed.ncbi.nlm.nih.gov/31737227/;https://pubmed.ncbi.nlm.nih.gov/31834968/;https://pubmed.ncbi.nlm.nih.gov/32944156/;https://pubmed.ncbi.nlm.nih.gov/33372378/;https://pubmed.ncbi.nlm.nih.gov/34405373/;https://pubmed.ncbi.nlm.nih.gov/35602018/;https://pubmed.ncbi.nlm.nih.gov/36422618/;https://pubmed.ncbi.nlm.nih.gov/37217116/","Bifidobacterium and Lactobacillus Probiotics and Gut Dysbiosis in Preterm Infants: The PRIMAL Randomized Clinical Trial.; Probiotic Blend of Lactobacillus acidophilus LA-5 and Bifidobacterium animalis ssp. Lactis BB-12 in Non-constipated Irritable Bowel Syndrome: A Double-Blind Randomized Placebo-Controlled Trial.; Probiotic Blend of Lactobacillus acidophilus LA-5 and Bifidobacterium animalis ssp. Lactis BB-12 in Non-Constipated Irritable Bowel Syndrome: A Double-Blind Randomized Placebo-Controlled Trial.; Effects of p-coumaric acid on probiotic properties of Lactobacillus acidophilus LA-5 and lacticaseibacillus rhamnosus GG.; The mucus binding of Bifidobacterium lactis Bb12 is enhanced in the presence of Lactobacillus GG and Lact. delbrueckii subsp. bulgaricus.; Adhesion of inactivated probiotic strains to intestinal mucus.; Microencapsulation of L. acidophilus (La-05) and B. lactis (Bb-12) and evaluation of their survival at the pH values of the stomach and in bile.; Antagonistic activity of probiotic lactobacilli and bifidobacteria against entero- and uropathogens.; Effect of molecules secreted by Lactobacillus acidophilus strain La-5 on Escherichia coli O157:H7 colonization.; Lactobacillus acidophilus La-5 increases lactacin B production when it senses live target bacteria.; Probiotic properties of the 2-substituted (1,3)-beta-D-glucan-producing bacterium Pediococcus parvulus 2.6.; Probiotic features of Lactobacillus plantarum mutant strains.; Inhibition of HIV and HSV infection by vaginal lactobacilli in vitro and in vivo.; Topical application of probiotics in skin: adhesion, antimicrobial and antibiofilm in vitro assays.; In vitro inhibition of Clostridium difficile by commercial probiotics: A microcalorimetric study.; Probiotics alter the immune response of gingival epithelial cells challenged by Porphyromonas gingivalis.; Evaluation of protective effect of Lactobacillus acidophilus La-5 on toxicity and colonization of Clostridium difficile in human epithelial cells in vitro.; Effects of cell-free supernatant of Lactobacillus acidophilus LA5 and Lactobacillus casei 431 against planktonic form and biofilm of Staphylococcus aureus.; Assessing inhibitory activity of probiotic culture supernatants against Pseudomonas aeruginosa: a comparative methodology between agar diffusion, broth culture and microcalorimetry.; Efficacy of lyophilized cell-free supernatant of Lactobacillus salivarius (Ls-BU2) on Escherichia coli and shelf life of ground beef.; Impact of Acerola (Malpighia emarginata DC) Byproduct and Probiotic Strains on Technological and Sensory Features of Fermented Soy Beverages.; Probiotics alter biofilm formation and the transcription of Porphyromonas gingivalis virulence-associated genes.; Lactobacilli postbiotics reduce biofilm formation and alter transcription of virulence genes of Aggregatibacter actinomycetemcomitans.; Effect of Probiotics Lactobacillus acidophilus and Lacticaseibacillus rhamnosus on Antibacterial Response Gene Transcription of Human Peripheral Monocytes.; Lactobacilli Attenuate the Effect of Aggregatibacter actinomycetemcomitans Infection in Gingival Epithelial Cells.; Antagonistic Activity of Potentially Probiotic Lactic Acid Bacteria against Honeybee (Apis mellifera L.) Pathogens.; In-vitro determination of inhibitory effects of probiotic strains on Clostridioides difficile.","2024;2026;2026;2024;2000;2000;2002;2006;2009;2009;2009;2012;2012;2017;2017;2019;2019;2018;2019;2019;2019;2020;2021;2023;2022;2022;2023","39102225;41255078;42141695;38642150;10728552;10886621;12396385;16696680;19088323;19411126;19465528;22573266;23351891;27862685;27923699;30284741;30576791;30713607;30840154;31737227;31834968;32944156;33372378;34405373;35602018;36422618;37217116"
"Lacticaseibacillus rhamnosus","GCF_024665595.1","https://pubmed.ncbi.nlm.nih.gov/40993162/;https://pubmed.ncbi.nlm.nih.gov/33865678/;https://pubmed.ncbi.nlm.nih.gov/34295831/;https://pubmed.ncbi.nlm.nih.gov/42183994/;https://pubmed.ncbi.nlm.nih.gov/16204515/;https://pubmed.ncbi.nlm.nih.gov/17234391/;https://pubmed.ncbi.nlm.nih.gov/19703242/;https://pubmed.ncbi.nlm.nih.gov/20858906/;https://pubmed.ncbi.nlm.nih.gov/21385950/;https://pubmed.ncbi.nlm.nih.gov/22264349/;https://pubmed.ncbi.nlm.nih.gov/22620976/;https://pubmed.ncbi.nlm.nih.gov/22715972/;https://pubmed.ncbi.nlm.nih.gov/25688886/;https://pubmed.ncbi.nlm.nih.gov/26028405/;https://pubmed.ncbi.nlm.nih.gov/30886179/;https://pubmed.ncbi.nlm.nih.gov/31834968/;https://pubmed.ncbi.nlm.nih.gov/33084369/;https://pubmed.ncbi.nlm.nih.gov/34594329/;https://pubmed.ncbi.nlm.nih.gov/36076276/;https://pubmed.ncbi.nlm.nih.gov/36896253/","Lacticaseibacillus rhamnosus GR-1 prevents autism-like behaviors by reshaping the maternal and offspring microbiome.; Lacticaseibacillus rhamnosus GR-1, a.k.a. Lactobacillus rhamnosus GR-1: Past and Future Perspectives.; Probiotic Lacticaseibacillus rhamnosus GR-1 and Limosilactobacillus reuteri RC-14 as an Adjunctive Treatment for Bacterial Vaginosis Do Not Increase the Cure Rate in a Chinese Cohort: A Prospective, Parallel-Group, Randomized, Controlled Study.; Lacticaseibacillus rhamnosus GR-1 Alleviates Escherichia coli-induced Autophagy-dependent Ferroptosis in Bovine Endometrial Epithelial Cells via FOXO1 Signaling.; pH-, Lactic acid-, and non-lactic acid-dependent activities of probiotic Lactobacilli against Salmonella enterica Serovar Typhimurium.; Effect of Lactobacillus challenge on Gardnerella vaginalis biofilms.; Effect of Lactobacillus rhamnosus GR-1 and Lactobacillus reuteri RC-14 on the ability of Candida albicans to infect cells and induce inflammation.; Lactobacillus rhamnosus GR-1-induced IL-10 production in human placental trophoblast cells involves activation of JAK/STAT and MAPK pathways.; The anti-inflammatory role of granulocyte colony-stimulating factor in macrophage-dendritic cell crosstalk after Lactobacillus rhamnosus GR-1 exposure.; Lactobacillus rhamnosus GR-1 enhances NF-kappaB activation in Escherichia coli-stimulated urinary bladder cells through TLR4.; Substances released from probiotic Lactobacillus rhamnosus GR-1 potentiate NF-κB activity in Escherichia coli-stimulated urinary bladder cells.; Probiotic lactobacillus and estrogen effects on vaginal epithelial gene expression responses to Candida albicans.; Probiotic Lactobacillus rhamnosus GR-1 and Lactobacillus reuteri RC-14 exhibit strong antifungal effects against vulvovaginal candidiasis-causing Candida glabrata isolates.; In vitro modulation of probiotic bacteria on the biofilm of Candida glabrata.; Probiotic Lactobacillus rhamnosus GR-1 is a unique prophylactic agent that suppresses infection-induced myometrial cell responses.; Impact of Acerola (Malpighia emarginata DC) Byproduct and Probiotic Strains on Technological and Sensory Features of Fermented Soy Beverages.; Lacticaseibacillus rhamnosus GG inhibits infection of human keratinocytes by Staphylococcus aureus through mechanisms involving cell surface molecules and pH reduction.; Lactobacillus rhamnosus GR-1 Prevents Escherichia coli-Induced Apoptosis Through PINK1/Parkin-Mediated Mitophagy in Bovine Mastitis.; Lactobacillus rhamnosus GR-1 attenuates foodborne Bacillus cereus-induced NLRP3 inflammasome activity in bovine mammary epithelial cells by protecting intercellular tight junctions.; Probiotic has prophylactic effect on spatial memory deficits by modulating gut microbiota characterized by the inhibitory growth of Escherichia coli.","2025;2021;2021;2026;2005;2007;2009;2010;2011;2012;2012;2012;2015;2015;2019;2019;2020;2021;2022;2023","40993162;33865678;34295831;42183994;16204515;17234391;19703242;20858906;21385950;22264349;22620976;22715972;25688886;26028405;30886179;31834968;33084369;34594329;36076276;36896253"
"Lactiplantibacillus plantarum","GCF_024732385.1","https://pubmed.ncbi.nlm.nih.gov/41574946/;https://pubmed.ncbi.nlm.nih.gov/42639947/","Lactiplantibacillus plantarum Q180 supplementation restores high-fat diet-induced gut dysbiosis and intestinal barrier dysfunction in mice.; Lactiplantibacillus plantarum Q180 Mitigates Early High-Fat Diet-Induced Metabolic Dysfunction-Associated Steatotic Liver Disease by Modulating Gut-Liver Axis Inflammation and Barrier Integrity.","2026;2026","41574946;42639947"
"Escherichia coli","GCF_024733095.1","https://pubmed.ncbi.nlm.nih.gov/35232591/;https://pubmed.ncbi.nlm.nih.gov/32752183/;https://pubmed.ncbi.nlm.nih.gov/41813901/;https://pubmed.ncbi.nlm.nih.gov/41017573/;https://pubmed.ncbi.nlm.nih.gov/39122688/;https://pubmed.ncbi.nlm.nih.gov/36013976/","Emerging strategies for engineering Escherichia coli Nissle 1917-based therapeutics.; Cranberry Polyphenols and Prevention against Urinary Tract Infections: Relevant Considerations.; Natural maternal immunity protects neonates from Escherichia coli sepsis.; An Inflammation-Targeting Engineered Probiotic Escherichia coli Nissle 1917 with High Anti-TNF-α Nanobody Secretion Efficacy Alleviates Ulcerative Colitis.; Engineered probiotic Escherichia coli elicits immediate and long-term protection against influenza A virus in mice.; Bacteriocin-Producing Escherichia coli Isolated from the Gastrointestinal Tract of Farm Animals: Prevalence, Molecular Characterization and Potential for Application.","2022;2020;2026;2025;2024;2022","35232591;32752183;41813901;41017573;39122688;36013976"
"Escherichia coli","GCF_024733265.1","https://pubmed.ncbi.nlm.nih.gov/35232591/;https://pubmed.ncbi.nlm.nih.gov/32752183/;https://pubmed.ncbi.nlm.nih.gov/41813901/;https://pubmed.ncbi.nlm.nih.gov/41017573/;https://pubmed.ncbi.nlm.nih.gov/39122688/;https://pubmed.ncbi.nlm.nih.gov/36013976/","Emerging strategies for engineering Escherichia coli Nissle 1917-based therapeutics.; Cranberry Polyphenols and Prevention against Urinary Tract Infections: Relevant Considerations.; Natural maternal immunity protects neonates from Escherichia coli sepsis.; An Inflammation-Targeting Engineered Probiotic Escherichia coli Nissle 1917 with High Anti-TNF-α Nanobody Secretion Efficacy Alleviates Ulcerative Colitis.; Engineered probiotic Escherichia coli elicits immediate and long-term protection against influenza A virus in mice.; Bacteriocin-Producing Escherichia coli Isolated from the Gastrointestinal Tract of Farm Animals: Prevalence, Molecular Characterization and Potential for Application.","2022;2020;2026;2025;2024;2022","35232591;32752183;41813901;41017573;39122688;36013976"
"Escherichia coli","GCF_024755565.1","https://pubmed.ncbi.nlm.nih.gov/15364101/","Patterns of cytokine induction by gram-positive and gram-negative probiotic bacteria.","2004","15364101"
"Bifidobacterium breve","GCF_024760465.1","https://pubmed.ncbi.nlm.nih.gov/30284741/;https://pubmed.ncbi.nlm.nih.gov/32944156/","Probiotics alter the immune response of gingival epithelial cells challenged by Porphyromonas gingivalis.; Probiotics alter biofilm formation and the transcription of Porphyromonas gingivalis virulence-associated genes.","2019;2020","30284741;32944156"
"Lacticaseibacillus paracasei","GCF_025137495.1","https://pubmed.ncbi.nlm.nih.gov/41538653/;https://pubmed.ncbi.nlm.nih.gov/36136562/;https://pubmed.ncbi.nlm.nih.gov/37278340/","Fermented Lacticaseibacillus Paracasei Cultures Ameliorate Colitis by Modulating Microbiota-Derived Tryptophan Metabolism and Macrophage Polarization.; Postbiotics and Kidney Disease.; A New Approach to Exopolysaccharides of Post Probiotic Lactobacillus paracasei L1 Strain: Anti-quarum Sensing Activity.","2026;2022;2023","41538653;36136562;37278340"
"Alistipes onderdonkii","GCF_025145285.1","","","",""
"Streptococcus thermophilus","GCF_025187145.1","https://pubmed.ncbi.nlm.nih.gov/36914312/","Development of innovative fermented products by exploiting the diversity of immunomodulatory properties and fermentative activity of lactic and propionic acid bacteria.","2023","36914312"
"Streptococcus thermophilus","GCF_025187265.1","","","",""
"Streptococcus thermophilus","GCF_025187275.1","https://pubmed.ncbi.nlm.nih.gov/36914312/","Development of innovative fermented products by exploiting the diversity of immunomodulatory properties and fermentative activity of lactic and propionic acid bacteria.","2023","36914312"
"Propionibacterium freudenreichii","GCF_025187725.1","https://pubmed.ncbi.nlm.nih.gov/36914312/","Development of innovative fermented products by exploiting the diversity of immunomodulatory properties and fermentative activity of lactic and propionic acid bacteria.","2023","36914312"
"Propionibacterium freudenreichii","GCF_025187805.1","https://pubmed.ncbi.nlm.nih.gov/36914312/","Development of innovative fermented products by exploiting the diversity of immunomodulatory properties and fermentative activity of lactic and propionic acid bacteria.","2023","36914312"
"Propionibacterium freudenreichii","GCF_025187835.1","https://pubmed.ncbi.nlm.nih.gov/36914312/","Development of innovative fermented products by exploiting the diversity of immunomodulatory properties and fermentative activity of lactic and propionic acid bacteria.","2023","36914312"
"Propionibacterium freudenreichii","GCF_025187915.1","https://pubmed.ncbi.nlm.nih.gov/36914312/","Development of innovative fermented products by exploiting the diversity of immunomodulatory properties and fermentative activity of lactic and propionic acid bacteria.","2023","36914312"
"Propionibacterium freudenreichii","GCF_025188025.1","https://pubmed.ncbi.nlm.nih.gov/36914312/","Development of innovative fermented products by exploiting the diversity of immunomodulatory properties and fermentative activity of lactic and propionic acid bacteria.","2023","36914312"
"Lacticaseibacillus rhamnosus","GCF_025189265.1","https://pubmed.ncbi.nlm.nih.gov/36914312/","Development of innovative fermented products by exploiting the diversity of immunomodulatory properties and fermentative activity of lactic and propionic acid bacteria.","2023","36914312"
"Lacticaseibacillus rhamnosus","GCF_025189405.1","","","",""
"Lactiplantibacillus plantarum","GCF_025189815.1","https://pubmed.ncbi.nlm.nih.gov/36914312/","Development of innovative fermented products by exploiting the diversity of immunomodulatory properties and fermentative activity of lactic and propionic acid bacteria.","2023","36914312"
"Lactiplantibacillus plantarum","GCF_025189845.1","https://pubmed.ncbi.nlm.nih.gov/36914312/","Development of innovative fermented products by exploiting the diversity of immunomodulatory properties and fermentative activity of lactic and propionic acid bacteria.","2023","36914312"
"Lactiplantibacillus plantarum","GCF_025189965.1","https://pubmed.ncbi.nlm.nih.gov/36914312/","Development of innovative fermented products by exploiting the diversity of immunomodulatory properties and fermentative activity of lactic and propionic acid bacteria.","2023","36914312"
"Lactiplantibacillus plantarum","GCF_025190005.1","https://pubmed.ncbi.nlm.nih.gov/36914312/","Development of innovative fermented products by exploiting the diversity of immunomodulatory properties and fermentative activity of lactic and propionic acid bacteria.","2023","36914312"
"Lactiplantibacillus plantarum","GCF_025190145.1","https://pubmed.ncbi.nlm.nih.gov/36914312/","Development of innovative fermented products by exploiting the diversity of immunomodulatory properties and fermentative activity of lactic and propionic acid bacteria.","2023","36914312"
"Lactiplantibacillus plantarum","GCF_025190165.1","https://pubmed.ncbi.nlm.nih.gov/36914312/","Development of innovative fermented products by exploiting the diversity of immunomodulatory properties and fermentative activity of lactic and propionic acid bacteria.","2023","36914312"
"Lactiplantibacillus plantarum","GCF_025190225.1","https://pubmed.ncbi.nlm.nih.gov/36914312/","Development of innovative fermented products by exploiting the diversity of immunomodulatory properties and fermentative activity of lactic and propionic acid bacteria.","2023","36914312"
"Lactobacillus johnsonii","GCF_025190905.1","","","",""
"Lactobacillus helveticus","GCF_025191325.1","https://pubmed.ncbi.nlm.nih.gov/36914312/","Development of innovative fermented products by exploiting the diversity of immunomodulatory properties and fermentative activity of lactic and propionic acid bacteria.","2023","36914312"
"Lactobacillus helveticus","GCF_025191335.1","https://pubmed.ncbi.nlm.nih.gov/36914312/","Development of innovative fermented products by exploiting the diversity of immunomodulatory properties and fermentative activity of lactic and propionic acid bacteria.","2023","36914312"
"Lactobacillus helveticus","GCF_025191435.1","https://pubmed.ncbi.nlm.nih.gov/36914312/","Development of innovative fermented products by exploiting the diversity of immunomodulatory properties and fermentative activity of lactic and propionic acid bacteria.","2023","36914312"
"Limosilactobacillus fermentum","GCF_025191635.1","https://pubmed.ncbi.nlm.nih.gov/36914312/","Development of innovative fermented products by exploiting the diversity of immunomodulatory properties and fermentative activity of lactic and propionic acid bacteria.","2023","36914312"
"Limosilactobacillus fermentum","GCF_025191645.1","https://pubmed.ncbi.nlm.nih.gov/36914312/","Development of innovative fermented products by exploiting the diversity of immunomodulatory properties and fermentative activity of lactic and propionic acid bacteria.","2023","36914312"
"Limosilactobacillus fermentum","GCF_025191705.1","https://pubmed.ncbi.nlm.nih.gov/36914312/","Development of innovative fermented products by exploiting the diversity of immunomodulatory properties and fermentative activity of lactic and propionic acid bacteria.","2023","36914312"
"Limosilactobacillus fermentum","GCF_025191725.1","https://pubmed.ncbi.nlm.nih.gov/36914312/","Development of innovative fermented products by exploiting the diversity of immunomodulatory properties and fermentative activity of lactic and propionic acid bacteria.","2023","36914312"
"Lactobacillus delbrueckii subsp. lactis","GCF_025193555.1","https://pubmed.ncbi.nlm.nih.gov/30452699/;https://pubmed.ncbi.nlm.nih.gov/39458486/;https://pubmed.ncbi.nlm.nih.gov/35491646/;https://pubmed.ncbi.nlm.nih.gov/36694578/;https://pubmed.ncbi.nlm.nih.gov/35916052/;https://pubmed.ncbi.nlm.nih.gov/36914312/","Yogurt and other fermented foods as sources of health-promoting bacteria.; Microbiota Transplantation in Individuals with Type 2 Diabetes and a High Degree of Insulin Resistance.; Precision Probiotic Medicine to Improve ICB Immunotherapy.; Probiotic growth in skin-like conditions.; IL-22 and Lactobacillus delbrueckii mitigate alcohol-induced exacerbation of DSS-induced colitis.; Development of innovative fermented products by exploiting the diversity of immunomodulatory properties and fermentative activity of lactic and propionic acid bacteria.","2018;2024;2022;2022;2022;2023","30452699;39458486;35491646;36694578;35916052;36914312"
"Lactobacillus delbrueckii subsp. bulgaricus","GCF_025193825.1","https://pubmed.ncbi.nlm.nih.gov/39458486/;https://pubmed.ncbi.nlm.nih.gov/35916052/;https://pubmed.ncbi.nlm.nih.gov/36914312/","Microbiota Transplantation in Individuals with Type 2 Diabetes and a High Degree of Insulin Resistance.; IL-22 and Lactobacillus delbrueckii mitigate alcohol-induced exacerbation of DSS-induced colitis.; Development of innovative fermented products by exploiting the diversity of immunomodulatory properties and fermentative activity of lactic and propionic acid bacteria.","2024;2022;2023","39458486;35916052;36914312"
"Lactobacillus acidophilus","GCF_025194645.1","https://pubmed.ncbi.nlm.nih.gov/36914312/","Development of innovative fermented products by exploiting the diversity of immunomodulatory properties and fermentative activity of lactic and propionic acid bacteria.","2023","36914312"
"Bacillus subtilis","GCF_025245215.1","https://pubmed.ncbi.nlm.nih.gov/30913972/;https://pubmed.ncbi.nlm.nih.gov/34835364/","Probiotics to prevent Staphylococcus aureus disease?; Bacterial Community and Anti-Cerebrovascular Disease-Related Bacillus Species Isolated from Traditionally Made Kochujang from Different Provinces of Korea.","2020;2021","30913972;34835364"
"Heyndrickxia coagulans","GCF_025309535.1","","","",""
"Propionibacterium freudenreichii","GCF_025370995.1","https://pubmed.ncbi.nlm.nih.gov/36914312/","Development of innovative fermented products by exploiting the diversity of immunomodulatory properties and fermentative activity of lactic and propionic acid bacteria.","2023","36914312"
"Lactiplantibacillus plantarum","GCF_025402835.1","https://pubmed.ncbi.nlm.nih.gov/36864459/","Anti-Obesity Potential through Regulation of Carbohydrate Uptake and Gene Expression in Intestinal Epithelial Cells by the Probiotic Lactiplantibacillus plantarum MGEL20154 from Fermented Food.","2023","36864459"
"Lactobacillus acidophilus","GCF_025495965.1","","","",""
"Bifidobacterium animalis subsp. lactis","GCF_025506255.1","https://pubmed.ncbi.nlm.nih.gov/37962097/;https://pubmed.ncbi.nlm.nih.gov/34391865/","Probiotics for infantile colic: Is there evidence beyond doubt? A meta-analysis and systematic review.; A genome guided evaluation of the Lab4 probiotic consortium.","2024;2021","37962097;34391865"
"Lactiplantibacillus plantarum","GCF_025631195.1","https://pubmed.ncbi.nlm.nih.gov/36571922/;https://pubmed.ncbi.nlm.nih.gov/40269965/;https://pubmed.ncbi.nlm.nih.gov/38841895/;https://pubmed.ncbi.nlm.nih.gov/40114208/;https://pubmed.ncbi.nlm.nih.gov/25467945/;https://pubmed.ncbi.nlm.nih.gov/26029169/;https://pubmed.ncbi.nlm.nih.gov/35979483/","A novel approach to Lactiplantibacillus plantarum: From probiotic properties to the omics insights.; Lactiplantibacillus plantarum -derived extracellular vesicles alleviate acute lung injury by inhibiting ferroptosis of macrophages.; Enhancing social behavior in an autism spectrum disorder mouse model: investigating the underlying mechanisms of Lactiplantibacillus plantarum intervention.; Reducing severity of inflammatory bowel disease through colonization of Lactiplantibacillus plantarum and its extracellular vesicles release.; Lactobacillus crustorum KH: novel prospective probiotic strain isolated from Iranian traditional dairy products.; Potent antagonistic activity of Egyptian Lactobacillus plantarum against multiresistant and virulent food-associated pathogens.; Screening and evaluation of lactic acid bacteria with probiotic potential from local Holstein raw milk.","2023;2025;2024;2025;2015;2015;2022","36571922;40269965;38841895;40114208;25467945;26029169;35979483"
"Lactiplantibacillus plantarum","GCF_025847695.1","","","",""
"Lactobacillus delbrueckii subsp. indicus","GCF_025960345.1","https://pubmed.ncbi.nlm.nih.gov/30452699/;https://pubmed.ncbi.nlm.nih.gov/39458486/;https://pubmed.ncbi.nlm.nih.gov/35491646/;https://pubmed.ncbi.nlm.nih.gov/32095046/","Yogurt and other fermented foods as sources of health-promoting bacteria.; Microbiota Transplantation in Individuals with Type 2 Diabetes and a High Degree of Insulin Resistance.; Precision Probiotic Medicine to Improve ICB Immunotherapy.; In vitro assessment of antibacterial activity from Lactobacillus spp. strains against virulent Salmonella species isolated from slaughter animals in Benin.","2018;2024;2022;2019","30452699;39458486;35491646;32095046"
"Lactiplantibacillus plantarum","GCF_026127545.1","https://pubmed.ncbi.nlm.nih.gov/23613101/","Preliminary evaluation of probiotic potential of Lactobacillus plantarum strains isolated from Italian food products.","2013","23613101"
"Lactiplantibacillus plantarum","GCF_026127565.1","https://pubmed.ncbi.nlm.nih.gov/23613101/","Preliminary evaluation of probiotic potential of Lactobacillus plantarum strains isolated from Italian food products.","2013","23613101"
"Lactiplantibacillus plantarum","GCF_026127665.1","https://pubmed.ncbi.nlm.nih.gov/22955353/","Assessment of the in vitro inhibitory activity of specific probiotic bacteria against different Escherichia coli strains.","2012","22955353"
"Lactiplantibacillus plantarum","GCF_026127705.1","https://pubmed.ncbi.nlm.nih.gov/23613101/","Preliminary evaluation of probiotic potential of Lactobacillus plantarum strains isolated from Italian food products.","2013","23613101"
"Lactiplantibacillus plantarum","GCF_026127805.1","https://pubmed.ncbi.nlm.nih.gov/23613101/","Preliminary evaluation of probiotic potential of Lactobacillus plantarum strains isolated from Italian food products.","2013","23613101"
"Lacticaseibacillus paracasei","GCF_026162465.1","https://pubmed.ncbi.nlm.nih.gov/36557684/","Potential Probiotic Properties of Exopolysaccharide-Producing Lacticaseibacillus paracasei EPS DA-BACS and Prebiotic Activity of Its Exopolysaccharide.","2022","36557684"
"Bifidobacterium bifidum","GCF_026162505.1","https://pubmed.ncbi.nlm.nih.gov/36911335/","Structural analysis and prebiotic activity of exopolysaccharide produced by probiotic strain Bifidobacterium bifidum EPS DA-LAIM.","2023","36911335"
"Klebsiella pneumoniae","GCF_026197265.1","https://pubmed.ncbi.nlm.nih.gov/33887125/;https://pubmed.ncbi.nlm.nih.gov/34610293/;https://pubmed.ncbi.nlm.nih.gov/33359074/;https://pubmed.ncbi.nlm.nih.gov/40774806/;https://pubmed.ncbi.nlm.nih.gov/40783567/;https://pubmed.ncbi.nlm.nih.gov/24969424/","Gut fermentation syndrome: A systematic review of case reports.; Klebsiella oxytoca causes colonization resistance against multidrug-resistant K. pneumoniae in the gut via cooperative carbohydrate competition.; Difference between kwashiorkor and marasmus: Comparative meta-analysis of pathogenic characteristics and implications for treatment.; Butyrate-producing gut bacterium Faecalibacterium prausnitzii protects against bacterial pneumonia.; Microbiome-mediated colonization resistance to carbapenem-resistant Klebsiella pneumoniae in ICU patients.; Screening of marine bacteria with bacteriocin-like activities and probiotic potential for ornate spiny lobster (Panulirus ornatus) juveniles.","2021;2021;2021;2025;2025;2014","33887125;34610293;33359074;40774806;40783567;24969424"
"Escherichia coli HB101","GCF_026228125.1","https://pubmed.ncbi.nlm.nih.gov/35232591/;https://pubmed.ncbi.nlm.nih.gov/32752183/;https://pubmed.ncbi.nlm.nih.gov/41813901/;https://pubmed.ncbi.nlm.nih.gov/41017573/;https://pubmed.ncbi.nlm.nih.gov/39122688/;https://pubmed.ncbi.nlm.nih.gov/10196761/","Emerging strategies for engineering Escherichia coli Nissle 1917-based therapeutics.; Cranberry Polyphenols and Prevention against Urinary Tract Infections: Relevant Considerations.; Natural maternal immunity protects neonates from Escherichia coli sepsis.; An Inflammation-Targeting Engineered Probiotic Escherichia coli Nissle 1917 with High Anti-TNF-α Nanobody Secretion Efficacy Alleviates Ulcerative Colitis.; Engineered probiotic Escherichia coli elicits immediate and long-term protection against influenza A virus in mice.; Human ileostomy glycoproteins as a model for small intestinal mucus to investigate adhesion of probiotics.","2022;2020;2026;2025;2024;1999","35232591;32752183;41813901;41017573;39122688;10196761"
"Lactiplantibacillus plantarum","GCF_026240755.1","https://pubmed.ncbi.nlm.nih.gov/37048337/;https://pubmed.ncbi.nlm.nih.gov/35627021/;https://pubmed.ncbi.nlm.nih.gov/30268622/","Phenotypic Traits and Probiotic Functions of Lactiplantibacillus plantarum Y42 in Planktonic and Biofilm Forms.; Lactiplantibacillus plantarum Y42 in Biofilm and Planktonic States Improves Intestinal Barrier Integrity and Modulates Gut Microbiota of Balb/c Mice.; Assessing and comparing antioxidant activities of lactobacilli strains by using different chemical and cellular antioxidant methods.","2023;2022;2018","37048337;35627021;30268622"
"Lactobacillus crispatus","GCF_026740115.1","https://pubmed.ncbi.nlm.nih.gov/18722375/;https://pubmed.ncbi.nlm.nih.gov/42234022/;https://pubmed.ncbi.nlm.nih.gov/15681150/","Lactobacillus crispatus M247-derived H2O2 acts as a signal transducing molecule activating peroxisome proliferator activated receptor-gamma in the intestinal mucosa.; Clinical and vaginal microbiota effects of oral Lactobacillus crispatus M247 combined with vaginal laser therapy in menopausal women with atrophic vulvovaginitis: a prospective, randomized and controlled study.; Beneficial effect of auto-aggregating Lactobacillus crispatus on experimentally induced colitis in mice.","2008;2026;2005","18722375;42234022;15681150"
"Corynebacterium faecium","GCF_027257105.1","https://pubmed.ncbi.nlm.nih.gov/37485528/","Genome insight and probiotic potential of three novel species of the genus Corynebacterium.","2023","37485528"
"Bacillus subtilis","GCF_027497435.1","https://pubmed.ncbi.nlm.nih.gov/30913972/;https://pubmed.ncbi.nlm.nih.gov/37103367/","Probiotics to prevent Staphylococcus aureus disease?; The Genetic and Phenotypic Diversity of Bacillus spp. from the Mariculture System in China and Their Potential Function against Pathogenic Vibrio.","2020;2023","30913972;37103367"
"Bifidobacterium longum","GCF_028201535.1","https://pubmed.ncbi.nlm.nih.gov/37512821/","Bifidobacterium longum LBUX23 Isolated from Feces of a Newborn; Potential Probiotic Properties and Genomic Characterization.","2023","37512821"
"Limosilactobacillus mucosae","GCF_028401785.1","https://pubmed.ncbi.nlm.nih.gov/38674720/;https://pubmed.ncbi.nlm.nih.gov/37280255/;https://pubmed.ncbi.nlm.nih.gov/37353593/","The Probiotic Properties and Safety of Limosilactobacillus mucosae NK41 and Bifidobacterium longum NK46.; Limosilactobacillus mucosae-derived extracellular vesicles modulates macrophage phenotype and orchestrates gut homeostasis in a diarrheal piglet model.; Isolation and Characterization of Lactic Acid Bacteria With Probiotic Attributes From Different Parts of the Gastrointestinal Tract of Free-living Wild Boars in Hungary.","2024;2023;2024","38674720;37280255;37353593"
"Limosilactobacillus mucosae","GCF_028401825.1","https://pubmed.ncbi.nlm.nih.gov/38674720/;https://pubmed.ncbi.nlm.nih.gov/37280255/;https://pubmed.ncbi.nlm.nih.gov/37353593/","The Probiotic Properties and Safety of Limosilactobacillus mucosae NK41 and Bifidobacterium longum NK46.; Limosilactobacillus mucosae-derived extracellular vesicles modulates macrophage phenotype and orchestrates gut homeostasis in a diarrheal piglet model.; Isolation and Characterization of Lactic Acid Bacteria With Probiotic Attributes From Different Parts of the Gastrointestinal Tract of Free-living Wild Boars in Hungary.","2024;2023;2024","38674720;37280255;37353593"
"Limosilactobacillus mucosae","GCF_028401905.1","https://pubmed.ncbi.nlm.nih.gov/38674720/;https://pubmed.ncbi.nlm.nih.gov/37280255/;https://pubmed.ncbi.nlm.nih.gov/37353593/","The Probiotic Properties and Safety of Limosilactobacillus mucosae NK41 and Bifidobacterium longum NK46.; Limosilactobacillus mucosae-derived extracellular vesicles modulates macrophage phenotype and orchestrates gut homeostasis in a diarrheal piglet model.; Isolation and Characterization of Lactic Acid Bacteria With Probiotic Attributes From Different Parts of the Gastrointestinal Tract of Free-living Wild Boars in Hungary.","2024;2023;2024","38674720;37280255;37353593"
"Leuconostoc suionicum","GCF_028401945.1","https://pubmed.ncbi.nlm.nih.gov/37353593/","Isolation and Characterization of Lactic Acid Bacteria With Probiotic Attributes From Different Parts of the Gastrointestinal Tract of Free-living Wild Boars in Hungary.","2024","37353593"
"Limosilactobacillus mucosae","GCF_028401985.1","https://pubmed.ncbi.nlm.nih.gov/37353593/","Isolation and Characterization of Lactic Acid Bacteria With Probiotic Attributes From Different Parts of the Gastrointestinal Tract of Free-living Wild Boars in Hungary.","2024","37353593"
"Limosilactobacillus mucosae","GCF_028401995.1","https://pubmed.ncbi.nlm.nih.gov/38674720/;https://pubmed.ncbi.nlm.nih.gov/37280255/;https://pubmed.ncbi.nlm.nih.gov/37353593/","The Probiotic Properties and Safety of Limosilactobacillus mucosae NK41 and Bifidobacterium longum NK46.; Limosilactobacillus mucosae-derived extracellular vesicles modulates macrophage phenotype and orchestrates gut homeostasis in a diarrheal piglet model.; Isolation and Characterization of Lactic Acid Bacteria With Probiotic Attributes From Different Parts of the Gastrointestinal Tract of Free-living Wild Boars in Hungary.","2024;2023;2024","38674720;37280255;37353593"
"Limosilactobacillus mucosae","GCF_028402005.1","https://pubmed.ncbi.nlm.nih.gov/38674720/;https://pubmed.ncbi.nlm.nih.gov/37280255/;https://pubmed.ncbi.nlm.nih.gov/37353593/","The Probiotic Properties and Safety of Limosilactobacillus mucosae NK41 and Bifidobacterium longum NK46.; Limosilactobacillus mucosae-derived extracellular vesicles modulates macrophage phenotype and orchestrates gut homeostasis in a diarrheal piglet model.; Isolation and Characterization of Lactic Acid Bacteria With Probiotic Attributes From Different Parts of the Gastrointestinal Tract of Free-living Wild Boars in Hungary.","2024;2023;2024","38674720;37280255;37353593"
"Leuconostoc suionicum","GCF_028402015.1","https://pubmed.ncbi.nlm.nih.gov/37353593/","Isolation and Characterization of Lactic Acid Bacteria With Probiotic Attributes From Different Parts of the Gastrointestinal Tract of Free-living Wild Boars in Hungary.","2024","37353593"
"Leuconostoc suionicum","GCF_028402095.1","https://pubmed.ncbi.nlm.nih.gov/37353593/","Isolation and Characterization of Lactic Acid Bacteria With Probiotic Attributes From Different Parts of the Gastrointestinal Tract of Free-living Wild Boars in Hungary.","2024","37353593"
"Limosilactobacillus mucosae","GCF_028402165.1","https://pubmed.ncbi.nlm.nih.gov/38674720/;https://pubmed.ncbi.nlm.nih.gov/37280255/;https://pubmed.ncbi.nlm.nih.gov/37353593/","The Probiotic Properties and Safety of Limosilactobacillus mucosae NK41 and Bifidobacterium longum NK46.; Limosilactobacillus mucosae-derived extracellular vesicles modulates macrophage phenotype and orchestrates gut homeostasis in a diarrheal piglet model.; Isolation and Characterization of Lactic Acid Bacteria With Probiotic Attributes From Different Parts of the Gastrointestinal Tract of Free-living Wild Boars in Hungary.","2024;2023;2024","38674720;37280255;37353593"
"Escherichia coli","GCF_028436645.1","https://pubmed.ncbi.nlm.nih.gov/35232591/;https://pubmed.ncbi.nlm.nih.gov/32752183/;https://pubmed.ncbi.nlm.nih.gov/41813901/;https://pubmed.ncbi.nlm.nih.gov/41017573/;https://pubmed.ncbi.nlm.nih.gov/39122688/;https://pubmed.ncbi.nlm.nih.gov/12969498/","Emerging strategies for engineering Escherichia coli Nissle 1917-based therapeutics.; Cranberry Polyphenols and Prevention against Urinary Tract Infections: Relevant Considerations.; Natural maternal immunity protects neonates from Escherichia coli sepsis.; An Inflammation-Targeting Engineered Probiotic Escherichia coli Nissle 1917 with High Anti-TNF-α Nanobody Secretion Efficacy Alleviates Ulcerative Colitis.; Engineered probiotic Escherichia coli elicits immediate and long-term protection against influenza A virus in mice.; Binding of extracellular matrix molecules by probiotic bacteria.","2022;2020;2026;2025;2024;2003","35232591;32752183;41813901;41017573;39122688;12969498"
"Bacillus velezensis","GCF_028736915.1","https://pubmed.ncbi.nlm.nih.gov/37195186/","An Intestinal Bacillus velezensis Isolate Displays Broad-Spectrum Antibacterial Activity and Prevents Infection of Both Gram-Positive and Gram-Negative Pathogens In Vivo.","2023","37195186"
"Bifidobacterium adolescentis","GCF_028743295.1","","","",""
"Lacticaseibacillus paracasei","GCF_028878315.1","https://pubmed.ncbi.nlm.nih.gov/33754306/","Investigation of Antibacterial Activity and Probiotic Properties of Strains Belonging to Lactobacillus and Bifidobacterium Genera for Their Potential Application in Functional Food and Feed Products.","2021","33754306"
"Bifidobacterium longum subsp. longum","GCF_028898865.1","https://pubmed.ncbi.nlm.nih.gov/40215630/;https://pubmed.ncbi.nlm.nih.gov/40579843/;https://pubmed.ncbi.nlm.nih.gov/34795651/","Dictyophora indusiata polysaccharide enhances flavor and viability of probiotic Bifidobacterium longum F2 in milk beverage.; Elucidation of the pathway for Dictyophora indusiata polysaccharide-regulated differential acetic acid production by Bifidobacterium longum F2.; Identification, Characterization, and Antioxidant Potential of Bifidobacterium longum subsp. longum Strains Isolated From Feces of Healthy Infants.","2025;2025;2021","40215630;40579843;34795651"
"Lactiplantibacillus plantarum","GCF_028994535.1","https://pubmed.ncbi.nlm.nih.gov/36127470/","Antimicrobial activity against Staphylococcus aureus and genome features of Lactiplantibacillus plantarum LR-14 from Sichuan pickles.","2022","36127470"
"Pediococcus pentosaceus","GCF_029070885.1","https://pubmed.ncbi.nlm.nih.gov/42236946/;https://pubmed.ncbi.nlm.nih.gov/38068723/;https://pubmed.ncbi.nlm.nih.gov/33593360/;https://pubmed.ncbi.nlm.nih.gov/41159760/;https://pubmed.ncbi.nlm.nih.gov/38138034/;https://pubmed.ncbi.nlm.nih.gov/34841348/","Commensal-derived acetylcholine enhances mucosal immune education.; Probiotic Pediococcus pentosaceus Li05 Improves Cholestasis through the FXR-SHP and FXR-FGF15 Pathways.; Pediococcus pentosaceus, a future additive or probiotic candidate.; Protective Effect of Pediococcus pentosaceus Li05 on Constipation via TGR5/TPH1/5-HT Activation.; Assessing the Probiotic Effects of Pediococcus pentosaceus CACC616 in Weaned Piglets.; Mucosa-adherent Pediococcus Pentosaceus I44 isolated from healthy human and effect of oleic acid on its probiotic properties.","2026;2023;2021;2025;2023;2021","42236946;38068723;33593360;41159760;38138034;34841348"
"Bifidobacterium animalis subsp. lactis","GCF_029167605.1","https://pubmed.ncbi.nlm.nih.gov/37962097/","Probiotics for infantile colic: Is there evidence beyond doubt? A meta-analysis and systematic review.","2024","37962097"
"Escherichia coli","GCF_029536615.1","https://pubmed.ncbi.nlm.nih.gov/33962981/","Escherichia coli Strains Producing Selected Bacteriocins Inhibit Porcine Enterotoxigenic Escherichia coli (ETEC) under both In Vitro and In Vivo Conditions.","2021","33962981"
"Escherichia coli","GCF_029536655.1","https://pubmed.ncbi.nlm.nih.gov/35232591/;https://pubmed.ncbi.nlm.nih.gov/32752183/;https://pubmed.ncbi.nlm.nih.gov/41813901/;https://pubmed.ncbi.nlm.nih.gov/41017573/;https://pubmed.ncbi.nlm.nih.gov/39122688/;https://pubmed.ncbi.nlm.nih.gov/33962981/","Emerging strategies for engineering Escherichia coli Nissle 1917-based therapeutics.; Cranberry Polyphenols and Prevention against Urinary Tract Infections: Relevant Considerations.; Natural maternal immunity protects neonates from Escherichia coli sepsis.; An Inflammation-Targeting Engineered Probiotic Escherichia coli Nissle 1917 with High Anti-TNF-α Nanobody Secretion Efficacy Alleviates Ulcerative Colitis.; Engineered probiotic Escherichia coli elicits immediate and long-term protection against influenza A virus in mice.; Escherichia coli Strains Producing Selected Bacteriocins Inhibit Porcine Enterotoxigenic Escherichia coli (ETEC) under both In Vitro and In Vivo Conditions.","2022;2020;2026;2025;2024;2021","35232591;32752183;41813901;41017573;39122688;33962981"
"Escherichia coli","GCF_029536675.1","https://pubmed.ncbi.nlm.nih.gov/33962981/","Escherichia coli Strains Producing Selected Bacteriocins Inhibit Porcine Enterotoxigenic Escherichia coli (ETEC) under both In Vitro and In Vivo Conditions.","2021","33962981"
"Bacillus subtilis","GCF_029537415.1","https://pubmed.ncbi.nlm.nih.gov/30913972/;https://pubmed.ncbi.nlm.nih.gov/30668801/","Probiotics to prevent Staphylococcus aureus disease?; In vitro inhibition of avian pathogenic Enterococcus cecorum isolates by probiotic Bacillus strains.","2020;2019","30913972;30668801"
"Limosilactobacillus fermentum","GCF_029606345.1","https://pubmed.ncbi.nlm.nih.gov/37269431/","In vitro adhesion and anti-inflammatory properties of Limosilactobacillus fermentum FS-10 isolated from infant fecal sample.","2024","37269431"
"Ligilactobacillus salivarius","GCF_029743055.1","https://pubmed.ncbi.nlm.nih.gov/37047785/","Nisin S, a Novel Nisin Variant Produced by Ligilactobacillus salivarius P1CEA3.","2023","37047785"
"Limosilactobacillus fermentum","GCF_029823225.1","https://pubmed.ncbi.nlm.nih.gov/15646380/","Potential of selected lactic acid bacteria to produce food compatible antifungal metabolites.","2004","15646380"
"Lactobacillus gasseri ATCC 33323 = JCM 1131","GCF_029823575.1","https://pubmed.ncbi.nlm.nih.gov/33160356/;https://pubmed.ncbi.nlm.nih.gov/39582101/;https://pubmed.ncbi.nlm.nih.gov/37575226/;https://pubmed.ncbi.nlm.nih.gov/31405122/;https://pubmed.ncbi.nlm.nih.gov/39648298/;https://pubmed.ncbi.nlm.nih.gov/12906100/","Vaginal microbiota and the potential of Lactobacillus derivatives in maintaining vaginal health.; Probiotic significance of Lactobacillus strains: a comprehensive review on health impacts, research gaps, and future prospects.; Orally administrated Lactobacillus gasseri TM13 and Lactobacillus crispatus LG55 can restore the vaginal health of patients recovering from bacterial vaginosis.; Health Benefits of Lactobacillus gasseri CP2305 Tablets in Young Adults Exposed to Chronic Stress: A Randomized, Double-Blind, Placebo-Controlled Study.; Infant feces-derived Lactobacillus gasseri FWJL-4 mitigates experimental necrotizing enterocolitis via acetate production.; The effect of Lactobacillus rhamnosus on enterohemorrhagic Escherichia coli infection of human intestinal cells in vitro.","2020;2024;2023;2019;2024;2003","33160356;39582101;37575226;31405122;39648298;12906100"
"Lactiplantibacillus plantarum","GCF_029854235.1","https://pubmed.ncbi.nlm.nih.gov/36571922/;https://pubmed.ncbi.nlm.nih.gov/40749709/;https://pubmed.ncbi.nlm.nih.gov/40269965/;https://pubmed.ncbi.nlm.nih.gov/38841895/;https://pubmed.ncbi.nlm.nih.gov/40114208/;https://pubmed.ncbi.nlm.nih.gov/28290366/;https://pubmed.ncbi.nlm.nih.gov/33961206/","A novel approach to Lactiplantibacillus plantarum: From probiotic properties to the omics insights.; Harnessing Lactiplantibacillus plantarum EP21 and its membrane vesicles to inhibit myopia development.; Lactiplantibacillus plantarum -derived extracellular vesicles alleviate acute lung injury by inhibiting ferroptosis of macrophages.; Enhancing social behavior in an autism spectrum disorder mouse model: investigating the underlying mechanisms of Lactiplantibacillus plantarum intervention.; Reducing severity of inflammatory bowel disease through colonization of Lactiplantibacillus plantarum and its extracellular vesicles release.; Generation of Lactobacillus plantarum strains with improved potential to target gastrointestinal disorders related to sugar malabsorption.; Selection and Characterization of Probiotic Bacteria Exhibiting Antiadipogenic Potential in 3T3-L1 Preadipocytes.","2023;2025;2025;2024;2025;2017;2022","36571922;40749709;40269965;38841895;40114208;28290366;33961206"
"Bifidobacterium adolescentis","GCF_029855065.1","https://pubmed.ncbi.nlm.nih.gov/37943044/","Complete genome sequence of the probiotic Bifidobacterium adolescentis strain iVS-1.","2023","37943044"
"Lactococcus lactis subsp. lactis","GCF_029912225.1","https://pubmed.ncbi.nlm.nih.gov/27466284/;https://pubmed.ncbi.nlm.nih.gov/38599786/;https://pubmed.ncbi.nlm.nih.gov/29899025/;https://pubmed.ncbi.nlm.nih.gov/41486553/;https://pubmed.ncbi.nlm.nih.gov/39738244/;https://pubmed.ncbi.nlm.nih.gov/32683465/","Stress Physiology of Lactic Acid Bacteria.; Lactococcus lactis HkyuLL 10 suppresses colorectal tumourigenesis and restores gut microbiota through its generated alpha-mannosidase.; Curbing cholera.; Lactococcus lactis subsp. Cremoris reprograms systemic metabolism and protects against myocardial injury.; Lactococcus lactis and Bifidobacterium bifidum alleviate postmenopausal symptoms by suppressing NF-κB signaling and microbiota dysbiosis.; Safety Assessment and Preliminary In Vitro Evaluation of Probiotic Potential of Lactococcus lactis Strains Naturally Present in Raw and Fermented Milk.","2016;2024;2018;2026;2024;2020","27466284;38599786;29899025;41486553;39738244;32683465"
"Lacticaseibacillus paracasei","GCF_029925445.1","","","",""
"Streptococcus thermophilus","GCF_029983065.1","https://pubmed.ncbi.nlm.nih.gov/37820823/;https://pubmed.ncbi.nlm.nih.gov/37431038/;https://pubmed.ncbi.nlm.nih.gov/38301119/","Genomic and phenotypic-based safety assessment and probiotic properties of Streptococcus thermophilus FUA329, a urolithin A-producing bacterium of human milk origin.; A Novel Streptococcus thermophilus FUA329 Isolated from Human Breast Milk Capable of Producing Urolithin A from Ellagic Acid.; Improvement of Urolithin A Yield by In Vitro Cofermentation of Streptococcus thermophilus FUA329 with Human Gut Microbiota from Different Urolithin Metabotypes.","2023;2022;2024","37820823;37431038;38301119"
"Lacticaseibacillus paracasei","GCF_030061895.1","","","",""
"Ligilactobacillus salivarius","GCF_030062805.1","https://pubmed.ncbi.nlm.nih.gov/35727573/;https://pubmed.ncbi.nlm.nih.gov/41775257/;https://pubmed.ncbi.nlm.nih.gov/39545778/","Multispecies Probiotic for the Prevention of Antibiotic-Associated Diarrhea in Children: A Randomized Clinical Trial.; Targeting microbiota-generated acetaldehyde to prevent progression of metabolic dysfunction-associated steatotic liver disease.; Synergistic effects of Ligilactobacillus salivarius Li01 and psyllium husk prevent mice from developing loperamide-induced constipation.","2022;2026;2024","35727573;41775257;39545778"
"Ligilactobacillus salivarius","GCF_030062825.1","https://pubmed.ncbi.nlm.nih.gov/35727573/;https://pubmed.ncbi.nlm.nih.gov/41775257/;https://pubmed.ncbi.nlm.nih.gov/39545778/","Multispecies Probiotic for the Prevention of Antibiotic-Associated Diarrhea in Children: A Randomized Clinical Trial.; Targeting microbiota-generated acetaldehyde to prevent progression of metabolic dysfunction-associated steatotic liver disease.; Synergistic effects of Ligilactobacillus salivarius Li01 and psyllium husk prevent mice from developing loperamide-induced constipation.","2022;2026;2024","35727573;41775257;39545778"
"Ligilactobacillus salivarius","GCF_030062845.1","https://pubmed.ncbi.nlm.nih.gov/35727573/;https://pubmed.ncbi.nlm.nih.gov/41775257/;https://pubmed.ncbi.nlm.nih.gov/39545778/","Multispecies Probiotic for the Prevention of Antibiotic-Associated Diarrhea in Children: A Randomized Clinical Trial.; Targeting microbiota-generated acetaldehyde to prevent progression of metabolic dysfunction-associated steatotic liver disease.; Synergistic effects of Ligilactobacillus salivarius Li01 and psyllium husk prevent mice from developing loperamide-induced constipation.","2022;2026;2024","35727573;41775257;39545778"
"Ligilactobacillus salivarius","GCF_030062875.1","https://pubmed.ncbi.nlm.nih.gov/35727573/;https://pubmed.ncbi.nlm.nih.gov/41775257/;https://pubmed.ncbi.nlm.nih.gov/39545778/","Multispecies Probiotic for the Prevention of Antibiotic-Associated Diarrhea in Children: A Randomized Clinical Trial.; Targeting microbiota-generated acetaldehyde to prevent progression of metabolic dysfunction-associated steatotic liver disease.; Synergistic effects of Ligilactobacillus salivarius Li01 and psyllium husk prevent mice from developing loperamide-induced constipation.","2022;2026;2024","35727573;41775257;39545778"
"Ligilactobacillus salivarius","GCF_030062895.1","https://pubmed.ncbi.nlm.nih.gov/35727573/;https://pubmed.ncbi.nlm.nih.gov/41775257/;https://pubmed.ncbi.nlm.nih.gov/39545778/","Multispecies Probiotic for the Prevention of Antibiotic-Associated Diarrhea in Children: A Randomized Clinical Trial.; Targeting microbiota-generated acetaldehyde to prevent progression of metabolic dysfunction-associated steatotic liver disease.; Synergistic effects of Ligilactobacillus salivarius Li01 and psyllium husk prevent mice from developing loperamide-induced constipation.","2022;2026;2024","35727573;41775257;39545778"
"Ligilactobacillus salivarius","GCF_030062915.1","https://pubmed.ncbi.nlm.nih.gov/35727573/;https://pubmed.ncbi.nlm.nih.gov/41775257/;https://pubmed.ncbi.nlm.nih.gov/39545778/","Multispecies Probiotic for the Prevention of Antibiotic-Associated Diarrhea in Children: A Randomized Clinical Trial.; Targeting microbiota-generated acetaldehyde to prevent progression of metabolic dysfunction-associated steatotic liver disease.; Synergistic effects of Ligilactobacillus salivarius Li01 and psyllium husk prevent mice from developing loperamide-induced constipation.","2022;2026;2024","35727573;41775257;39545778"
"Ligilactobacillus salivarius","GCF_030062935.1","https://pubmed.ncbi.nlm.nih.gov/35727573/;https://pubmed.ncbi.nlm.nih.gov/41775257/;https://pubmed.ncbi.nlm.nih.gov/39545778/","Multispecies Probiotic for the Prevention of Antibiotic-Associated Diarrhea in Children: A Randomized Clinical Trial.; Targeting microbiota-generated acetaldehyde to prevent progression of metabolic dysfunction-associated steatotic liver disease.; Synergistic effects of Ligilactobacillus salivarius Li01 and psyllium husk prevent mice from developing loperamide-induced constipation.","2022;2026;2024","35727573;41775257;39545778"
"Lactiplantibacillus plantarum","GCF_030063125.1","https://pubmed.ncbi.nlm.nih.gov/34976873/","Anticolonization of Carbapenem-Resistant Klebsiella pneumoniae by Lactobacillus plantarum LP1812 Through Accumulated Acetic Acid in Mice Intestinal.","2021","34976873"
"Latilactobacillus sakei","GCF_030144745.1","","","",""
"Lacticaseibacillus rhamnosus","GCF_030237645.1","https://pubmed.ncbi.nlm.nih.gov/21621627/","Screening for lactobacilli with probiotic properties in the infant gut microbiota.","2011","21621627"
"Ligilactobacillus salivarius","GCF_030263175.1","https://pubmed.ncbi.nlm.nih.gov/37101059/","Biochemical, functional and genomic characterization of a new probiotic Ligilactobacillus salivarius F14 from the gut of tribes of Odisha.","2023","37101059"
"Bacillus velezensis","GCF_030263995.1","https://pubmed.ncbi.nlm.nih.gov/34212287/;https://pubmed.ncbi.nlm.nih.gov/36734186/;https://pubmed.ncbi.nlm.nih.gov/38865770/;https://pubmed.ncbi.nlm.nih.gov/38501778/","Potential of Bacillus velezensis as a probiotic in animal feed: a review.; Whole-Cell MALDI-ToF MS Coupled with Untargeted Metabolomics Facilitates Investigations of Microbial Chemical Interactions.; Assessment of probiotic Bacillus velezensis supplementation to reduce Campylobacter jejuni colonization in chickens.; Draft genome sequence of Bacillus velezensis strain 3TSA-3, a potential probiotic for Pacific white shrimp Penaeus vannamei postlarvae isolated from commercial hatchery tanks.","2021;2023;2024;2024","34212287;36734186;38865770;38501778"
"Escherichia coli","GCF_030285485.1","https://pubmed.ncbi.nlm.nih.gov/35232591/;https://pubmed.ncbi.nlm.nih.gov/32752183/;https://pubmed.ncbi.nlm.nih.gov/41813901/;https://pubmed.ncbi.nlm.nih.gov/41017573/;https://pubmed.ncbi.nlm.nih.gov/39122688/;https://pubmed.ncbi.nlm.nih.gov/36013976/","Emerging strategies for engineering Escherichia coli Nissle 1917-based therapeutics.; Cranberry Polyphenols and Prevention against Urinary Tract Infections: Relevant Considerations.; Natural maternal immunity protects neonates from Escherichia coli sepsis.; An Inflammation-Targeting Engineered Probiotic Escherichia coli Nissle 1917 with High Anti-TNF-α Nanobody Secretion Efficacy Alleviates Ulcerative Colitis.; Engineered probiotic Escherichia coli elicits immediate and long-term protection against influenza A virus in mice.; Bacteriocin-Producing Escherichia coli Isolated from the Gastrointestinal Tract of Farm Animals: Prevalence, Molecular Characterization and Potential for Application.","2022;2020;2026;2025;2024;2022","35232591;32752183;41813901;41017573;39122688;36013976"
"Escherichia coli","GCF_030285505.1","https://pubmed.ncbi.nlm.nih.gov/35232591/;https://pubmed.ncbi.nlm.nih.gov/32752183/;https://pubmed.ncbi.nlm.nih.gov/41813901/;https://pubmed.ncbi.nlm.nih.gov/41017573/;https://pubmed.ncbi.nlm.nih.gov/39122688/;https://pubmed.ncbi.nlm.nih.gov/36013976/","Emerging strategies for engineering Escherichia coli Nissle 1917-based therapeutics.; Cranberry Polyphenols and Prevention against Urinary Tract Infections: Relevant Considerations.; Natural maternal immunity protects neonates from Escherichia coli sepsis.; An Inflammation-Targeting Engineered Probiotic Escherichia coli Nissle 1917 with High Anti-TNF-α Nanobody Secretion Efficacy Alleviates Ulcerative Colitis.; Engineered probiotic Escherichia coli elicits immediate and long-term protection against influenza A virus in mice.; Bacteriocin-Producing Escherichia coli Isolated from the Gastrointestinal Tract of Farm Animals: Prevalence, Molecular Characterization and Potential for Application.","2022;2020;2026;2025;2024;2022","35232591;32752183;41813901;41017573;39122688;36013976"
"Escherichia coli","GCF_030285565.1","https://pubmed.ncbi.nlm.nih.gov/35232591/;https://pubmed.ncbi.nlm.nih.gov/32752183/;https://pubmed.ncbi.nlm.nih.gov/41813901/;https://pubmed.ncbi.nlm.nih.gov/41017573/;https://pubmed.ncbi.nlm.nih.gov/39122688/;https://pubmed.ncbi.nlm.nih.gov/36013976/","Emerging strategies for engineering Escherichia coli Nissle 1917-based therapeutics.; Cranberry Polyphenols and Prevention against Urinary Tract Infections: Relevant Considerations.; Natural maternal immunity protects neonates from Escherichia coli sepsis.; An Inflammation-Targeting Engineered Probiotic Escherichia coli Nissle 1917 with High Anti-TNF-α Nanobody Secretion Efficacy Alleviates Ulcerative Colitis.; Engineered probiotic Escherichia coli elicits immediate and long-term protection against influenza A virus in mice.; Bacteriocin-Producing Escherichia coli Isolated from the Gastrointestinal Tract of Farm Animals: Prevalence, Molecular Characterization and Potential for Application.","2022;2020;2026;2025;2024;2022","35232591;32752183;41813901;41017573;39122688;36013976"
"Escherichia coli","GCF_030285585.1","https://pubmed.ncbi.nlm.nih.gov/35232591/;https://pubmed.ncbi.nlm.nih.gov/32752183/;https://pubmed.ncbi.nlm.nih.gov/41813901/;https://pubmed.ncbi.nlm.nih.gov/41017573/;https://pubmed.ncbi.nlm.nih.gov/39122688/;https://pubmed.ncbi.nlm.nih.gov/36013976/","Emerging strategies for engineering Escherichia coli Nissle 1917-based therapeutics.; Cranberry Polyphenols and Prevention against Urinary Tract Infections: Relevant Considerations.; Natural maternal immunity protects neonates from Escherichia coli sepsis.; An Inflammation-Targeting Engineered Probiotic Escherichia coli Nissle 1917 with High Anti-TNF-α Nanobody Secretion Efficacy Alleviates Ulcerative Colitis.; Engineered probiotic Escherichia coli elicits immediate and long-term protection against influenza A virus in mice.; Bacteriocin-Producing Escherichia coli Isolated from the Gastrointestinal Tract of Farm Animals: Prevalence, Molecular Characterization and Potential for Application.","2022;2020;2026;2025;2024;2022","35232591;32752183;41813901;41017573;39122688;36013976"
"Escherichia coli","GCF_030285605.1","https://pubmed.ncbi.nlm.nih.gov/11409159/;https://pubmed.ncbi.nlm.nih.gov/36013976/","Effect of probiotics on enterocyte bacterial translocation in vitro.; Bacteriocin-Producing Escherichia coli Isolated from the Gastrointestinal Tract of Farm Animals: Prevalence, Molecular Characterization and Potential for Application.","2001;2022","11409159;36013976"
"Escherichia coli","GCF_030316195.1","https://pubmed.ncbi.nlm.nih.gov/19264370/;https://pubmed.ncbi.nlm.nih.gov/20452078/","Differential crosstalk between epithelial cells, dendritic cells and bacteria in a co-culture model.; Probiotic properties of non-conventional lactic acid bacteria: immunomodulation by Oenococcus oeni.","2009;2010","19264370;20452078"
"Pseudomonas aeruginosa","GCF_030376865.1","https://pubmed.ncbi.nlm.nih.gov/34946156/","Isolation and Identification of Bacteria with Surface and Antibacterial Activity from the Gut of Mediterranean Grey Mullets.","2021","34946156"
"Bifidobacterium breve","GCF_030414125.1","https://pubmed.ncbi.nlm.nih.gov/36868402/;https://pubmed.ncbi.nlm.nih.gov/38311217/","Bifidobacterium breve Bif11 supplementation improves depression-related neurobehavioural and neuroinflammatory changes in the mouse.; Supplementation of probiotic Bifidobacterium breve Bif11 reverses neurobehavioural deficits, inflammatory changes and oxidative stress in Parkinson's disease model.","2023;2024","36868402;38311217"
"Limosilactobacillus reuteri","GCF_030418275.1","https://pubmed.ncbi.nlm.nih.gov/37974056/;https://pubmed.ncbi.nlm.nih.gov/35320932/;https://pubmed.ncbi.nlm.nih.gov/18396068/;https://pubmed.ncbi.nlm.nih.gov/20798357/","Genomic, phenotypic, and clinical safety of Limosilactobacillus reuteri ATCC PTA 4659.; Epithelial Heat Shock Proteins Mediate the Protective Effects of Limosilactobacillus reuteri in Dextran Sulfate Sodium-Induced Colitis.; Human-derived probiotic Lactobacillus reuteri demonstrate antimicrobial activities targeting diverse enteric bacterial pathogens.; Human-derived probiotic Lactobacillus reuteri strains differentially reduce intestinal inflammation.","2023;2022;2008;2010","37974056;35320932;18396068;20798357"
"Lactiplantibacillus plantarum","GCF_030463605.1","https://pubmed.ncbi.nlm.nih.gov/36571922/;https://pubmed.ncbi.nlm.nih.gov/40749709/;https://pubmed.ncbi.nlm.nih.gov/40269965/;https://pubmed.ncbi.nlm.nih.gov/38841895/;https://pubmed.ncbi.nlm.nih.gov/40114208/;https://pubmed.ncbi.nlm.nih.gov/36442565/;https://pubmed.ncbi.nlm.nih.gov/37389343/","A novel approach to Lactiplantibacillus plantarum: From probiotic properties to the omics insights.; Harnessing Lactiplantibacillus plantarum EP21 and its membrane vesicles to inhibit myopia development.; Lactiplantibacillus plantarum -derived extracellular vesicles alleviate acute lung injury by inhibiting ferroptosis of macrophages.; Enhancing social behavior in an autism spectrum disorder mouse model: investigating the underlying mechanisms of Lactiplantibacillus plantarum intervention.; Reducing severity of inflammatory bowel disease through colonization of Lactiplantibacillus plantarum and its extracellular vesicles release.; Cell surface-associated protein elongation factor Tu interacts with fibronectin mediating the adhesion of Lactobacillus plantarum HC-2 to Penaeus vannamei intestinal epithelium and inhibiting the apoptosis induced by LPS and pathogen in Caco-2 cells.; Homologous genes shared between probiotics and pathogens affect the adhesion of probiotics and exclusion of pathogens in the gut mucus of shrimp.","2023;2025;2025;2024;2025;2023;2023","36571922;40749709;40269965;38841895;40114208;36442565;37389343"
"Lactococcus lactis subsp. lactis","GCF_030489665.1","https://pubmed.ncbi.nlm.nih.gov/27466284/;https://pubmed.ncbi.nlm.nih.gov/38599786/;https://pubmed.ncbi.nlm.nih.gov/29899025/;https://pubmed.ncbi.nlm.nih.gov/41486553/;https://pubmed.ncbi.nlm.nih.gov/39738244/;https://pubmed.ncbi.nlm.nih.gov/37512890/","Stress Physiology of Lactic Acid Bacteria.; Lactococcus lactis HkyuLL 10 suppresses colorectal tumourigenesis and restores gut microbiota through its generated alpha-mannosidase.; Curbing cholera.; Lactococcus lactis subsp. Cremoris reprograms systemic metabolism and protects against myocardial injury.; Lactococcus lactis and Bifidobacterium bifidum alleviate postmenopausal symptoms by suppressing NF-κB signaling and microbiota dysbiosis.; Immunostimulatory Activity of Lactococcus lactis subsp. lactis CAB701 Isolated from Jeju Cabbage.","2016;2024;2018;2026;2024;2023","27466284;38599786;29899025;41486553;39738244;37512890"
"Escherichia coli","GCF_030501455.2","https://pubmed.ncbi.nlm.nih.gov/38008714/;https://pubmed.ncbi.nlm.nih.gov/39589689/","Comprehensive probiogenomics analysis of the commensal Escherichia coli CEC15 as a potential probiotic strain.; Postbiotic Effect of Escherichia coli CEC15 and Escherichia coli Nissle 1917 on a Murine Model of 5-FU-induced Intestinal Mucositis.","2023;2025","38008714;39589689"
"Lactiplantibacillus plantarum","GCF_030504705.1","https://pubmed.ncbi.nlm.nih.gov/36571922/;https://pubmed.ncbi.nlm.nih.gov/40749709/;https://pubmed.ncbi.nlm.nih.gov/40269965/;https://pubmed.ncbi.nlm.nih.gov/38841895/;https://pubmed.ncbi.nlm.nih.gov/40114208/","A novel approach to Lactiplantibacillus plantarum: From probiotic properties to the omics insights.; Harnessing Lactiplantibacillus plantarum EP21 and its membrane vesicles to inhibit myopia development.; Lactiplantibacillus plantarum -derived extracellular vesicles alleviate acute lung injury by inhibiting ferroptosis of macrophages.; Enhancing social behavior in an autism spectrum disorder mouse model: investigating the underlying mechanisms of Lactiplantibacillus plantarum intervention.; Reducing severity of inflammatory bowel disease through colonization of Lactiplantibacillus plantarum and its extracellular vesicles release.","2023;2025;2025;2024;2025","36571922;40749709;40269965;38841895;40114208"
"Bifidobacterium animalis","GCF_030511705.1","","","",""
"Ligilactobacillus salivarius","GCF_030518315.1","https://pubmed.ncbi.nlm.nih.gov/38029238/","Multi-function screening of probiotics to improve oral health and evaluating their efficacy in a rat periodontitis model.","2023","38029238"
"Lactobacillus acidophilus","GCF_030520045.1","","","",""
"Lactiplantibacillus plantarum","GCF_030549385.1","https://pubmed.ncbi.nlm.nih.gov/35615501/","Assessments of Probiotic Potentials of Lactiplantibacillus plantarum Strains Isolated From Chinese Traditional Fermented Food: Phenotypic and Genomic Analysis.","2022","35615501"
"Bifidobacterium animalis subsp. lactis","GCF_030552855.1","https://pubmed.ncbi.nlm.nih.gov/37962097/","Probiotics for infantile colic: Is there evidence beyond doubt? A meta-analysis and systematic review.","2024","37962097"
"Lactiplantibacillus plantarum","GCF_030575255.1","https://pubmed.ncbi.nlm.nih.gov/35615501/","Assessments of Probiotic Potentials of Lactiplantibacillus plantarum Strains Isolated From Chinese Traditional Fermented Food: Phenotypic and Genomic Analysis.","2022","35615501"
"Leuconostoc lactis","GCF_030577875.1","https://pubmed.ncbi.nlm.nih.gov/41958123/","Preclinical Safety Evaluation of Leuconostoc lactis DMLL10 Isolated from Kimchi in Rats.","2026","41958123"
"Priestia megaterium","GCF_030767185.1","","","",""
"Bacillus velezensis","GCF_030767245.1","","","",""
"Enterococcus hirae","GCF_030851225.1","https://pubmed.ncbi.nlm.nih.gov/37484003/","Isolation, Characterization, and Comparative Genomics of the Novel Potential Probiotics from Canine Feces.","2023","37484003"
"Limosilactobacillus fermentum","GCF_030851245.1","https://pubmed.ncbi.nlm.nih.gov/37484003/","Isolation, Characterization, and Comparative Genomics of the Novel Potential Probiotics from Canine Feces.","2023","37484003"
"Limosilactobacillus fermentum","GCF_030939205.1","https://pubmed.ncbi.nlm.nih.gov/37375107/","Antagonistic Interactions of Lactic Acid Bacteria from Human Oral Microbiome against Streptococcus mutans and Candida albicans.","2023","37375107"
"Lacticaseibacillus rhamnosus","GCF_030939245.1","https://pubmed.ncbi.nlm.nih.gov/37375107/","Antagonistic Interactions of Lactic Acid Bacteria from Human Oral Microbiome against Streptococcus mutans and Candida albicans.","2023","37375107"
"Lactobacillus delbrueckii subsp. lactis","GCF_030939285.1","https://pubmed.ncbi.nlm.nih.gov/30452699/;https://pubmed.ncbi.nlm.nih.gov/39458486/;https://pubmed.ncbi.nlm.nih.gov/35491646/;https://pubmed.ncbi.nlm.nih.gov/36694578/;https://pubmed.ncbi.nlm.nih.gov/35916052/;https://pubmed.ncbi.nlm.nih.gov/37375107/","Yogurt and other fermented foods as sources of health-promoting bacteria.; Microbiota Transplantation in Individuals with Type 2 Diabetes and a High Degree of Insulin Resistance.; Precision Probiotic Medicine to Improve ICB Immunotherapy.; Probiotic growth in skin-like conditions.; IL-22 and Lactobacillus delbrueckii mitigate alcohol-induced exacerbation of DSS-induced colitis.; Antagonistic Interactions of Lactic Acid Bacteria from Human Oral Microbiome against Streptococcus mutans and Candida albicans.","2018;2024;2022;2022;2022;2023","30452699;39458486;35491646;36694578;35916052;37375107"
"Weissella confusa","GCF_030939325.1","https://pubmed.ncbi.nlm.nih.gov/41003976/;https://pubmed.ncbi.nlm.nih.gov/40859739/;https://pubmed.ncbi.nlm.nih.gov/37608379/;https://pubmed.ncbi.nlm.nih.gov/29337101/;https://pubmed.ncbi.nlm.nih.gov/37987480/;https://pubmed.ncbi.nlm.nih.gov/37375107/","Weissella confusa aortic valve endocarditis: A case report and literature review.; Weissella confusa WIKIM51 (Wilac D001) improves constipation and gut health in a loperamide-induced mouse model.; Weissella confusa F213 ameliorated inflammation and maintained intestinal mucosa integrity in chemically induced colitis rats.; Extracellular polysaccharide from Weissella confusa OF126: Production, optimization, and characterization.; The Controversial Nature of Some Non-Starter Lactic Acid Bacteria Actively Participating in Cheese Ripening.; Antagonistic Interactions of Lactic Acid Bacteria from Human Oral Microbiome against Streptococcus mutans and Candida albicans.","2025;2025;2023;2018;2023;2023","41003976;40859739;37608379;29337101;37987480;37375107"
"Lactobacillus delbrueckii subsp. lactis","GCF_030939355.1","https://pubmed.ncbi.nlm.nih.gov/30452699/;https://pubmed.ncbi.nlm.nih.gov/39458486/;https://pubmed.ncbi.nlm.nih.gov/35491646/;https://pubmed.ncbi.nlm.nih.gov/36694578/;https://pubmed.ncbi.nlm.nih.gov/35916052/;https://pubmed.ncbi.nlm.nih.gov/37375107/","Yogurt and other fermented foods as sources of health-promoting bacteria.; Microbiota Transplantation in Individuals with Type 2 Diabetes and a High Degree of Insulin Resistance.; Precision Probiotic Medicine to Improve ICB Immunotherapy.; Probiotic growth in skin-like conditions.; IL-22 and Lactobacillus delbrueckii mitigate alcohol-induced exacerbation of DSS-induced colitis.; Antagonistic Interactions of Lactic Acid Bacteria from Human Oral Microbiome against Streptococcus mutans and Candida albicans.","2018;2024;2022;2022;2022;2023","30452699;39458486;35491646;36694578;35916052;37375107"
"Lactobacillus delbrueckii subsp. allosunkii","GCF_030939405.1","https://pubmed.ncbi.nlm.nih.gov/30452699/;https://pubmed.ncbi.nlm.nih.gov/39458486/;https://pubmed.ncbi.nlm.nih.gov/35491646/;https://pubmed.ncbi.nlm.nih.gov/36694578/;https://pubmed.ncbi.nlm.nih.gov/35916052/;https://pubmed.ncbi.nlm.nih.gov/37375107/","Yogurt and other fermented foods as sources of health-promoting bacteria.; Microbiota Transplantation in Individuals with Type 2 Diabetes and a High Degree of Insulin Resistance.; Precision Probiotic Medicine to Improve ICB Immunotherapy.; Probiotic growth in skin-like conditions.; IL-22 and Lactobacillus delbrueckii mitigate alcohol-induced exacerbation of DSS-induced colitis.; Antagonistic Interactions of Lactic Acid Bacteria from Human Oral Microbiome against Streptococcus mutans and Candida albicans.","2018;2024;2022;2022;2022;2023","30452699;39458486;35491646;36694578;35916052;37375107"
"Limosilactobacillus fermentum","GCF_030939465.1","https://pubmed.ncbi.nlm.nih.gov/37375107/","Antagonistic Interactions of Lactic Acid Bacteria from Human Oral Microbiome against Streptococcus mutans and Candida albicans.","2023","37375107"
"Latilactobacillus curvatus","GCF_030939505.1","https://pubmed.ncbi.nlm.nih.gov/37375107/","Antagonistic Interactions of Lactic Acid Bacteria from Human Oral Microbiome against Streptococcus mutans and Candida albicans.","2023","37375107"
"Weissella confusa","GCF_030939515.1","https://pubmed.ncbi.nlm.nih.gov/37987480/;https://pubmed.ncbi.nlm.nih.gov/37375107/","The Controversial Nature of Some Non-Starter Lactic Acid Bacteria Actively Participating in Cheese Ripening.; Antagonistic Interactions of Lactic Acid Bacteria from Human Oral Microbiome against Streptococcus mutans and Candida albicans.","2023;2023","37987480;37375107"
"Limosilactobacillus fermentum","GCF_030939605.1","https://pubmed.ncbi.nlm.nih.gov/40028723/;https://pubmed.ncbi.nlm.nih.gov/39242568/;https://pubmed.ncbi.nlm.nih.gov/33801082/;https://pubmed.ncbi.nlm.nih.gov/32439543/;https://pubmed.ncbi.nlm.nih.gov/37375107/","Extracellular vesicles of Limosilactobacillus fermentum SLAM216 ameliorate skin symptoms of atopic dermatitis by regulating gut microbiome on serotonin metabolism.; A probiotic Limosilactobacillus fermentum GR-3 mitigates colitis-associated tumorigenesis in mice via modulating gut microbiome.; Limosilactobacillus fermentum CECT5716: Mechanisms and Therapeutic Insights.; Isolation and identification of potential probiotic Lactobacillus species from feces of infants in southwest Iran.; Antagonistic Interactions of Lactic Acid Bacteria from Human Oral Microbiome against Streptococcus mutans and Candida albicans.","2025;2024;2021;2020;2023","40028723;39242568;33801082;32439543;37375107"
"Limosilactobacillus fermentum","GCF_030939615.1","https://pubmed.ncbi.nlm.nih.gov/33764849/;https://pubmed.ncbi.nlm.nih.gov/40028723/;https://pubmed.ncbi.nlm.nih.gov/41254951/;https://pubmed.ncbi.nlm.nih.gov/39242568/;https://pubmed.ncbi.nlm.nih.gov/33801082/;https://pubmed.ncbi.nlm.nih.gov/37375107/","Limosilactobacillus fermentum JL-3 isolated from ""Jiangshui"" ameliorates hyperuricemia by degrading uric acid.; Extracellular vesicles of Limosilactobacillus fermentum SLAM216 ameliorate skin symptoms of atopic dermatitis by regulating gut microbiome on serotonin metabolism.; The probiotic Limosilactobacillus fermentum CECT5716 enhances the antihypertensive response to hydrochlorothiazide in spontaneously hypertensive rats.; A probiotic Limosilactobacillus fermentum GR-3 mitigates colitis-associated tumorigenesis in mice via modulating gut microbiome.; Limosilactobacillus fermentum CECT5716: Mechanisms and Therapeutic Insights.; Antagonistic Interactions of Lactic Acid Bacteria from Human Oral Microbiome against Streptococcus mutans and Candida albicans.","2021;2025;2025;2024;2021;2023","33764849;40028723;41254951;39242568;33801082;37375107"
"Pediococcus pentosaceus","GCF_030984705.1","https://pubmed.ncbi.nlm.nih.gov/37484003/","Isolation, Characterization, and Comparative Genomics of the Novel Potential Probiotics from Canine Feces.","2023","37484003"
"Escherichia coli","GCF_031193845.1","https://pubmed.ncbi.nlm.nih.gov/35232591/;https://pubmed.ncbi.nlm.nih.gov/32752183/;https://pubmed.ncbi.nlm.nih.gov/41813901/;https://pubmed.ncbi.nlm.nih.gov/41017573/;https://pubmed.ncbi.nlm.nih.gov/39122688/;https://pubmed.ncbi.nlm.nih.gov/36013976/","Emerging strategies for engineering Escherichia coli Nissle 1917-based therapeutics.; Cranberry Polyphenols and Prevention against Urinary Tract Infections: Relevant Considerations.; Natural maternal immunity protects neonates from Escherichia coli sepsis.; An Inflammation-Targeting Engineered Probiotic Escherichia coli Nissle 1917 with High Anti-TNF-α Nanobody Secretion Efficacy Alleviates Ulcerative Colitis.; Engineered probiotic Escherichia coli elicits immediate and long-term protection against influenza A virus in mice.; Bacteriocin-Producing Escherichia coli Isolated from the Gastrointestinal Tract of Farm Animals: Prevalence, Molecular Characterization and Potential for Application.","2022;2020;2026;2025;2024;2022","35232591;32752183;41813901;41017573;39122688;36013976"
"Lacticaseibacillus rhamnosus","GCF_031202655.1","https://pubmed.ncbi.nlm.nih.gov/36748225/","Ingestion of Lacticaseibacillus rhamnosus Fmb14 prevents depression-like behavior and brain neural activity via the microbiota-gut-brain axis in colitis mice.","2023","36748225"
"Ligilactobacillus salivarius","GCF_031557155.1","","","",""
"Escherichia coli","GCF_031703925.1","https://pubmed.ncbi.nlm.nih.gov/35232591/;https://pubmed.ncbi.nlm.nih.gov/32752183/;https://pubmed.ncbi.nlm.nih.gov/41813901/;https://pubmed.ncbi.nlm.nih.gov/41017573/;https://pubmed.ncbi.nlm.nih.gov/39122688/;https://pubmed.ncbi.nlm.nih.gov/19748696/","Emerging strategies for engineering Escherichia coli Nissle 1917-based therapeutics.; Cranberry Polyphenols and Prevention against Urinary Tract Infections: Relevant Considerations.; Natural maternal immunity protects neonates from Escherichia coli sepsis.; An Inflammation-Targeting Engineered Probiotic Escherichia coli Nissle 1917 with High Anti-TNF-α Nanobody Secretion Efficacy Alleviates Ulcerative Colitis.; Engineered probiotic Escherichia coli elicits immediate and long-term protection against influenza A virus in mice.; In vitro evaluation of Lactobacillus plantarum DSMZ 12028 as a probiotic: emphasis on innate immunity.","2022;2020;2026;2025;2024;2009","35232591;32752183;41813901;41017573;39122688;19748696"
"Enterococcus faecalis","GCF_031737335.1","https://pubmed.ncbi.nlm.nih.gov/31718570/;https://pubmed.ncbi.nlm.nih.gov/38702495/;https://pubmed.ncbi.nlm.nih.gov/37237745/;https://pubmed.ncbi.nlm.nih.gov/39162453/;https://pubmed.ncbi.nlm.nih.gov/36922364/","Isolation, characterization, and assessment of lactic acid bacteria toward their selection as poultry probiotics.; Enterococcus faecalis: implications for host health.; Enterococcal Phages: Food and Health Applications.; Whole-genome sequencing of Enterococcus faecalis probiotic strains isolated from raw milk of healthy cows.; Probiotic treatment (Enterococcus faecalis) improves symptoms of seasonal allergic rhinitis: A randomized controlled trial.","2019;2024;2023;2024;2023","31718570;38702495;37237745;39162453;36922364"
"Enterococcus faecium","GCF_031925205.1","https://pubmed.ncbi.nlm.nih.gov/41763213/;https://pubmed.ncbi.nlm.nih.gov/40934987/;https://pubmed.ncbi.nlm.nih.gov/11449853/;https://pubmed.ncbi.nlm.nih.gov/30309968/;https://pubmed.ncbi.nlm.nih.gov/40748505/","Gut microbiota immaturity with DL-endopeptidase deficiency links antibiotic use to preterm late-onset sepsis.; Novel Enterococcus faecium P2 as a probiotic for mitigating Clostridioides difficile infection.; Probiotics: ""living drugs"".; Enlisting commensal microbes to resist antibiotic-resistant pathogens.; Probiotic potential and antimicrobial efficacy of a dairy isolate, Enterococcus faecium MBBL3.","2026;2025;2001;2019;2025","41763213;40934987;11449853;30309968;40748505"
"Lactobacillus acidophilus","GCF_032463485.1","https://pubmed.ncbi.nlm.nih.gov/18795975/","In vitro evaluation on adherence and antimicrobial properties of a candidate probiotic Clostridium butyricum CB2 for farmed fish.","2008","18795975"
"Lactiplantibacillus plantarum","GCF_032602185.1","https://pubmed.ncbi.nlm.nih.gov/17388062/","Potential probiotic characteristics of Lactobacillus and Enterococcus strains isolated from traditional dadih fermented milk against pathogen intestinal colonization.","2007","17388062"
"Pediococcus acidilactici","GCF_032841555.1","https://pubmed.ncbi.nlm.nih.gov/41239394/;https://pubmed.ncbi.nlm.nih.gov/35618633/;https://pubmed.ncbi.nlm.nih.gov/31718570/;https://pubmed.ncbi.nlm.nih.gov/40849527/;https://pubmed.ncbi.nlm.nih.gov/37584728/","Pediococcus acidilactici attenuates chronic stress-induced depression via generating metabolite indole-3-lactic acid and downregulating neuroinflammation.; Multi-Probiotics ameliorate Major depressive disorder and accompanying gastrointestinal syndromes via serotonergic system regulation.; Isolation, characterization, and assessment of lactic acid bacteria toward their selection as poultry probiotics.; Pediococcus acidilactici GR-5 alleviates hyperuricemia by degrading purine nucleosides and improving gut microbiota metabolism.; Glucose-lowering effects of a synbiotic combination containing Pediococcus acidilactici in C. elegans and mice.","2025;2023;2019;2025;2023","41239394;35618633;31718570;40849527;37584728"
"Pediococcus acidilactici","GCF_032841575.1","","","",""
"Pediococcus acidilactici","GCF_032842625.1","","","",""
"Pediococcus acidilactici","GCF_032844065.1","","","",""
"Phocaeicola dorei","GCF_033099895.1","","","",""
"Limosilactobacillus reuteri","GCF_033181025.1","https://pubmed.ncbi.nlm.nih.gov/36710979/","The probiotic and immunomodulation effects of Limosilactobacillus reuteri RGW1 isolated from calf feces.","2022","36710979"
"Ligilactobacillus salivarius","GCF_033344995.1","","","",""
"Lactiplantibacillus plantarum","GCF_033792305.1","https://pubmed.ncbi.nlm.nih.gov/36571922/;https://pubmed.ncbi.nlm.nih.gov/40749709/;https://pubmed.ncbi.nlm.nih.gov/40269965/;https://pubmed.ncbi.nlm.nih.gov/38841895/;https://pubmed.ncbi.nlm.nih.gov/40114208/","A novel approach to Lactiplantibacillus plantarum: From probiotic properties to the omics insights.; Harnessing Lactiplantibacillus plantarum EP21 and its membrane vesicles to inhibit myopia development.; Lactiplantibacillus plantarum -derived extracellular vesicles alleviate acute lung injury by inhibiting ferroptosis of macrophages.; Enhancing social behavior in an autism spectrum disorder mouse model: investigating the underlying mechanisms of Lactiplantibacillus plantarum intervention.; Reducing severity of inflammatory bowel disease through colonization of Lactiplantibacillus plantarum and its extracellular vesicles release.","2023;2025;2025;2024;2025","36571922;40749709;40269965;38841895;40114208"
"Pseudomonas aeruginosa","GCF_033797475.1","https://pubmed.ncbi.nlm.nih.gov/34946156/","Isolation and Identification of Bacteria with Surface and Antibacterial Activity from the Gut of Mediterranean Grey Mullets.","2021","34946156"
"Pseudomonas aeruginosa","GCF_033798125.1","https://pubmed.ncbi.nlm.nih.gov/41362070/;https://pubmed.ncbi.nlm.nih.gov/26687205/;https://pubmed.ncbi.nlm.nih.gov/40619672/;https://pubmed.ncbi.nlm.nih.gov/41504155/;https://pubmed.ncbi.nlm.nih.gov/32692305/;https://pubmed.ncbi.nlm.nih.gov/34946156/","High-Yield Outer Membrane Vesicles Derived From Probiotics as a Nanoplatform for Precise Treatment and Prophylaxis of Pseudomonas aeruginosa Infection.; Antibiotic resistance in Pseudomonas aeruginosa and alternative therapeutic options.; Minimal logic gates for probiotic Escherichia coli Nissle 1917 sensing and treatment of dual-bacteria intestinal infection.; Gut Bacteria Improve Depressive Symptoms by Degrading Cortisol into Androgen.; Non-Melanoma Skin Cancer: news from microbiota research.; Isolation and Identification of Bacteria with Surface and Antibacterial Activity from the Gut of Mediterranean Grey Mullets.","2025;2016;2025;2026;2020;2021","41362070;26687205;40619672;41504155;32692305;34946156"
"Pseudomonas aeruginosa","GCF_033798385.1","https://pubmed.ncbi.nlm.nih.gov/26687205/;https://pubmed.ncbi.nlm.nih.gov/40619672/;https://pubmed.ncbi.nlm.nih.gov/41504155/;https://pubmed.ncbi.nlm.nih.gov/32692305/;https://pubmed.ncbi.nlm.nih.gov/34946156/","Antibiotic resistance in Pseudomonas aeruginosa and alternative therapeutic options.; Minimal logic gates for probiotic Escherichia coli Nissle 1917 sensing and treatment of dual-bacteria intestinal infection.; Gut Bacteria Improve Depressive Symptoms by Degrading Cortisol into Androgen.; Non-Melanoma Skin Cancer: news from microbiota research.; Isolation and Identification of Bacteria with Surface and Antibacterial Activity from the Gut of Mediterranean Grey Mullets.","2016;2025;2026;2020;2021","26687205;40619672;41504155;32692305;34946156"
"Candidatus Cetobacterium colombiensis","GCF_033962415.1","https://pubmed.ncbi.nlm.nih.gov/40652219/;https://pubmed.ncbi.nlm.nih.gov/40759977/;https://pubmed.ncbi.nlm.nih.gov/38138066/;https://pubmed.ncbi.nlm.nih.gov/34780975/","Cetobacterium somerae-derived argininosuccinic acid promotes intestinal and liver ureagenesis to alleviate ammonia intoxication.; Lactiplantibacillus plantarum attenuate gossypol-induced hepatic lipotoxicity by altering intestinal microbiota for enriching microbial tryptophan metabolites in Nile tilapia (Oreochromis niloticus).; Unveiling the Probiotic Potential of the Anaerobic Bacterium Cetobacterium sp. nov. C33 for Enhancing Nile Tilapia (Oreochromis niloticus) Cultures.; Stabilized fermentation product of Cetobacterium somerae improves gut and liver health and antiviral immunity of zebrafish.","2025;2025;2023;2022","40652219;40759977;38138066;34780975"
"Lacticaseibacillus rhamnosus","GCF_033977045.1","","","",""
"Corynebacterium amycolatum","GCF_034297315.1","https://pubmed.ncbi.nlm.nih.gov/37004579/","Antibiofilm activity of cell-free supernatants of vaginal isolates of Corynebacterium amycolatum against Pseudomonas aeruginosa and Klebsiella pneumoniae.","2023","37004579"
"Lactobacillus acidophilus","GCF_034298135.1","https://pubmed.ncbi.nlm.nih.gov/37515666/;https://pubmed.ncbi.nlm.nih.gov/29567501/;https://pubmed.ncbi.nlm.nih.gov/33533812/;https://pubmed.ncbi.nlm.nih.gov/10022003/;https://pubmed.ncbi.nlm.nih.gov/11132841/;https://pubmed.ncbi.nlm.nih.gov/16960110/;https://pubmed.ncbi.nlm.nih.gov/17289201/;https://pubmed.ncbi.nlm.nih.gov/20416680/;https://pubmed.ncbi.nlm.nih.gov/22271268/;https://pubmed.ncbi.nlm.nih.gov/22790540/;https://pubmed.ncbi.nlm.nih.gov/23021757/;https://pubmed.ncbi.nlm.nih.gov/24919536/;https://pubmed.ncbi.nlm.nih.gov/27513424/;https://pubmed.ncbi.nlm.nih.gov/27833605/;https://pubmed.ncbi.nlm.nih.gov/28178767/;https://pubmed.ncbi.nlm.nih.gov/30580660/;https://pubmed.ncbi.nlm.nih.gov/32169940/;https://pubmed.ncbi.nlm.nih.gov/32782740/;https://pubmed.ncbi.nlm.nih.gov/34466594/;https://pubmed.ncbi.nlm.nih.gov/35083726/;https://pubmed.ncbi.nlm.nih.gov/35729721/;https://pubmed.ncbi.nlm.nih.gov/35781865/;https://pubmed.ncbi.nlm.nih.gov/36185024/;https://pubmed.ncbi.nlm.nih.gov/36688748/;https://pubmed.ncbi.nlm.nih.gov/36864459/;https://pubmed.ncbi.nlm.nih.gov/37144488/;https://pubmed.ncbi.nlm.nih.gov/37368688/;https://pubmed.ncbi.nlm.nih.gov/37507854/","Encapsulation of probiotic Lactobacillus acidophilus ATCC 4356 in alginate-galbanum (Ferula Gummosa Boiss) gum microspheres and evaluation of the survival in simulated gastrointestinal conditions in probiotic Tahini halva.; The role of probiotic Lactobacillus acidophilus ATCC 4356 bacteriocin on effect of HBsu on planktonic cells and biofilm formation of Bacillus subtilis.; Protective effect of the probiotic Lactobacillus acidophilus ATCC 4356 in BALB/c mice infected with Toxocara canis.; Isolation and characterization of acid- and bile-tolerant isolates from strains of Lactobacillus acidophilus.; Characterization and purification of a bacteriocin produced by a potential probiotic culture, Lactobacillus acidophilus 30SC.; Essential roles of monocytes in stimulating human peripheral blood mononuclear cells with Lactobacillus casei to produce cytokines and augment natural killer cell activity.; The S-layer proteins of Lactobacillus crispatus strain ZJ001 is responsible for competitive exclusion against Escherichia coli O157:H7 and Salmonella typhimurium.; Safety and functional aspects of pre-selected lactobacilli for probiotic use in Iberian dry-fermented sausages.; Antagonistic activity of Lactobacillus acidophilus ATCC 4356 on the growth and adhesion/invasion characteristics of human Campylobacter jejuni.; Antioxidant properties of potentially probiotic bacteria: in vitro and in vivo activities.; Stability of free and encapsulated Lactobacillus acidophilus ATCC 4356 in yogurt and in an artificial human gastric digestion system.; A comparative study of the effect of probiotics on cariogenic biofilm model for preventing dental caries.; The inhibitory effect of bacteriocin produced by Lactobacillus acidophilusATCC 4356 and Lactobacillus plantarum ATCC 8014 on planktonic cells and biofilms of Serratia marcescens.; Lactobacillus fermentum ATCC 23271 Displays In vitro Inhibitory Activities against Candida spp.; Probiotic bacteria inhibit the bovine respiratory pathogen Mannheimia haemolytica serotype 1 in vitro.; A novel probiotic, Lactobacillus johnsonii 456, resists acid and can persist in the human gut beyond the initial ingestion period.; Multifunctional Acidocin 4356 Combats Pseudomonas aeruginosa through Membrane Perturbation and Virulence Attenuation: Experimental Results Confirm Molecular Dynamics Simulation.; Some probiotic properties of Lactobacillus species isolated from honey and their antimicrobial activity against foodborne pathogens.; Antagonistic and Immunomodulant Effects of Two Probiotic Strains of Lactobacillus on Clinical Strains of Helicobacter pylori.; Evaluation of inhibitory and probiotic properties of lactic acid bacteria isolated from vaginal microflora.; Levilactobacillus brevis from carnivores can ameliorate hypercholesterolemia: In vitro and in vivo mechanistic evidence.; Comparison of probiotic Lactobacillus strains isolated from dairy and Iranian traditional food products with those from human source on intestinal microbiota using BALB/C mice model.; New Potentially Probiotic Strains Isolated from Humans - Comparison of Properties with Strains from Probiotic Products and ATCC Collection.; Effect of Lactobacillus spp. cell-free supernatant against planktonic growth and biofilm formation of foodborne Escherichia coli isolates.; Anti-Obesity Potential through Regulation of Carbohydrate Uptake and Gene Expression in Intestinal Epithelial Cells by the Probiotic Lactiplantibacillus plantarum MGEL20154 from Fermented Food.; Effect of the combination of Lactobacillus acidophilus (probiotic) with vitamin K3 and vitamin E on Escherichia coli and Staphylococcus aureus: An in vitro pathogen model.; Induced Expression of the Acinetobacter sp. Oxa Gene in Lactobacillus acidophilus and Its Increased ZEN Degradation Stability by Immobilization.; Lactobacillus sp. Facilitate the Repair of DNA Damage Caused by Bile-Induced Reactive Oxygen Species in Experimental Models of Gastroesophageal Reflux Disease.","2023;2018;2021;1999;2000;2006;2007;2009;2012;2013;2012;2014;2016;2016;2017;2019;2020;2020;2020;2022;2022;2022;2022;2023;2023;2023;2023;2023","37515666;29567501;33533812;10022003;11132841;16960110;17289201;20416680;22271268;22790540;23021757;24919536;27513424;27833605;28178767;30580660;32169940;32782740;34466594;35083726;35729721;35781865;36185024;36688748;36864459;37144488;37368688;37507854"
"Escherichia coli","GCF_034424725.1","https://pubmed.ncbi.nlm.nih.gov/14731126/","Lactobacillus plantarum 299: beneficial in vitro immunomodulation in cells extracted from inflamed human colon.","2004","14731126"
"Shouchella clausii","GCF_034479305.1","https://pubmed.ncbi.nlm.nih.gov/35879582/","In vitro evaluation of antiviral activity of Shouchella clausii probiotic strain and bacterial supernatant against herpes simplex virus type 1.","2022","35879582"
"Enterococcus faecium","GCF_035783565.1","https://pubmed.ncbi.nlm.nih.gov/41763213/;https://pubmed.ncbi.nlm.nih.gov/40934987/;https://pubmed.ncbi.nlm.nih.gov/11449853/;https://pubmed.ncbi.nlm.nih.gov/30309968/;https://pubmed.ncbi.nlm.nih.gov/40748505/","Gut microbiota immaturity with DL-endopeptidase deficiency links antibiotic use to preterm late-onset sepsis.; Novel Enterococcus faecium P2 as a probiotic for mitigating Clostridioides difficile infection.; Probiotics: ""living drugs"".; Enlisting commensal microbes to resist antibiotic-resistant pathogens.; Probiotic potential and antimicrobial efficacy of a dairy isolate, Enterococcus faecium MBBL3.","2026;2025;2001;2019;2025","41763213;40934987;11449853;30309968;40748505"
"Bifidobacterium breve","GCF_036281515.1","https://pubmed.ncbi.nlm.nih.gov/28441886/;https://pubmed.ncbi.nlm.nih.gov/32779098/","Differences between live and heat-killed bifidobacteria in the regulation of immune function and the intestinal environment.; Evaluation of Porcine Intestinal Epitheliocytes as an In vitro Immunoassay System for the Selection of Probiotic Bifidobacteria to Alleviate Inflammatory Bowel Disease.","2017;2021","28441886;32779098"
"Lactiplantibacillus plantarum","GCF_036353295.1","https://pubmed.ncbi.nlm.nih.gov/36571922/;https://pubmed.ncbi.nlm.nih.gov/40749709/;https://pubmed.ncbi.nlm.nih.gov/40269965/;https://pubmed.ncbi.nlm.nih.gov/38841895/;https://pubmed.ncbi.nlm.nih.gov/40114208/;https://pubmed.ncbi.nlm.nih.gov/26029169/;https://pubmed.ncbi.nlm.nih.gov/35979483/","A novel approach to Lactiplantibacillus plantarum: From probiotic properties to the omics insights.; Harnessing Lactiplantibacillus plantarum EP21 and its membrane vesicles to inhibit myopia development.; Lactiplantibacillus plantarum -derived extracellular vesicles alleviate acute lung injury by inhibiting ferroptosis of macrophages.; Enhancing social behavior in an autism spectrum disorder mouse model: investigating the underlying mechanisms of Lactiplantibacillus plantarum intervention.; Reducing severity of inflammatory bowel disease through colonization of Lactiplantibacillus plantarum and its extracellular vesicles release.; Potent antagonistic activity of Egyptian Lactobacillus plantarum against multiresistant and virulent food-associated pathogens.; Screening and evaluation of lactic acid bacteria with probiotic potential from local Holstein raw milk.","2023;2025;2025;2024;2025;2015;2022","36571922;40749709;40269965;38841895;40114208;26029169;35979483"
"Lacticaseibacillus rhamnosus","GCF_036595825.1","https://pubmed.ncbi.nlm.nih.gov/37040355/;https://pubmed.ncbi.nlm.nih.gov/39570868/;https://pubmed.ncbi.nlm.nih.gov/35895217/;https://pubmed.ncbi.nlm.nih.gov/41210637/;https://pubmed.ncbi.nlm.nih.gov/34665429/;https://pubmed.ncbi.nlm.nih.gov/36551257/;https://pubmed.ncbi.nlm.nih.gov/36969318/","Probiotics of Lacticaseibacillus paracasei SD1 and Lacticaseibacillus rhamnosus SD11 attenuate inflammation and β-cell death in streptozotocin-induced type 1 diabetic mice.; The probiotic Lacticaseibacillus rhamnosus SD11 alleviates the progression of liver and colon damage through modulation of inflammation and tight junction proteins in streptozotocin-induced diabetic mice.; Anti-cancer Properties of Potential Probiotics and Their Cell-free Supernatants for the Prevention of Colorectal Cancer: an In Vitro Study.; Assessment of fermented milk tablets containing Lacticaseibacillus paracasei SD1 and Lacticaseibacillus rhamnosus SD11 in postbiotic and live probiotic forms: an in vitro study.; Evaluation of Potential Probiotic Properties of Lactobacillus and Bacillus Strains Derived from Various Sources for Their Potential Use in Swine Feeding.; Characterization of Short Chain Fatty Acids Produced by Selected Potential Probiotic Lactobacillus Strains.; Characterization of adhesion, anti-adhesion, co-aggregation, and hydrophobicity of Helicobacter pylori and probiotic strains.","2023;2024;2023;2025;2023;2022;2023","37040355;39570868;35895217;41210637;34665429;36551257;36969318"
"Lacticaseibacillus rhamnosus","GCF_036595865.1","https://pubmed.ncbi.nlm.nih.gov/39347096/;https://pubmed.ncbi.nlm.nih.gov/39012492/;https://pubmed.ncbi.nlm.nih.gov/36969318/;https://pubmed.ncbi.nlm.nih.gov/36551257/;https://pubmed.ncbi.nlm.nih.gov/35895217/;https://pubmed.ncbi.nlm.nih.gov/34665429/","Aggregation and adhesion ability of various probiotic strains and Candida species: An in vitro study.; Anticandidal Activity of Various Probiotic Lactobacillus Strains and Their Efficacy Enhanced by Prebiotic Supplementation.; Characterization of adhesion, anti-adhesion, co-aggregation, and hydrophobicity of Helicobacter pylori and probiotic strains.; Characterization of Short Chain Fatty Acids Produced by Selected Potential Probiotic Lactobacillus Strains.; Anti-cancer Properties of Potential Probiotics and Their Cell-free Supernatants for the Prevention of Colorectal Cancer: an In Vitro Study.; Evaluation of Potential Probiotic Properties of Lactobacillus and Bacillus Strains Derived from Various Sources for Their Potential Use in Swine Feeding.","2024;2024;2023;2022;2023;2023","39347096;39012492;36969318;36551257;35895217;34665429"
"Lactiplantibacillus plantarum","GCF_036880975.1","https://pubmed.ncbi.nlm.nih.gov/23613101/","Preliminary evaluation of probiotic potential of Lactobacillus plantarum strains isolated from Italian food products.","2013","23613101"
"Streptococcus thermophilus","GCF_036923315.1","","","",""
"Limosilactobacillus fermentum","GCF_037006085.1","https://pubmed.ncbi.nlm.nih.gov/40007772/;https://pubmed.ncbi.nlm.nih.gov/39347096/;https://pubmed.ncbi.nlm.nih.gov/36969318/;https://pubmed.ncbi.nlm.nih.gov/35939865/;https://pubmed.ncbi.nlm.nih.gov/34665429/","Probiogenomic analysis of Limosilactobacillus fermentum SD7, a probiotic candidate with remarkable aggregation abilities.; Aggregation and adhesion ability of various probiotic strains and Candida species: An in vitro study.; Characterization of adhesion, anti-adhesion, co-aggregation, and hydrophobicity of Helicobacter pylori and probiotic strains.; Effects of potential probiotics on the expression of cytokines and human β-defensins in human gingival epithelial cells and in vivo efficacy in a dog model.; Evaluation of Potential Probiotic Properties of Lactobacillus and Bacillus Strains Derived from Various Sources for Their Potential Use in Swine Feeding.","2025;2024;2023;2022;2023","40007772;39347096;36969318;35939865;34665429"
"Lacticaseibacillus paracasei","GCF_037414215.1","https://pubmed.ncbi.nlm.nih.gov/39012129/;https://pubmed.ncbi.nlm.nih.gov/39408038/","Complete genome sequence of the probiotic Lacticaseibacillus paracasei LPC100 strain from the NORDBIOTIC collection isolated from a human fecal sample.; The Effect of Lacticaseibacillus paracasei LPC100 and Lactiplantibacillus plantarum LP140 on Bone Mineral Density in Postmenopausal Women: A Multicenter, Randomized, Placebo-Controlled Study.","2024;2024","39012129;39408038"
"Lacticaseibacillus casei","GCF_037901485.1","","","",""
"Lacticaseibacillus rhamnosus","GCF_038086925.1","","","",""
"Lacticaseibacillus paracasei subsp. paracasei","GCF_038419715.1","https://pubmed.ncbi.nlm.nih.gov/41538653/;https://pubmed.ncbi.nlm.nih.gov/36136562/","Fermented Lacticaseibacillus Paracasei Cultures Ameliorate Colitis by Modulating Microbiota-Derived Tryptophan Metabolism and Macrophage Polarization.; Postbiotics and Kidney Disease.","2026;2022","41538653;36136562"
"Lactobacillus acidophilus","GCF_039880475.1","https://pubmed.ncbi.nlm.nih.gov/37621875/;https://pubmed.ncbi.nlm.nih.gov/28466641/;https://pubmed.ncbi.nlm.nih.gov/41300111/;https://pubmed.ncbi.nlm.nih.gov/40689613/;https://pubmed.ncbi.nlm.nih.gov/11132841/;https://pubmed.ncbi.nlm.nih.gov/16332821/;https://pubmed.ncbi.nlm.nih.gov/17449631/;https://pubmed.ncbi.nlm.nih.gov/18034741/;https://pubmed.ncbi.nlm.nih.gov/19047644/;https://pubmed.ncbi.nlm.nih.gov/19264370/;https://pubmed.ncbi.nlm.nih.gov/19714743/;https://pubmed.ncbi.nlm.nih.gov/19748697/;https://pubmed.ncbi.nlm.nih.gov/20373994/;https://pubmed.ncbi.nlm.nih.gov/20452078/;https://pubmed.ncbi.nlm.nih.gov/20545783/;https://pubmed.ncbi.nlm.nih.gov/20559014/;https://pubmed.ncbi.nlm.nih.gov/20971874/;https://pubmed.ncbi.nlm.nih.gov/21276627/;https://pubmed.ncbi.nlm.nih.gov/21282652/;https://pubmed.ncbi.nlm.nih.gov/21784546/;https://pubmed.ncbi.nlm.nih.gov/21837773/;https://pubmed.ncbi.nlm.nih.gov/21889358/;https://pubmed.ncbi.nlm.nih.gov/22247154/;https://pubmed.ncbi.nlm.nih.gov/22357649/;https://pubmed.ncbi.nlm.nih.gov/23351891/;https://pubmed.ncbi.nlm.nih.gov/23728791/;https://pubmed.ncbi.nlm.nih.gov/30284741/;https://pubmed.ncbi.nlm.nih.gov/33372378/;https://pubmed.ncbi.nlm.nih.gov/33961206/;https://pubmed.ncbi.nlm.nih.gov/34946146/;https://pubmed.ncbi.nlm.nih.gov/35094300/;https://pubmed.ncbi.nlm.nih.gov/36838294/;https://pubmed.ncbi.nlm.nih.gov/36914312/;https://pubmed.ncbi.nlm.nih.gov/37204589/","Lactobacillus acidophilus NCFM and Lactiplantibacillus plantarum Lp-115 inhibit Helicobacter pylori colonization and gastric inflammation in a murine model.; Prebiotic Galactooligosaccharide Metabolism by Probiotic Lactobacilli and Bifidobacteria.; Probiotics Attenuate Food Allergy via Short-Chain Fatty Acids-Mediated Immune Modulation and Gut Barrier Restoration.; Differential modulation of post-antibiotic colonization resistance to Clostridioides difficile by two probiotic Lactobacillus strains.; Characterization and purification of a bacteriocin produced by a potential probiotic culture, Lactobacillus acidophilus 30SC.; Functional analysis of putative adhesion factors in Lactobacillus acidophilus NCFM.; Characterization of a novel bile-inducible operon encoding a two-component regulatory system in Lactobacillus acidophilus.; Acid, bile, and heat tolerance of free and microencapsulated probiotic bacteria.; S layer protein A of Lactobacillus acidophilus NCFM regulates immature dendritic cell and T cell functions.; Differential crosstalk between epithelial cells, dendritic cells and bacteria in a co-culture model.; Antigen-presenting cells exposed to Lactobacillus acidophilus NCFM, Bifidobacterium bifidum BI-98, and BI-504 reduce regulatory T cell activity.; AI-2 signalling is induced by acidic shock in probiotic strains of Lactobacillus spp.; Porcine small intestinal epithelial cell line (IPEC-J2) of rotavirus infection as a new model for the study of innate immune responses to rotaviruses and probiotics.; Probiotic properties of non-conventional lactic acid bacteria: immunomodulation by Oenococcus oeni.; Lactobacillus acidophilus induces virus immune defence genes in murine dendritic cells by a Toll-like receptor-2-dependent mechanism.; Transcriptional analysis of genes associated with stress and adhesion in Lactobacillus acidophilus NCFM during the passage through an in vitro gastrointestinal tract model.; Promising immunomodulatory effects of selected strains of dairy propionibacteria as evidenced in vitro and in vivo.; Survivability of probiotics encapsulated in alginate gel microbeads using a novel impinging aerosols method.; Regulation of induced colonic inflammation by Lactobacillus acidophilus deficient in lipoteichoic acid.; The quorum sensing luxS gene is induced in Lactobacillus acidophilus NCFM in response to Listeria monocytogenes.; Anti-inflammatory properties of dairy lactobacilli.; Lactobacilli and bifidobacteria induce differential interferon-β profiles in dendritic cells.; Contribution of surface β-glucan polysaccharide to physicochemical and immunomodulatory properties of Propionibacterium freudenreichii.; Lactobacillus acidophilus induces cytokine and chemokine production via NF-κB and p38 mitogen-activated protein kinase signaling pathways in intestinal epithelial cells.; Inhibition of HIV and HSV infection by vaginal lactobacilli in vitro and in vivo.; Modulation of anti-inflammatory response in lipopolysaccharide stimulated human THP-1 cell line and mouse model at gene expression level with indigenous putative probiotic lactobacilli.; Probiotics alter the immune response of gingival epithelial cells challenged by Porphyromonas gingivalis.; Lactobacilli postbiotics reduce biofilm formation and alter transcription of virulence genes of Aggregatibacter actinomycetemcomitans.; Selection and Characterization of Probiotic Bacteria Exhibiting Antiadipogenic Potential in 3T3-L1 Preadipocytes.; Characterization of the Probiotic Potential of Lactic Acid Bacteria Isolated from Kimchi, Yogurt, and Baby Feces in Hong Kong and Their Performance in Soymilk Fermentation.; Probiotic activity traits in vitro and production of antimicrobial peptides by Lactobacillaceae isolates from pulque using Lactobacillus acidophilus NCFM as control.; In Vitro Screen of Lactobacilli Strains for Gastrointestinal and Vaginal Benefits.; Development of innovative fermented products by exploiting the diversity of immunomodulatory properties and fermentative activity of lactic and propionic acid bacteria.; Identification and Characterization of Probiotic Lactiplantibacillus plantarum BI-59.1 Isolated from tejuino and Its Capacity to Produce Biofilms.","2023;2017;2025;2025;2000;2005;2007;2007;2008;2009;2010;2009;2010;2010;2010;2010;2010;2011;2011;2011;2012;2011;2012;2012;2012;2013;2019;2021;2022;2021;2022;2023;2023;2023","37621875;28466641;41300111;40689613;11132841;16332821;17449631;18034741;19047644;19264370;19714743;19748697;20373994;20452078;20545783;20559014;20971874;21276627;21282652;21784546;21837773;21889358;22247154;22357649;23351891;23728791;30284741;33372378;33961206;34946146;35094300;36838294;36914312;37204589"
"Lacticaseibacillus rhamnosus","GCF_044283575.1","","","",""
"Limosilactobacillus reuteri","GCF_045037805.1","","","",""
"Lactiplantibacillus plantarum","GCF_045866315.1","","","",""
"Bifidobacterium longum subsp. longum","GCF_046097715.1","https://pubmed.ncbi.nlm.nih.gov/36973397/;https://pubmed.ncbi.nlm.nih.gov/38091982/;https://pubmed.ncbi.nlm.nih.gov/36216361/;https://pubmed.ncbi.nlm.nih.gov/28483500/;https://pubmed.ncbi.nlm.nih.gov/36615708/","Artificial-enzymes-armed Bifidobacterium longum probiotics for alleviating intestinal inflammation and microbiota dysbiosis.; Bifidobacterium longum promotes postoperative liver function recovery in patients with hepatocellular carcinoma.; Usefulness of Bifidobacterium longum BB536 in Elderly Individuals With Chronic Constipation: A Randomized Controlled Trial.; Probiotic Bifidobacterium longum NCC3001 Reduces Depression Scores and Alters Brain Activity: A Pilot Study in Patients With Irritable Bowel Syndrome.; Probiotic Bifidobacterium longum BB68S Improves Cognitive Functions in Healthy Older Adults: A Randomized, Double-Blind, Placebo-Controlled Trial.","2023;2024;2023;2017;2022","36973397;38091982;36216361;28483500;36615708"
"Limosilactobacillus reuteri","GCF_047456375.1","https://pubmed.ncbi.nlm.nih.gov/33371288/","Glyceraldehyde-3-Phosphate Dehydrogenase Increases the Adhesion of Lactobacillus reuteri to Host Mucin to Enhance Probiotic Effects.","2020","33371288"
"Lacticaseibacillus paracasei","GCF_049532865.1","https://pubmed.ncbi.nlm.nih.gov/37225736/;https://pubmed.ncbi.nlm.nih.gov/35525614/","Untargeted mass spectrometry-based metabolomics approach unveils biochemical changes in compound probiotic fermented milk during fermentation.; Inoculum size of co-fermentative culture affects the sensory quality and volatile metabolome of fermented milk over storage.","2023;2022","37225736;35525614"
"Lactiplantibacillus plantarum","GCF_051217015.1","","","",""
"Lactiplantibacillus plantarum","GCF_051391195.1","https://pubmed.ncbi.nlm.nih.gov/31984399/","Identification of the key physiological characteristics of Lactobacillus plantarum strains for ulcerative colitis alleviation.","2020","31984399"
"Lactiplantibacillus plantarum","GCF_052064905.1","https://pubmed.ncbi.nlm.nih.gov/36838294/;https://pubmed.ncbi.nlm.nih.gov/37311704/","In Vitro Screen of Lactobacilli Strains for Gastrointestinal and Vaginal Benefits.; Whole Genome Sequence of Lactiplantibacillus plantarum HOM3204 and Its Antioxidant Effect on D-Galactose-Induced Aging in Mice.","2023;2023","36838294;37311704"
"Propionibacterium freudenreichii","GCF_900000035.1","https://pubmed.ncbi.nlm.nih.gov/20971874/","Promising immunomodulatory effects of selected strains of dairy propionibacteria as evidenced in vitro and in vivo.","2010","20971874"
"Propionibacterium freudenreichii","GCF_900000085.1","","","",""
"Propionibacterium freudenreichii","GCF_900000125.1","https://pubmed.ncbi.nlm.nih.gov/36914312/","Development of innovative fermented products by exploiting the diversity of immunomodulatory properties and fermentative activity of lactic and propionic acid bacteria.","2023","36914312"
"Lactiplantibacillus plantarum","GCF_900078525.1","https://pubmed.ncbi.nlm.nih.gov/16503361/;https://pubmed.ncbi.nlm.nih.gov/17265871/;https://pubmed.ncbi.nlm.nih.gov/18175177/;https://pubmed.ncbi.nlm.nih.gov/25610566/;https://pubmed.ncbi.nlm.nih.gov/37422614/","Lactobacillus spp. with in vitro probiotic properties from human faeces and traditional fermented products.; Adhesive and chemokine stimulatory properties of potentially probiotic Lactobacillus strains.; Functional properties of Lactobacillus plantarum strains isolated from Maasai traditional fermented milk products in Kenya.; Investigation of antibacterial, acid and bile tolerance properties of lactobacilli isolated from Koozeh cheese.; The in vitro effects of probiotic bacteria on genital pathogens of female dogs.","2006;2007;2008;2012;2023","16503361;17265871;18175177;25610566;37422614"
"Lactiplantibacillus pentosus MP-10","GCF_900092635.1","https://pubmed.ncbi.nlm.nih.gov/36891165/;https://pubmed.ncbi.nlm.nih.gov/37722330/;https://pubmed.ncbi.nlm.nih.gov/36411410/;https://pubmed.ncbi.nlm.nih.gov/39809508/;https://pubmed.ncbi.nlm.nih.gov/27774088/","Lactiplantibacillus pentosus P2020 protects the hyperuricemia and renal inflammation in mice.; Chemical changes of potential probiotic Lactiplantibacillus plantarum and Lactobacillus pentosus starter cultures in natural Gemlik type black olive fermentation.; Anti-Helicobacter pylori activity of potential probiotic Lactiplantibacillus pentosus SLC13.; Cholesterol-Lowering Activity of Lactiplantibacillus pentosus KS6I1 in High-Cholesterol Diet-Induced Hypercholesterolemic Mice.; Fermented Aloreña Table Olives as a Source of Potential Probiotic Lactobacillus pentosus Strains.","2023;2024;2022;2024;2016","36891165;37722330;36411410;39809508;27774088"
"Lactiplantibacillus plantarum","GCF_900095045.1","https://pubmed.ncbi.nlm.nih.gov/21569949/","Characterization and probiotic potential of Lactobacillus plantarum strains isolated from cheeses.","2011","21569949"
"Lactiplantibacillus plantarum","GCF_900095055.1","https://pubmed.ncbi.nlm.nih.gov/21569949/","Characterization and probiotic potential of Lactobacillus plantarum strains isolated from cheeses.","2011","21569949"
"Lactiplantibacillus plantarum","GCF_900095065.1","https://pubmed.ncbi.nlm.nih.gov/21569949/","Characterization and probiotic potential of Lactobacillus plantarum strains isolated from cheeses.","2011","21569949"
"Bacteroides ovatus V975","GCF_900095495.1","https://pubmed.ncbi.nlm.nih.gov/39840614/;https://pubmed.ncbi.nlm.nih.gov/40302032/;https://pubmed.ncbi.nlm.nih.gov/40682914/;https://pubmed.ncbi.nlm.nih.gov/40742521/;https://pubmed.ncbi.nlm.nih.gov/39762302/;https://pubmed.ncbi.nlm.nih.gov/15948242/","The Metabolite Indole-3-Acetic Acid of Bacteroides Ovatus Improves Atherosclerosis by Restoring the Polarisation Balance of M1/M2 Macrophages and Inhibiting Inflammation.; Bifidobacterium breve synergizes with Akkermansia muciniphila and Bacteroides ovatus to antagonize Clostridioides difficile.; Nanozyme-synbiotics to improve iron-deficiency anemia.; Bacteroides ovatus Has the Potential to Be a Next-Generation Probiotic Strain.; Cell free supernatants of Bifidobacterium adolescentis and Bifidobacterium longum suppress the tumor growth in colorectal cancer organoid model.; Different cytokine response of primary colonic epithelial cells to commensal bacteria.","2025;2025;2025;2026;2025;2005","39840614;40302032;40682914;40742521;39762302;15948242"
"Limosilactobacillus fermentum","GCF_900163585.1","https://pubmed.ncbi.nlm.nih.gov/33764849/;https://pubmed.ncbi.nlm.nih.gov/40028723/;https://pubmed.ncbi.nlm.nih.gov/41254951/;https://pubmed.ncbi.nlm.nih.gov/39242568/;https://pubmed.ncbi.nlm.nih.gov/33801082/;https://pubmed.ncbi.nlm.nih.gov/32097827/","Limosilactobacillus fermentum JL-3 isolated from ""Jiangshui"" ameliorates hyperuricemia by degrading uric acid.; Extracellular vesicles of Limosilactobacillus fermentum SLAM216 ameliorate skin symptoms of atopic dermatitis by regulating gut microbiome on serotonin metabolism.; The probiotic Limosilactobacillus fermentum CECT5716 enhances the antihypertensive response to hydrochlorothiazide in spontaneously hypertensive rats.; A probiotic Limosilactobacillus fermentum GR-3 mitigates colitis-associated tumorigenesis in mice via modulating gut microbiome.; Limosilactobacillus fermentum CECT5716: Mechanisms and Therapeutic Insights.; Characterization of lactic acid bacteria isolated from a traditional Ivoirian beer process to develop starter cultures for safe sorghum-based beverages.","2021;2025;2025;2024;2021;2020","33764849;40028723;41254951;39242568;33801082;32097827"
"Limosilactobacillus fermentum","GCF_900163595.1","https://pubmed.ncbi.nlm.nih.gov/33764849/;https://pubmed.ncbi.nlm.nih.gov/40028723/;https://pubmed.ncbi.nlm.nih.gov/41254951/;https://pubmed.ncbi.nlm.nih.gov/39242568/;https://pubmed.ncbi.nlm.nih.gov/33801082/;https://pubmed.ncbi.nlm.nih.gov/32131607/","Limosilactobacillus fermentum JL-3 isolated from ""Jiangshui"" ameliorates hyperuricemia by degrading uric acid.; Extracellular vesicles of Limosilactobacillus fermentum SLAM216 ameliorate skin symptoms of atopic dermatitis by regulating gut microbiome on serotonin metabolism.; The probiotic Limosilactobacillus fermentum CECT5716 enhances the antihypertensive response to hydrochlorothiazide in spontaneously hypertensive rats.; A probiotic Limosilactobacillus fermentum GR-3 mitigates colitis-associated tumorigenesis in mice via modulating gut microbiome.; Limosilactobacillus fermentum CECT5716: Mechanisms and Therapeutic Insights.; Lactobacillus plantarum S27 from chicken faeces as a potential probiotic to replace antibiotics: in vivo evidence.","2021;2025;2025;2024;2021;2020","33764849;40028723;41254951;39242568;33801082;32131607"
"Weissella confusa","GCF_900166935.1","https://pubmed.ncbi.nlm.nih.gov/37987480/;https://pubmed.ncbi.nlm.nih.gov/32097827/","The Controversial Nature of Some Non-Starter Lactic Acid Bacteria Actively Participating in Cheese Ripening.; Characterization of lactic acid bacteria isolated from a traditional Ivoirian beer process to develop starter cultures for safe sorghum-based beverages.","2023;2020","37987480;32097827"
"Enterococcus faecium","GCF_900166945.1","https://pubmed.ncbi.nlm.nih.gov/32097827/","Characterization of lactic acid bacteria isolated from a traditional Ivoirian beer process to develop starter cultures for safe sorghum-based beverages.","2020","32097827"
"Lacticaseibacillus casei","GCF_900185125.1","https://pubmed.ncbi.nlm.nih.gov/36468246/","Development of a live biotherapeutic throat spray with lactobacilli targeting respiratory viral infections.","2023","36468246"
"Pseudomonas aeruginosa","GCF_900497025.1","https://pubmed.ncbi.nlm.nih.gov/34946156/","Isolation and Identification of Bacteria with Surface and Antibacterial Activity from the Gut of Mediterranean Grey Mullets.","2021","34946156"
"Lactiplantibacillus plantarum","GCF_901830435.1","","","",""
"Latilactobacillus sakei","GCF_901830485.1","","","",""
"Streptococcus salivarius","GCF_905071825.1","https://pubmed.ncbi.nlm.nih.gov/36681674/","Antimicrobial potential of known and novel probiotics on in vitro periodontitis biofilms.","2023","36681674"
"Streptococcus salivarius","GCF_905071855.1","https://pubmed.ncbi.nlm.nih.gov/36681674/","Antimicrobial potential of known and novel probiotics on in vitro periodontitis biofilms.","2023","36681674"
"Streptococcus salivarius","GCF_905071895.1","https://pubmed.ncbi.nlm.nih.gov/36681674/","Antimicrobial potential of known and novel probiotics on in vitro periodontitis biofilms.","2023","36681674"
"Streptococcus salivarius","GCF_905071905.1","https://pubmed.ncbi.nlm.nih.gov/36681674/","Antimicrobial potential of known and novel probiotics on in vitro periodontitis biofilms.","2023","36681674"
